{
    "mh1": 519.8793316766616,
    "mh2": 547.7446414395342,
    "mhz": 585.6653371513089
}