{
    "mh1": 525.7924103281052,
    "mh2": 511.45667241035824,
    "mhz": 497.17692146377266
}