{
    "mh1": 516.0036952719738,
    "mh2": 534.8942330876725,
    "mhz": 457.519671887694
}