{
    "mh1": 506.78185504662525,
    "mh2": 502.50892304680536,
    "mhz": 491.0303085918041
}