{
    "mh1": 506.55269551985526,
    "mh2": 504.270650580951,
    "mhz": 491.59968726115096
}