{
    "mh1": 525.8907488386,
    "mh2": 496.06070402612863,
    "mhz": 497.80695318906385
}