{
    "mh1": 522.3006514242368,
    "mh2": 524.2371546476081,
    "mhz": 514.9958313742832
}