{
    "mh1": 513.875739998279,
    "mh2": 535.1460577866989,
    "mhz": 478.1733989144349
}