{
    "mh1": 526.7585561722543,
    "mh2": 492.5241474727055,
    "mhz": 495.14352484914525
}