{
    "mh1": 508.7512719489516,
    "mh2": 508.0482064803304,
    "mhz": 485.90158272660057
}