{
    "mh1": 518.3074664319425,
    "mh2": 526.3733563856408,
    "mhz": 553.0970937496719
}