{
    "mh1": 528.2248787576445,
    "mh2": 487.95626993760845,
    "mhz": 491.1354719682891
}