{
    "mh1": 527.3584701646237,
    "mh2": 489.7554236954102,
    "mhz": 492.7347041319262
}