{
    "mh1": 519.0867365469089,
    "mh2": 549.0290187646245,
    "mhz": 520.7847952371058
}