{
    "mh1": 507.26523672783304,
    "mh2": 505.8197173973946,
    "mhz": 489.64041819655796
}