{
    "mh1": 515.3834425670059,
    "mh2": 536.9194366128165,
    "mhz": 448.820554732058
}