{
    "mh1": 524.1731210242413,
    "mh2": 529.2751299485111,
    "mhz": 523.026254195836
}