{
    "mh1": 516.7080405304985,
    "mh2": 535.3276914199787,
    "mhz": 564.4493231547181
}