{
    "mh1": 522.6152130608385,
    "mh2": 528.0712521305239,
    "mhz": 518.5399707814893
}