{
    "mh1": 523.6216722206348,
    "mh2": 528.664023097919,
    "mhz": 527.3450806812107
}