{
    "mh1": 528.9948136489196,
    "mh2": 497.94272198102476,
    "mhz": 497.1991800663939
}