{
    "mh1": 523.5557156254791,
    "mh2": 512.2933859910315,
    "mhz": 512.6386851292511
}