{
    "mh1": 509.3838036784374,
    "mh2": 507.3620876272627,
    "mhz": 485.0318953272578
}