{
    "mh1": 527.4261454678838,
    "mh2": 551.5872320323765
}