{
    "mh1": 523.4752340289053,
    "mh2": 557.4005066009615
}