{
    "mh1": 522.6645783731922,
    "mh2": 547.7871965603767
}