{
    "mh1": 512.9192384921187,
    "mh2": 490.9089096470141,
    "mhz": 508.9535814783464
}