{
    "mh1": 524.9279891065933,
    "mh2": 570.246700626973
}