{
    "mh1": 533.6996640455346,
    "mh2": 524.6490217556511,
    "mhz": 554.0060708021495
}