{
    "mh1": 512.2751266899297,
    "mh2": 516.036151233361,
    "mhz": 585.8058716156149
}