{
    "mh1": 505.92488660989426,
    "mh2": 503.4956527070942,
    "mhz": 490.6513915118304
}