{
    "mh1": 511.96400467655775,
    "mh2": 494.1026786153631
}