{
    "mh1": 516.2557088098083,
    "mh2": 512.9632669824202,
    "mhz": 547.2279505888378
}