{
    "mh1": 533.1023188066216,
    "mh2": 524.4311041555558,
    "mhz": 554.7265680598565
}