{
    "mh1": 503.14850196459366,
    "mh2": 487.0348244363372
}