{
    "mh1": 527.8257200289574,
    "mh2": 487.39515804525433,
    "mhz": 490.86798831640556
}