{
    "mh1": 512.9766192843638,
    "mh2": 517.9760207127265,
    "mhz": 578.1356340471568
}