{
    "mh1": 517.0231932233821,
    "mh2": 538.3279075053579
}