{
    "mh1": 518.9198498402051,
    "mh2": 524.1183409209774,
    "mhz": 519.7665335163273
}