{
    "mh1": 511.7551885725366,
    "mh2": 517.3548446518482,
    "mhz": 420.6896343335434
}