{
    "mh1": 511.26934652520663,
    "mh2": 513.2308244366961,
    "mhz": 466.0317548226509
}