{
    "mh1": 524.4634527891619,
    "mh2": 528.6336048957736,
    "mhz": 522.2360145343278
}