{
    "mh1": 520.8163656300932,
    "mh2": 524.8811041126997,
    "mhz": 522.495194786847
}