{
    "mh1": 510.0674770646237,
    "mh2": 518.3981240082611,
    "mhz": 602.6697967993836
}