{
    "mh1": 508.4882821719017,
    "mh2": 511.0319639564823,
    "mhz": 479.64737509870554
}