{
    "mh1": 513.6078547999125,
    "mh2": 512.2655687171871,
    "mhz": 553.1765560960762
}