{
    "mh1": 527.73825229963,
    "mh2": 536.3146530685642,
    "mhz": 491.31706350371394
}