{
    "mh1": 507.3367280208418,
    "mh2": 519.2443226505432,
    "mhz": 533.2075230599834
}