{
    "mh1": 549.2440594348435,
    "mh2": 512.1031721043314,
    "mhz": 521.3566719073852
}