{
    "mh1": 512.003322357843,
    "mh2": 492.65382108109145
}