{
    "mh1": 508.27080680558873,
    "mh2": 529.2006445275999,
    "mhz": 465.588000234676
}