{
    "mh1": 511.06329609242437,
    "mh2": 499.19478500425515,
    "mhz": 509.4985400947535
}