{
    "mh1": 504.63428906099756,
    "mh2": 522.757159291169,
    "mhz": 496.2960029091367
}