{
    "mh1": 509.4249707716972,
    "mh2": 506.36046485171477,
    "mhz": 489.83824757117577
}