{
    "mh1": 515.3353106730783,
    "mh2": 527.358955621447,
    "mhz": 510.1310735077125
}