{
    "mh1": 520.9470368299671,
    "mh2": 519.3858592247174,
    "mhz": 512.172969809211
}