{
    "mh1": 520.5927656407338,
    "mh2": 511.89742709639455,
    "mhz": 517.9368697747564
}