{
    "mh1": 511.54897317551,
    "mh2": 524.9575651657215,
    "mhz": 454.6276836671571
}