{
    "mh1": 512.1607319945729,
    "mh2": 515.4664769855088,
    "mhz": 578.1390170184086
}