{
    "mh1": 513.0117310568622,
    "mh2": 526.4745020861213,
    "mhz": 454.3920054714872
}