{
    "mh1": 517.3064581626722,
    "mh2": 538.218424765192,
    "mhz": 583.7219798992512
}