{
    "mh1": 524.7659240060535,
    "mh2": 526.2884849299181,
    "mhz": 521.7912090632005
}