{
    "mh1": 516.288833559469,
    "mh2": 524.4636959224244,
    "mhz": 516.9566066535998
}