{
    "mh1": 526.1434083282597,
    "mh2": 495.45168278420437,
    "mhz": 496.99784076911095
}