{
    "mh1": 523.3452321574516,
    "mh2": 527.7764636496166,
    "mhz": 521.8503620062338
}