{
    "mh1": 527.2019255635156,
    "mh2": 493.0797064476673,
    "mhz": 494.9933286737725
}