{
    "mh1": 524.1960961861802,
    "mh2": 526.325880209317,
    "mhz": 522.0030331255081
}