{
    "mh1": 516.6545885035296,
    "mh2": 518.2545100584036,
    "mhz": 517.3633193961163
}