{
    "mh1": 520.0781566243581,
    "mh2": 552.2891929304511,
    "mhz": 439.86413551667306
}