{
    "mh1": 521.2250868919181,
    "mh2": 517.7772181665482,
    "mhz": 509.8026647647399
}