{
    "mh1": 517.3897726536352,
    "mh2": 521.5257886330361,
    "mhz": 548.9388377009014
}