{
    "mh1": 516.0296332491894,
    "mh2": 512.8094749731538,
    "mhz": 476.1746007833685
}