{
    "mh1": 514.2598046678811,
    "mh2": 494.8220269771623
}