{
    "mh1": 528.2674975963517,
    "mh2": 492.7604599561129,
    "mhz": 494.03346164353815
}