{
    "mh1": 517.7311199781973,
    "mh2": 516.194323609466,
    "mhz": 475.4400076169712
}