{
    "mh1": 537.448979091514,
    "mh2": 501.69665534269603,
    "mhz": 525.4384800204541
}