{
    "mh1": 514.3684319982664,
    "mh2": 520.1865041568287,
    "mhz": 551.0864292891782
}