{
    "mh1": 515.316448612125,
    "mh2": 513.6343720929362,
    "mhz": 475.5714593210536
}