{
    "mh1": 519.3251539535543,
    "mh2": 524.2090794837034,
    "mhz": 495.2786893354497
}