{
    "mh1": 519.8283931275328,
    "mh2": 546.5235717024036,
    "mhz": 585.0836946722567
}