{
    "mh1": 522.6902367494748,
    "mh2": 526.1074612570761,
    "mhz": 516.0535800423648
}