{
    "mh1": 522.391538976364,
    "mh2": 545.1825235899419
}