{
    "mh1": 522.6947899677305,
    "mh2": 527.1497910527163,
    "mhz": 519.7030243212689
}