{
    "mh1": 519.3691064698602,
    "mh2": 513.9263624159197,
    "mhz": 555.7316813961293
}