{
    "mh1": 517.299193253876,
    "mh2": 514.4560691389261,
    "mhz": 548.1623862925519
}