{
    "mh1": 517.0419537090925,
    "mh2": 504.04049961946544,
    "mhz": 492.247998395493
}