{
    "mh1": 517.837549723038,
    "mh2": 520.1601059528789,
    "mhz": 532.6061916799881
}