{
    "mh1": 526.6127498269824,
    "mh2": 494.89659312543256,
    "mhz": 496.5504984306077
}