{
    "mh1": 525.7807003730377,
    "mh2": 496.1903401286746,
    "mhz": 497.15132655257304
}