{
    "mh1": 524.3694767670586,
    "mh2": 528.473956976425,
    "mhz": 520.9627947152339
}