{
    "mh1": 523.8948075240671,
    "mh2": 566.5749807548315
}