{
    "mh1": 519.4763547559105,
    "mh2": 521.6640836401884,
    "mhz": 516.2323566610455
}