{
    "mh1": 512.4209511807043,
    "mh2": 490.0529733989855,
    "mhz": 509.9961486129802
}