{
    "mh1": 508.6849828792106,
    "mh2": 512.7098075170309,
    "mhz": 511.6649854908523
}