{
    "mh1": 509.0964512764608,
    "mh2": 510.7160344791441,
    "mhz": 478.3734973436547
}