{
    "mh1": 521.5761019259674,
    "mh2": 538.4014534863393
}