{
    "mh1": 513.5373314895008,
    "mh2": 518.1341039775241,
    "mhz": 431.974383897151
}