{
    "mh1": 506.2412958334888,
    "mh2": 502.9763530903801,
    "mhz": 489.4296672759148
}