{
    "mh1": 521.769465979329,
    "mh2": 526.5334747794748,
    "mhz": 515.3381552985294
}