{
    "mh1": 512.344725921912,
    "mh2": 512.4384091868976,
    "mhz": 450.66895702547964
}