{
    "mh1": 514.2329227982045,
    "mh2": 510.4367383986712,
    "mhz": 544.9041132135101
}