{
    "mh1": 506.67379743969593,
    "mh2": 504.6475835635975,
    "mhz": 492.2170599571086
}