{
    "mh1": 525.9754543718032,
    "mh2": 528.8610053838372,
    "mhz": 496.6288548203383
}