{
    "mh1": 514.7509238560552,
    "mh2": 535.5866423211991,
    "mhz": 578.234368353892
}