{
    "mh1": 517.6651816504511,
    "mh2": 538.6839289715438,
    "mhz": 488.5359200935463
}