{
    "mh1": 519.9204350082092,
    "mh2": 512.5432396116896,
    "mhz": 516.3337302301809
}