{
    "mh1": 518.2755472066308,
    "mh2": 513.5633866920133,
    "mhz": 474.32729009552537
}