{
    "mh1": 501.6771205161471,
    "mh2": 564.6737910719921
}