{
    "mh1": 522.5146607273344,
    "mh2": 525.8890738283766,
    "mhz": 517.0546372158252
}