{
    "mh1": 514.9914564295395,
    "mh2": 512.8210561110363,
    "mhz": 475.3806239145681
}