{
    "mh1": 518.5173374926995,
    "mh2": 522.4144947252644,
    "mhz": 531.9472540231834
}