{
    "mh1": 507.8561651973066,
    "mh2": 505.77207407265047,
    "mhz": 489.43234082403546
}