{
    "mh1": 508.9017271978816,
    "mh2": 540.0462526068821,
    "mhz": 578.9321349827851
}