{
    "mh1": 516.375931285526,
    "mh2": 516.3488333400372,
    "mhz": 515.2836722529593
}