{
    "mh1": 513.3625676950492,
    "mh2": 532.5740260330139,
    "mhz": 554.139784251212
}