{
    "mh1": 517.7086025660979,
    "mh2": 519.1954669613847,
    "mhz": 491.1755263710129
}