{
    "mh1": 512.855499655627,
    "mh2": 500.6077950819242,
    "mhz": 510.63215581800256
}