{
    "mh1": 532.4239681390297,
    "mh2": 528.7062726037586,
    "mhz": 529.9904544346333
}