{
    "mh1": 524.6724228006507,
    "mh2": 527.6783425968475,
    "mhz": 520.6531036941001
}