{
    "mh1": 518.9491715578434,
    "mh2": 545.0974265060918,
    "mhz": 583.2632136160291
}