{
    "mh1": 509.3148263759555,
    "mh2": 507.0680717266079,
    "mhz": 487.6520873882334
}