{
    "mh1": 513.0305800459173,
    "mh2": 515.4479575077751,
    "mhz": 434.8188558859345
}