{
    "mh1": 521.7230152816334,
    "mh2": 515.0686842891491,
    "mhz": 516.4162380759299
}