{
    "mh1": 500.71083879131606,
    "mh2": 569.8765834599751
}