{
    "mh1": 506.2272699925953,
    "mh2": 540.5048743182549,
    "mhz": 456.5234893272401
}