{
    "mh1": 512.0459005028081,
    "mh2": 517.1570507657939,
    "mhz": 443.5133270425608
}