{
    "mh1": 511.96682781797966,
    "mh2": 494.08815426997245
}