{
    "mh1": 516.762450668162,
    "mh2": 521.9674037240795,
    "mhz": 491.5516146323745
}