{
    "mh1": 517.7491517553545,
    "mh2": 519.1222134878703,
    "mhz": 491.3803242006044
}