{
    "mh1": 517.7094936731226,
    "mh2": 521.3734121080844,
    "mhz": 517.7365752216924
}