{
    "mh1": 512.5091762757058,
    "mh2": 517.3295578845838,
    "mhz": 515.2756758834712
}