{
    "mh1": 522.129615151347,
    "mh2": 545.3829464049294
}