{
    "mh1": 524.3890589677196,
    "mh2": 527.0560932795764,
    "mhz": 520.2634551198779
}