{
    "mh1": 517.8249997562996,
    "mh2": 553.0424258848393,
    "mhz": 485.9155601477741
}