{
    "mh1": 511.8110875095939,
    "mh2": 490.2307366213367
}