{
    "mh1": 511.48093829321664,
    "mh2": 522.0831079531629
}