{
    "mh1": 510.8726492064186,
    "mh2": 499.02008318000884,
    "mhz": 509.6938620961042
}