{
    "mh1": 512.7173495613645,
    "mh2": 517.2807629071683,
    "mhz": 553.6955731773577
}