{
    "mh1": 520.2540633060346,
    "mh2": 519.3401877557036,
    "mhz": 515.8133501642681
}