{
    "mh1": 511.44870716562656,
    "mh2": 499.30692842504317,
    "mhz": 515.0529583350103
}