{
    "mh1": 528.0058734712085,
    "mh2": 512.3650088279538,
    "mhz": 526.6138149852088
}