{
    "mh1": 513.6830646725145,
    "mh2": 518.0850601058338,
    "mhz": 603.7902531232039
}