{
    "mh1": 524.3465038364424,
    "mh2": 529.9916556358556,
    "mhz": 523.5072164732132
}