{
    "mh1": 522.9760796819711,
    "mh2": 527.7464518744517,
    "mhz": 519.237032480831
}