{
    "mh1": 518.6160231514723,
    "mh2": 522.1704049572352,
    "mhz": 530.3739921094443
}