{
    "mh1": 520.4040264071614,
    "mh2": 525.0034053927793,
    "mhz": 520.0608581113121
}