{
    "mh1": 523.2479937799753,
    "mh2": 570.851589704703
}