{
    "mh1": 514.5921890397747,
    "mh2": 494.0509684352149
}