{
    "mh1": 508.63166188561104,
    "mh2": 505.06791603045434,
    "mhz": 488.5779682040531
}