{
    "mh1": 506.4437788454462,
    "mh2": 504.5006370953498,
    "mhz": 492.78517691486053
}