{
    "mh1": 518.951221032979,
    "mh2": 550.3850703618124,
    "mhz": 445.8553260019489
}