{
    "mh1": 513.2778831922221,
    "mh2": 517.8189850042702,
    "mhz": 572.3356129792517
}