{
    "mh1": 524.9095612459083,
    "mh2": 493.8892068827306,
    "mhz": 498.1557152550954
}