{
    "mh1": 521.5271699208776,
    "mh2": 526.4995295294596,
    "mhz": 520.6090816396132
}