{
    "mh1": 506.269938131306,
    "mh2": 504.2859489809153,
    "mhz": 492.54770130714775
}