{
    "mh1": 523.0123063966004,
    "mh2": 526.1233773835796,
    "mhz": 518.2083630378261
}