{
    "mh1": 521.2747180533936,
    "mh2": 520.3598640180037,
    "mhz": 512.5638553066997
}