{
    "mh1": 527.0848770227731,
    "mh2": 483.6503873913891,
    "mhz": 487.8465972235634
}