{
    "mh1": 512.8258143696011,
    "mh2": 492.987291154931
}