{
    "mh1": 527.1304282225466,
    "mh2": 535.3760982764429,
    "mhz": 491.7723865933079
}