{
    "mh1": 517.9692819155913,
    "mh2": 518.2933042568893,
    "mhz": 532.3388822434874
}