{
    "mh1": 512.0544792778571,
    "mh2": 515.5372092193945,
    "mhz": 450.49522878986704
}