{
    "mh1": 522.751899871361,
    "mh2": 522.472073366402,
    "mhz": 513.6192837417416
}