{
    "mh1": 531.1620661315557,
    "mh2": 545.5052493761636,
    "mhz": 580.6531139798267
}