{
    "mh1": 515.4279603663974,
    "mh2": 522.3508231928058,
    "mhz": 568.1976581107501
}