{
    "mh1": 521.0631817689007,
    "mh2": 553.8598150942802,
    "mhz": 589.9696867956136
}