{
    "mh1": 511.98730655237665,
    "mh2": 492.6687239286864
}