{
    "mh1": 525.6333756544574,
    "mh2": 496.9157163961842,
    "mhz": 497.6132186388732
}