{
    "mh1": 524.2769377057089,
    "mh2": 527.1417626865045,
    "mhz": 520.5428301250287
}