{
    "mh1": 508.6457211865367,
    "mh2": 525.6050039397614,
    "mhz": 460.02116598851933
}