{
    "mh1": 515.9874879735384,
    "mh2": 492.38193133221273,
    "mhz": 556.3476581775085
}