{
    "mh1": 513.6936929033978,
    "mh2": 513.7288201608488,
    "mhz": 513.2675240142112
}