{
    "mh1": 514.1251334562324,
    "mh2": 514.4525749993011,
    "mhz": 554.9510820279397
}