{
    "mh1": 506.70314210660706,
    "mh2": 502.767307134089,
    "mhz": 491.65574524413637
}