{
    "mh1": 511.7822643721402,
    "mh2": 497.93579628667266
}