{
    "mh1": 508.47473336519124,
    "mh2": 507.43688516555454,
    "mhz": 485.0433631137842
}