{
    "mh1": 512.895185497722,
    "mh2": 490.81781610909457,
    "mhz": 508.9748460994612
}