{
    "mh1": 512.728107893693,
    "mh2": 519.9880105350746,
    "mhz": 605.4398360511238
}