{
    "mh1": 525.9615642348626,
    "mh2": 544.3969924417383,
    "mhz": 566.652224953419
}