{
    "mh1": 527.0763258228578,
    "mh2": 490.99932292692534,
    "mhz": 493.78527486519664
}