{
    "mh1": 507.52424227555656,
    "mh2": 502.7353352469272,
    "mhz": 499.66989569898504
}