{
    "mh1": 547.5291029892202,
    "mh2": 519.5199125330798,
    "mhz": 524.2856366242484
}