{
    "mh1": 508.1892097317547,
    "mh2": 532.4761398027581
}