{
    "mh1": 523.3652566297634,
    "mh2": 526.5834125830364,
    "mhz": 517.4738317773438
}