{
    "mh1": 510.977857421605,
    "mh2": 495.43266040403756
}