{
    "mh1": 515.2674428764145,
    "mh2": 513.4460330579957,
    "mhz": 475.2273501704624
}