{
    "mh1": 527.9042618641461,
    "mh2": 492.9763398724796,
    "mhz": 494.8987475181073
}