{
    "mh1": 515.7248198202133,
    "mh2": 537.5697554344503,
    "mhz": 449.457988339364
}