{
    "mh1": 518.5810962803895,
    "mh2": 520.7350700417793,
    "mhz": 514.6956535713543
}