{
    "mh1": 517.8455889209699,
    "mh2": 539.1360686052506,
    "mhz": 583.1253334177875
}