{
    "mh1": 514.5995236301285,
    "mh2": 524.1604256045799,
    "mhz": 552.7027709759589
}