{
    "mh1": 515.0958879037566,
    "mh2": 550.3128583850867,
    "mhz": 511.24572279790925
}