{
    "mh1": 523.5772538122054,
    "mh2": 529.9477465937289,
    "mhz": 521.4633575697125
}