{
    "mh1": 512.0138299917845,
    "mh2": 517.5875574868858,
    "mhz": 603.999486091252
}