{
    "mh1": 512.8149537091292,
    "mh2": 518.2016578306173,
    "mhz": 608.7448457530264
}