{
    "mh1": 502.0534750628078,
    "mh2": 495.14929730709946,
    "mhz": 520.5598056479489
}