{
    "mh1": 512.6410669732223,
    "mh2": 512.4556471465601,
    "mhz": 563.8886502001608
}