{
    "mh1": 509.6308128479761,
    "mh2": 511.5626631092009,
    "mhz": 475.92465939478814
}