{
    "mh1": 516.0543468660239,
    "mh2": 535.6624216986231,
    "mhz": 451.31281652696936
}