{
    "mh1": 515.0101371667479,
    "mh2": 512.1340743088195,
    "mhz": 475.99502876975413
}