{
    "mh1": 513.031222361664,
    "mh2": 518.402493550259,
    "mhz": 602.6035363334138
}