{
    "mh1": 527.6333629963788,
    "mh2": 519.9593424447045,
    "mhz": 511.9143705990569
}