{
    "mh1": 518.3236381953446,
    "mh2": 504.3816758763872,
    "mhz": 492.48693591705035
}