{
    "mh1": 506.94774592876416,
    "mh2": 505.40477690650033,
    "mhz": 490.38849776651375
}