{
    "mh1": 524.9128447370406,
    "mh2": 563.6552438054856
}