{
    "mh1": 505.546828085612,
    "mh2": 502.31702687176414,
    "mhz": 493.17997116921674
}