{
    "mh1": 524.1811215176365,
    "mh2": 528.4122126015625,
    "mhz": 523.2448277496256
}