{
    "mh1": 519.7855886199043,
    "mh2": 518.8259054241419,
    "mhz": 523.9381092837825
}