{
    "mh1": 519.8435412065639,
    "mh2": 552.8981477749289
}