{
    "mh1": 521.0001306304224,
    "mh2": 530.1836299905134
}