{
    "mh1": 506.25899108193806,
    "mh2": 504.5319323382667,
    "mhz": 492.663359101573
}