{
    "mh1": 512.1088220196393,
    "mh2": 493.1973236119594
}