{
    "mh1": 510.12466638916777,
    "mh2": 518.8270785310281,
    "mhz": 514.9953827749523
}