{
    "mh1": 518.1712613946025,
    "mh2": 523.2151008495191,
    "mhz": 519.072124999012
}