{
    "mh1": 512.5835822476433,
    "mh2": 541.9779236603961
}