{
    "mh1": 519.2327007334318,
    "mh2": 522.931007329481,
    "mhz": 529.1517422192558
}