{
    "mh1": 515.8511019175645,
    "mh2": 520.8679473740267,
    "mhz": 552.891929564938
}