{
    "mh1": 515.0796466525067,
    "mh2": 532.9722649449271,
    "mhz": 569.8787191720069
}