{
    "mh1": 521.5642170089617,
    "mh2": 516.7363158952492,
    "mhz": 513.9120991658701
}