{
    "mh1": 519.1680420577507,
    "mh2": 525.1273060632515,
    "mhz": 520.4025612764394
}