{
    "mh1": 506.9378667824834,
    "mh2": 519.9804398603831,
    "mhz": 492.35354797932985
}