{
    "mh1": 510.80683576476093,
    "mh2": 516.3027929614111,
    "mhz": 436.5729077493783
}