{
    "mh1": 512.0557176144771,
    "mh2": 515.9997645405026,
    "mhz": 548.283232932256
}