{
    "mh1": 524.6745546069191,
    "mh2": 527.6376935740296,
    "mhz": 520.2962711637367
}