{
    "mh1": 506.7030423674462,
    "mh2": 504.31016312573576,
    "mhz": 491.73130163334804
}