{
    "mh1": 531.9335186807967,
    "mh2": 476.0194426115134,
    "mhz": 483.1670438760736
}