{
    "mh1": 515.1935365245347,
    "mh2": 538.4218978261542
}