{
    "mh1": 512.0987558637569,
    "mh2": 515.4696370989425,
    "mhz": 580.1392650548798
}