{
    "mh1": 510.85813696638405,
    "mh2": 497.3577752224638
}