{
    "mh1": 506.0745225461963,
    "mh2": 519.8768314599613,
    "mhz": 492.5757384611939
}