{
    "mh1": 515.2761294902889,
    "mh2": 520.5371583160936,
    "mhz": 552.0019426337287
}