{
    "mh1": 530.4434226763759,
    "mh2": 512.7696225719225,
    "mhz": 517.64060981493
}