{
    "mh1": 515.4473190310835,
    "mh2": 539.2807019393658,
    "mhz": 577.1737788001427
}