{
    "mh1": 512.844480085351,
    "mh2": 523.520923042369,
    "mhz": 537.9287739540237
}