{
    "mh1": 501.2246710392309,
    "mh2": 542.724105958983
}