{
    "mh1": 505.8100000175138,
    "mh2": 503.7013601129282,
    "mhz": 491.2248284534364
}