{
    "mh1": 519.4654306149046,
    "mh2": 523.8923946919723,
    "mhz": 519.427329821895
}