{
    "mh1": 537.54638616372,
    "mh2": 521.7978871305932,
    "mhz": 526.0582170100695
}