{
    "mh1": 511.9780358002841,
    "mh2": 515.7941478877532,
    "mhz": 441.45580418102605
}