{
    "mh1": 516.6866235694786,
    "mh2": 536.2238603442664,
    "mhz": 574.0695089115814
}