{
    "mh1": 510.69123586357614,
    "mh2": 562.782861624826
}