{
    "mh1": 508.98405906330385,
    "mh2": 522.5001389799397,
    "mhz": 490.63474484863633
}