{
    "mh1": 515.0215954318627,
    "mh2": 512.2978331061995,
    "mhz": 476.854957499798
}