{
    "mh1": 518.8817460844233,
    "mh2": 523.8443333440965,
    "mhz": 518.8888147426618
}