{
    "mh1": 519.5531127458697,
    "mh2": 522.0569170817708,
    "mhz": 518.562030824769
}