{
    "mh1": 516.3878892466555,
    "mh2": 515.0165834512729,
    "mhz": 477.7824216564687
}