{
    "mh1": 521.1591174373741,
    "mh2": 560.0080615110085,
    "mhz": 514.7265284157521
}