{
    "mh1": 526.632929382856,
    "mh2": 492.04517191476623,
    "mhz": 494.765500804433
}