{
    "mh1": 508.194315040487,
    "mh2": 504.62880946930846,
    "mhz": 488.7616181949075
}