{
    "mh1": 527.4842170378536,
    "mh2": 536.4382639140789,
    "mhz": 491.24939455856224
}