{
    "mh1": 527.2121460368214,
    "mh2": 485.271142155474,
    "mhz": 514.7701604681419
}