{
    "mh1": 517.6455313387203,
    "mh2": 518.4619392215579,
    "mhz": 490.6737471063551
}