{
    "mh1": 503.58103421776485,
    "mh2": 487.8112218208552
}