{
    "mh1": 516.320711269406,
    "mh2": 548.1752407550416,
    "mhz": 594.0834439701607
}