{
    "mh1": 524.6515728665208,
    "mh2": 525.9989356655329,
    "mhz": 521.1985491440686
}