{
    "mh1": 518.8189920416946,
    "mh2": 502.60241438085365,
    "mhz": 489.02280123424686
}