{
    "mh1": 514.0607975087747,
    "mh2": 518.287540728647,
    "mhz": 599.4288757879477
}