{
    "mh1": 501.7982849295703,
    "mh2": 549.7224263865494
}