{
    "mh1": 516.3811395863712,
    "mh2": 539.0689084808002,
    "mhz": 540.4546920443979
}