{
    "mh1": 520.4024624266713,
    "mh2": 551.8804546506564,
    "mhz": 441.39285193608583
}