{
    "mh1": 518.0151094621768,
    "mh2": 524.817514798346,
    "mhz": 520.0072644625466
}