{
    "mh1": 506.0874095107886,
    "mh2": 503.55969823544154,
    "mhz": 489.25940032812633
}