{
    "mh1": 518.8394052541785,
    "mh2": 520.6503220140515,
    "mhz": 523.4817356136559
}