{
    "mh1": 511.8827517899384,
    "mh2": 490.3869233687139
}