{
    "mh1": 510.7328315756001,
    "mh2": 518.7756166891247,
    "mhz": 596.0144691257387
}