{
    "mh1": 506.8215219564716,
    "mh2": 504.56299900722905,
    "mhz": 492.4125435211208
}