{
    "mh1": 525.659443043637,
    "mh2": 527.5509019807931,
    "mhz": 527.0628146279157
}