{
    "mh1": 511.9955241595551,
    "mh2": 512.4593259507127
}