{
    "mh1": 515.6079600454539,
    "mh2": 529.1752152265908,
    "mhz": 521.4201236044516
}