{
    "mh1": 508.28299438278606,
    "mh2": 529.0206950097377,
    "mhz": 513.0943098390195
}