{
    "mh1": 512.5811504421687,
    "mh2": 490.3294538161591,
    "mhz": 509.1340392413091
}