{
    "mh1": 523.4862938519834,
    "mh2": 525.3705693591912,
    "mhz": 520.8134551657602
}