{
    "mh1": 523.388691775837,
    "mh2": 528.4725752865288,
    "mhz": 522.6610815926996
}