{
    "mh1": 512.3851713690258,
    "mh2": 497.95337938184775
}