{
    "mh1": 511.67322703232406,
    "mh2": 497.71325196257277,
    "mhz": 515.1995251992468
}