{
    "mh1": 511.9674028154917,
    "mh2": 491.9121627336547
}