{
    "mh1": 525.9310850234718,
    "mh2": 496.4764091872643,
    "mhz": 497.4298907026409
}