{
    "mh1": 512.105600366717,
    "mh2": 514.1939758887477,
    "mhz": 576.9177630419301
}