{
    "mh1": 518.2350996413546,
    "mh2": 520.0370543420192,
    "mhz": 532.3476854178238
}