{
    "mh1": 515.6374241378057,
    "mh2": 514.1068975542393,
    "mhz": 548.4787177404555
}