{
    "mh1": 511.1055360758556,
    "mh2": 500.482262636097,
    "mhz": 510.2504096300542
}