{
    "mh1": 509.71991335404005,
    "mh2": 499.57090206029847,
    "mhz": 487.97154026723234
}