{
    "mh1": 516.8370754900568,
    "mh2": 527.1342404741447
}