{
    "mh1": 523.0053132734944,
    "mh2": 527.3565031111486,
    "mhz": 517.3594029093548
}