{
    "mh1": 508.0710841469411,
    "mh2": 516.0993328990182,
    "mhz": 490.3673119978928
}