{
    "mh1": 518.3255984777468,
    "mh2": 518.3508014095714,
    "mhz": 490.77242125805253
}