{
    "mh1": 506.0753440100393,
    "mh2": 519.7469290947733,
    "mhz": 531.6343137888907
}