{
    "mh1": 514.8824059311794,
    "mh2": 538.3300731398666,
    "mhz": 441.9071259280973
}