{
    "mh1": 518.5778329093121,
    "mh2": 549.7549438413336,
    "mhz": 432.447223017187
}