{
    "mh1": 512.1399212996225,
    "mh2": 490.0702161060357,
    "mhz": 509.16749964600564
}