{
    "mh1": 514.0727220269632,
    "mh2": 540.9541445344406,
    "mhz": 576.285316874011
}