{
    "mh1": 528.6459149407534,
    "mh2": 527.5632712679063,
    "mhz": 527.5740308479337
}