{
    "mh1": 516.3267353317457,
    "mh2": 513.3539934050159,
    "mhz": 476.14931130153394
}