{
    "mh1": 516.6231288523628,
    "mh2": 538.193163354799,
    "mhz": 578.4423751880238
}