{
    "mh1": 508.36432406179625,
    "mh2": 505.1516200266248,
    "mhz": 489.03555730258563
}