{
    "mh1": 514.3228625134263,
    "mh2": 521.5755495366152,
    "mhz": 516.3815806905541
}