{
    "mh1": 512.5307905070617,
    "mh2": 518.1743894447114,
    "mhz": 600.0766979127347
}