{
    "mh1": 525.8745875235,
    "mh2": 495.19631884331983,
    "mhz": 497.0465663410275
}