{
    "mh1": 512.1225624138332,
    "mh2": 517.1251718109602,
    "mhz": 429.73444260811067
}