{
    "mh1": 514.2454030384805,
    "mh2": 523.7956284479217,
    "mhz": 565.1050615354904
}