{
    "mh1": 509.3788642021065,
    "mh2": 522.0798833227014,
    "mhz": 488.09360210685367
}