{
    "mh1": 525.0225121921376,
    "mh2": 524.9654268893814,
    "mhz": 519.1160617523055
}