{
    "mh1": 513.828225638407,
    "mh2": 519.7397775867183,
    "mhz": 571.1861112518983
}