{
    "mh1": 508.64704162881515,
    "mh2": 510.8524181267613,
    "mhz": 481.5609736886325
}