{
    "mh1": 507.0349882857985,
    "mh2": 504.1836681011353,
    "mhz": 492.1501539680981
}