{
    "mh1": 511.28269999405535,
    "mh2": 499.0733782458251
}