{
    "mh1": 512.2260239018201,
    "mh2": 514.5515373201887,
    "mhz": 546.6628593321391
}