{
    "mh1": 511.0577770990866,
    "mh2": 496.1569286180677
}