{
    "mh1": 524.3700171780771,
    "mh2": 528.35311654632,
    "mhz": 520.9474908386821
}