{
    "mh1": 506.8683405816197,
    "mh2": 504.6167442798248,
    "mhz": 492.3867125804951
}