{
    "mh1": 513.0429019150208,
    "mh2": 518.6371494506685,
    "mhz": 605.9523535002027
}