{
    "mh1": 506.3229614807404,
    "mh2": 503.91589396883234,
    "mhz": 492.55657307728757
}