{
    "mh1": 524.8268830816529,
    "mh2": 527.5009720723324,
    "mhz": 522.1161896449024
}