{
    "mh1": 517.0289897025132,
    "mh2": 513.2565935093955,
    "mhz": 513.2817947541215
}