{
    "mh1": 516.6566280953039,
    "mh2": 506.3254751841945,
    "mhz": 489.61506851469096
}