{
    "mh1": 515.4675775619841,
    "mh2": 513.0336545985944,
    "mhz": 475.83411859980527
}