{
    "mh1": 518.817053585595,
    "mh2": 515.8143454200689,
    "mhz": 511.4240840532879
}