{
    "mh1": 513.6898717718952,
    "mh2": 512.0338177492669,
    "mhz": 553.6403270377052
}