{
    "mh1": 524.3229410378106,
    "mh2": 527.1988896531221,
    "mhz": 522.4328005600979
}