{
    "mh1": 511.96564046804883,
    "mh2": 495.06501196727254
}