{
    "mh1": 519.0199648200253,
    "mh2": 520.0448949795932,
    "mhz": 516.0453195814725
}