{
    "mh1": 511.94661421895114,
    "mh2": 491.63201234123085
}