{
    "mh1": 527.7817020314592,
    "mh2": 485.9315113494267,
    "mhz": 534.3518740926255
}