{
    "mh1": 509.04570374634926,
    "mh2": 511.08984642952134,
    "mhz": 477.09267600408776
}