{
    "mh1": 517.3351471565758,
    "mh2": 519.7569507915603,
    "mhz": 517.0069353472888
}