{
    "mh1": 523.5632780991692,
    "mh2": 527.3110042398122,
    "mhz": 520.4444670257087
}