{
    "mh1": 512.4691604592688,
    "mh2": 525.4873881744479,
    "mhz": 495.53014763693545
}