{
    "mh1": 514.3426576973666,
    "mh2": 495.7326062620255
}