{
    "mh1": 523.0314892390397,
    "mh2": 562.3313379793811
}