{
    "mh1": 509.0103794171757,
    "mh2": 514.5758501295179,
    "mhz": 481.6798482797069
}