{
    "mh1": 523.8557637616404,
    "mh2": 529.2512544081486,
    "mhz": 522.0232015191158
}