{
    "mh1": 526.8444415888517,
    "mh2": 493.1227762072018,
    "mhz": 495.5664256661128
}