{
    "mh1": 513.0789014623165,
    "mh2": 531.9668109340205,
    "mhz": 509.6128895810502
}