{
    "mh1": 527.6018601012626,
    "mh2": 488.4603612935003,
    "mhz": 491.71215361464874
}