{
    "mh1": 519.6792598074464,
    "mh2": 534.6030053956457
}