{
    "mh1": 506.760475647226,
    "mh2": 504.53234625620496,
    "mhz": 492.3975062902656
}