{
    "mh1": 517.5624007144758,
    "mh2": 515.903396027074,
    "mhz": 549.8235765822773
}