{
    "mh1": 513.3558799925705,
    "mh2": 515.2732773197592,
    "mhz": 513.2641222791899
}