{
    "mh1": 526.4243430026371,
    "mh2": 570.775910099627
}