{
    "mh1": 509.481489214132,
    "mh2": 511.8341524776018,
    "mhz": 508.9129567835924
}