{
    "mh1": 517.63944719269,
    "mh2": 518.7624121551572,
    "mhz": 515.6671677252668
}