{
    "mh1": 524.9607671896131,
    "mh2": 525.4267870027561,
    "mhz": 520.7354913750617
}