{
    "mh1": 510.6742231742026,
    "mh2": 516.4970472421692,
    "mhz": 463.85025545532073
}