{
    "mh1": 513.2144098726533,
    "mh2": 531.343561945082,
    "mhz": 512.1294983432226
}