{
    "mh1": 505.85100692974754,
    "mh2": 520.9169740632494,
    "mhz": 492.7763219802112
}