{
    "mh1": 518.9554448435902,
    "mh2": 553.7324011369556,
    "mhz": 478.0721032068595
}