{
    "mh1": 511.85588304416433,
    "mh2": 512.6928424290442,
    "mhz": 573.5425793656711
}