{
    "mh1": 512.0584364819681,
    "mh2": 516.0453000443663,
    "mhz": 513.1690137821477
}