{
    "mh1": 512.6085778086594,
    "mh2": 512.0637029388572
}