{
    "mh1": 511.9986367045399,
    "mh2": 492.51397825721256
}