{
    "mh1": 512.167103449241,
    "mh2": 516.8945202076744,
    "mhz": 425.8690866027135
}