{
    "mh1": 515.3934627513604,
    "mh2": 535.3934046598349
}