{
    "mh1": 518.3271599250047,
    "mh2": 517.1253663792339,
    "mhz": 548.1720033386318
}