{
    "mh1": 524.8879303492605,
    "mh2": 527.0489353246134,
    "mhz": 521.007136044088
}