{
    "mh1": 513.4265955679881,
    "mh2": 526.1578271062758,
    "mhz": 557.6129509347307
}