{
    "mh1": 510.5455217412577,
    "mh2": 519.2664311188695,
    "mhz": 419.44695079331797
}