{
    "mh1": 516.3758692824244,
    "mh2": 530.4769656176223,
    "mhz": 458.22866278650747
}