{
    "mh1": 526.9277777386205,
    "mh2": 489.21426230374794,
    "mhz": 531.9295553022066
}