{
    "mh1": 511.95821817107475,
    "mh2": 490.2791668123492,
    "mhz": 510.50618173172404
}