{
    "mh1": 517.548001203441,
    "mh2": 520.3913834357115,
    "mhz": 532.359923111366
}