{
    "mh1": 511.7365599456843,
    "mh2": 494.8158423786052
}