{
    "mh1": 516.016497172343,
    "mh2": 514.1558215270641,
    "mhz": 476.4231314201614
}