{
    "mh1": 527.9857950039302,
    "mh2": 530.4658677147037,
    "mhz": 531.4917599121621
}