{
    "mh1": 528.5001661565369,
    "mh2": 524.5095095410267,
    "mhz": 539.1820867707552
}