{
    "mh1": 513.2305671965319,
    "mh2": 527.3829590839546,
    "mhz": 550.0303557946224
}