{
    "mh1": 504.65452081147254,
    "mh2": 532.7529661550516
}