{
    "mh1": 516.4278773537849,
    "mh2": 521.515765726347,
    "mhz": 529.1290147559948
}