{
    "mh1": 525.8100896641441,
    "mh2": 495.99880925528623,
    "mhz": 497.2814576368392
}