{
    "mh1": 514.5826618087522,
    "mh2": 512.2135674433513,
    "mhz": 476.60305344893777
}