{
    "mh1": 515.5671588063531,
    "mh2": 532.8008765889923,
    "mhz": 571.9030933995942
}