{
    "mh1": 514.0622969575783,
    "mh2": 496.12831099758563
}