{
    "mh1": 513.1392551674983,
    "mh2": 529.1551452155304,
    "mhz": 519.571623484278
}