{
    "mh1": 511.84673127054685,
    "mh2": 517.3157222643204,
    "mhz": 420.98764773775736
}