{
    "mh1": 511.1252718291275,
    "mh2": 501.30059017933183,
    "mhz": 509.00234633190695
}