{
    "mh1": 521.8886883937887,
    "mh2": 544.3599810436523,
    "mhz": 511.99609448266796
}