{
    "mh1": 523.282897547039,
    "mh2": 534.9618014156831
}