{
    "mh1": 515.4091160235813,
    "mh2": 514.0661613063053,
    "mhz": 547.2271744220548
}