{
    "mh1": 526.6010519976895,
    "mh2": 491.6200272831176,
    "mhz": 494.1002347331293
}