{
    "mh1": 510.42253050005365,
    "mh2": 501.18991350380486,
    "mhz": 509.0661993415515
}