{
    "mh1": 511.51258511208016,
    "mh2": 491.2586110577368
}