{
    "mh1": 518.5099549072272,
    "mh2": 551.863017917938,
    "mhz": 445.39375483828576
}