{
    "mh1": 528.1489162963635,
    "mh2": 531.5953383259545,
    "mhz": 483.45454133430025
}