{
    "mh1": 515.5740410114146,
    "mh2": 527.7149103804899,
    "mhz": 469.49729574866535
}