{
    "mh1": 505.99467980260886,
    "mh2": 519.5802200587104,
    "mhz": 532.0844948716324
}