{
    "mh1": 516.9034974940074,
    "mh2": 528.6453316384437,
    "mhz": 463.318405511811
}