{
    "mh1": 498.60930481227365,
    "mh2": 564.423523162515
}