{
    "mh1": 510.5198371333226,
    "mh2": 519.7208584825964,
    "mhz": 509.19623158951504
}