{
    "mh1": 525.9659206919699,
    "mh2": 496.6793530703288,
    "mhz": 497.53752604640107
}