{
    "mh1": 525.9494123096014,
    "mh2": 495.6318137011584,
    "mhz": 497.08219276245075
}