{
    "mh1": 527.2558110297568,
    "mh2": 490.8194092274131,
    "mhz": 493.34313930344734
}