{
    "mh1": 527.7901427979444,
    "mh2": 488.9353446693185,
    "mhz": 491.9558562543821
}