{
    "mh1": 505.12507600195545,
    "mh2": 501.1651831084633,
    "mhz": 496.5124153459318
}