{
    "mh1": 512.3893257176117,
    "mh2": 531.6244691483579
}