{
    "mh1": 510.795232164784,
    "mh2": 500.0336255571026,
    "mhz": 509.510260482624
}