{
    "mh1": 517.476364886578,
    "mh2": 539.1785064007887,
    "mhz": 455.35363331631874
}