{
    "mh1": 509.7268358171475,
    "mh2": 512.5379471141495,
    "mhz": 475.6716735627388
}