{
    "mh1": 518.7261415356788,
    "mh2": 513.9361162937463,
    "mhz": 494.2430717206669
}