{
    "mh1": 512.1400292128708,
    "mh2": 516.3680773217629,
    "mhz": 597.6192040905794
}