{
    "mh1": 525.4392894209902,
    "mh2": 525.0244268940453,
    "mhz": 519.8594380106373
}