{
    "mh1": 521.7336181962299,
    "mh2": 526.602075918713,
    "mhz": 520.7315482158449
}