{
    "mh1": 517.1413925500931,
    "mh2": 524.1437977322898,
    "mhz": 488.3246298223672
}