{
    "mh1": 512.4479884511509,
    "mh2": 515.9746378484343,
    "mhz": 445.70116230344183
}