{
    "mh1": 516.2960822871594,
    "mh2": 524.0964614648825,
    "mhz": 533.604637748986
}