{
    "mh1": 511.6134619708809,
    "mh2": 519.4116647811514,
    "mhz": 620.595988040362
}