{
    "mh1": 512.0632223712109,
    "mh2": 516.0329063205218,
    "mhz": 583.7584254038436
}