{
    "mh1": 526.1674373809282,
    "mh2": 526.8526097703458,
    "mhz": 521.8625448000379
}