{
    "mh1": 518.8354539493814,
    "mh2": 517.7152652005175,
    "mhz": 491.580986623272
}