{
    "mh1": 502.5187111476951,
    "mh2": 511.93503776691125,
    "mhz": 527.1089048002698
}