{
    "mh1": 511.56862738229927,
    "mh2": 457.6023842153349
}