{
    "mh1": 508.58687122140117,
    "mh2": 513.7241303686376,
    "mhz": 484.08782713151646
}