{
    "mh1": 505.6775945205767,
    "mh2": 503.48840517655697,
    "mhz": 493.18638291625376
}