{
    "mh1": 520.3665118581238,
    "mh2": 524.6734019619546,
    "mhz": 519.637285012285
}