{
    "mh1": 514.4320103558865,
    "mh2": 493.3455578749572
}