{
    "mh1": 500.4587331271938,
    "mh2": 570.4518677196725
}