{
    "mh1": 507.64888077388997,
    "mh2": 484.1942403236843
}