{
    "mh1": 515.3927873944667,
    "mh2": 504.8238773352759,
    "mhz": 488.54379026440813
}