{
    "mh1": 516.5074046963118,
    "mh2": 541.849793292695,
    "mhz": 589.7451307393992
}