{
    "mh1": 511.0537847811272,
    "mh2": 493.77017773443873
}