{
    "mh1": 521.1989522385188,
    "mh2": 523.8183850110445,
    "mhz": 523.1284809528972
}