{
    "mh1": 506.8842612959358,
    "mh2": 544.058348970113
}