{
    "mh1": 528.0201668077237,
    "mh2": 486.99605188840155,
    "mhz": 490.5797438339898
}