{
    "mh1": 516.3810597046265,
    "mh2": 506.103311063593,
    "mhz": 489.51150956899704
}