{
    "mh1": 547.6108637907089,
    "mh2": 520.6877384992325,
    "mhz": 588.8045108812339
}