{
    "mh1": 531.2834284857144,
    "mh2": 475.99246343301604,
    "mhz": 482.6665977642697
}