{
    "mh1": 510.67847117592976,
    "mh2": 518.7026569275703,
    "mhz": 399.56314769273257
}