{
    "mh1": 510.0152630640146,
    "mh2": 518.7500813150301,
    "mhz": 593.0663801153432
}