{
    "mh1": 522.3016678803496,
    "mh2": 525.1998158459968,
    "mhz": 515.1921650935469
}