{
    "mh1": 524.6481047963332,
    "mh2": 536.2706379985934,
    "mhz": 532.3902409127718
}