{
    "mh1": 512.6248153085228,
    "mh2": 517.547526911982,
    "mhz": 490.5396960920965
}