{
    "mh1": 524.3425891102107,
    "mh2": 527.153510857224,
    "mhz": 521.4253533020391
}