{
    "mh1": 514.9252603327586,
    "mh2": 529.1044612554683,
    "mhz": 461.3359521600895
}