{
    "mh1": 514.9095166371901,
    "mh2": 515.8938571818392,
    "mhz": 565.6778278247637
}