{
    "mh1": 511.75391074135644,
    "mh2": 497.1702234395483
}