{
    "mh1": 511.97475331469604,
    "mh2": 492.57611433587573
}