{
    "mh1": 518.6718615914052,
    "mh2": 549.3767776831316
}