{
    "mh1": 501.9990740578976,
    "mh2": 482.722923938603
}