{
    "mh1": 517.6501462121583,
    "mh2": 519.7036167601683,
    "mhz": 517.9443655527155
}