{
    "mh1": 513.1298441262197,
    "mh2": 534.2871277629847,
    "mhz": 569.8451689842127
}