{
    "mh1": 517.6810524346469,
    "mh2": 520.0762538203842,
    "mhz": 532.7267122664932
}