{
    "mh1": 523.2934878760861,
    "mh2": 547.810065525392
}