{
    "mh1": 506.79439657508266,
    "mh2": 504.6272548347853,
    "mhz": 492.2421119973152
}