{
    "mh1": 512.0900990029785,
    "mh2": 516.4974733482375,
    "mhz": 444.920120390956
}