{
    "mh1": 512.68774713114,
    "mh2": 512.2095040592191,
    "mhz": 514.3039830374497
}