{
    "mh1": 512.077214478718,
    "mh2": 516.7198742322316,
    "mhz": 538.1187275849832
}