{
    "mh1": 512.4455356611326,
    "mh2": 516.5820178448868,
    "mhz": 427.99271118394677
}