{
    "mh1": 513.8591046908792,
    "mh2": 518.8015911528386,
    "mhz": 591.3524865142383
}