{
    "mh1": 519.996851275488,
    "mh2": 524.7559720323453,
    "mhz": 519.4870723663878
}