{
    "mh1": 521.9233203418314,
    "mh2": 527.1924074620329,
    "mhz": 520.736188949014
}