{
    "mh1": 515.9883236511187,
    "mh2": 526.2963809883446,
    "mhz": 550.657813215668
}