{
    "mh1": 515.4827806802431,
    "mh2": 531.7266419536885,
    "mhz": 565.2754404507141
}