{
    "mh1": 511.9745619618688,
    "mh2": 491.2632885256249,
    "mhz": 509.6408435008817
}