{
    "mh1": 505.57782502931343,
    "mh2": 504.27280379245116,
    "mhz": 491.75354401118545
}