{
    "mh1": 523.0700320996262,
    "mh2": 527.5103944620677,
    "mhz": 518.5076446191418
}