{
    "mh1": 511.40863408188375,
    "mh2": 517.6754654123997,
    "mhz": 446.4313269352778
}