{
    "mh1": 509.8344585213314,
    "mh2": 519.7153127195817,
    "mhz": 455.29608360622456
}