{
    "mh1": 512.3291660351688,
    "mh2": 516.3186427415859,
    "mhz": 436.99338450910733
}