{
    "mh1": 533.7980912988538,
    "mh2": 514.8590205670833,
    "mhz": 524.0171464729896
}