{
    "mh1": 518.6353612681012,
    "mh2": 523.5130684091212,
    "mhz": 518.8214790795934
}