{
    "mh1": 514.4472994501259,
    "mh2": 494.70950020455115
}