{
    "mh1": 527.0391357823806,
    "mh2": 493.2408579919886,
    "mhz": 495.18159195647075
}