{
    "mh1": 518.0881405655952,
    "mh2": 503.6608581646067,
    "mhz": 492.47221624157385
}