{
    "mh1": 534.3009492354697,
    "mh2": 531.3914738137064,
    "mhz": 531.9285908584366
}