{
    "mh1": 525.1258273264641,
    "mh2": 560.127966478038
}