{
    "mh1": 519.1631457532072,
    "mh2": 551.5955919442177,
    "mhz": 438.9175286407821
}