{
    "mh1": 517.429832882927,
    "mh2": 516.4437225307664,
    "mhz": 456.47566072741273
}