{
    "mh1": 506.09982655376314,
    "mh2": 519.8263616403133,
    "mhz": 491.5694592281844
}