{
    "mh1": 519.5414905458275,
    "mh2": 544.0885207973284,
    "mhz": 437.4121323741409
}