{
    "mh1": 517.0423885462262,
    "mh2": 513.9434535728213,
    "mhz": 476.50074935251394
}