{
    "mh1": 524.9699571790218,
    "mh2": 551.9892850154445
}