{
    "mh1": 523.0788021816657,
    "mh2": 530.5830042462288,
    "mhz": 523.3644471793007
}