{
    "mh1": 517.927624562471,
    "mh2": 520.1413333100218,
    "mhz": 532.0983825820292
}