{
    "mh1": 519.6810174851681,
    "mh2": 512.870251845442,
    "mhz": 491.43772320839815
}