{
    "mh1": 525.7552799482581,
    "mh2": 495.421889475837,
    "mhz": 497.21167853865313
}