{
    "mh1": 513.773797770195,
    "mh2": 519.6559126347058,
    "mhz": 602.2600968590967
}