{
    "mh1": 512.0054815598403,
    "mh2": 492.3620403482027
}