{
    "mh1": 520.8584820238708,
    "mh2": 558.0244496495691,
    "mhz": 514.4800738856014
}