{
    "mh1": 506.24167902361125,
    "mh2": 503.95651342273635,
    "mhz": 492.2258169240731
}