{
    "mh1": 527.689908041785,
    "mh2": 490.65572794361185,
    "mhz": 493.24441632630277
}