{
    "mh1": 511.9570636109833,
    "mh2": 490.8383871966771
}