{
    "mh1": 514.7268897494027,
    "mh2": 518.5867477647623,
    "mhz": 575.2292487261952
}