{
    "mh1": 518.7060516631295,
    "mh2": 555.6825948541308
}