{
    "mh1": 511.98086336387394,
    "mh2": 490.3871142003797,
    "mhz": 509.84207253563824
}