{
    "mh1": 513.268693793149,
    "mh2": 519.6595947078974,
    "mhz": 515.7467965365439
}