{
    "mh1": 520.4645668735643,
    "mh2": 512.5014429759881,
    "mhz": 518.6941407414331
}