{
    "mh1": 515.8864968184025,
    "mh2": 512.1908189686802,
    "mhz": 547.3255467769947
}