{
    "mh1": 517.0984068026464,
    "mh2": 518.0943217849916,
    "mhz": 515.9435734013172
}