{
    "mh1": 511.52195510911105,
    "mh2": 495.3416357647335
}