{
    "mh1": 503.90632949431136,
    "mh2": 457.0232072191696,
    "mhz": 515.272964402708
}