{
    "mh1": 511.8966599502393,
    "mh2": 494.5279301998454
}