{
    "mh1": 513.7126238341682,
    "mh2": 501.0705964989819,
    "mhz": 512.6056634262702
}