{
    "mh1": 505.91424433256054,
    "mh2": 503.5454465070464,
    "mhz": 491.6270080711906
}