{
    "mh1": 512.276654985106,
    "mh2": 543.8892046202016,
    "mhz": 509.77593915438894
}