{
    "mh1": 526.8568877298794,
    "mh2": 492.9356707197752,
    "mhz": 495.25067820734915
}