{
    "mh1": 516.1371559048021,
    "mh2": 516.6251854025923,
    "mhz": 506.9354155129251
}