{
    "mh1": 506.4265966853374,
    "mh2": 504.38079190939885,
    "mhz": 491.38416331361367
}