{
    "mh1": 516.8472280998731,
    "mh2": 519.35921767501,
    "mhz": 509.408720326885
}