{
    "mh1": 516.1932781065088,
    "mh2": 516.3885382368514,
    "mhz": 514.7721284630786
}