{
    "mh1": 506.010951075171,
    "mh2": 503.5922412104593,
    "mhz": 489.4083446423325
}