{
    "mh1": 525.6525473348632,
    "mh2": 495.0195421805935,
    "mhz": 497.05414857694166
}