{
    "mh1": 511.19297031455045,
    "mh2": 495.1317411537141
}