{
    "mh1": 520.9670765129832,
    "mh2": 524.5107827690065,
    "mhz": 521.3100648915705
}