{
    "mh1": 517.529080164379,
    "mh2": 522.0582556466369,
    "mhz": 492.17093925989093
}