{
    "mh1": 526.9863810680248,
    "mh2": 532.5350676578756,
    "mhz": 529.9887640645748
}