{
    "mh1": 514.6859383347917,
    "mh2": 513.3992915146295,
    "mhz": 476.2620389279803
}