{
    "mh1": 524.7027923785097,
    "mh2": 572.5378449197666
}