{
    "mh1": 507.987050651311,
    "mh2": 512.6685738844524,
    "mhz": 481.9473817539532
}