{
    "mh1": 521.06193038207,
    "mh2": 517.5814998610366,
    "mhz": 508.2170210385742
}