{
    "mh1": 517.2519848341894,
    "mh2": 519.1212775622881,
    "mhz": 533.2013383653073
}