{
    "mh1": 505.1920788751919,
    "mh2": 520.9503338671707,
    "mhz": 493.54990662253624
}