{
    "mh1": 512.0419517816151,
    "mh2": 493.80894531292734
}