{
    "mh1": 501.476335405464,
    "mh2": 453.0957686155567
}