{
    "mh1": 525.9831697863838,
    "mh2": 496.51702423742324,
    "mhz": 497.61693825425215
}