{
    "mh1": 522.5489786398881,
    "mh2": 524.9762173827328,
    "mhz": 517.158557429453
}