{
    "mh1": 505.9484425540087,
    "mh2": 504.0792067059769,
    "mhz": 492.7842198291498
}