{
    "mh1": 511.18616440274474,
    "mh2": 494.52283850775115
}