{
    "mh1": 512.1892597957924,
    "mh2": 522.7913278895965,
    "mhz": 545.2690573244179
}