{
    "mh1": 511.365988684418,
    "mh2": 511.7288787742465,
    "mhz": 509.0927202673093
}