{
    "mh1": 525.0505775137983,
    "mh2": 556.1252239627382
}