{
    "mh1": 517.4147409851066,
    "mh2": 504.4206833442952,
    "mhz": 492.8404862362187
}