{
    "mh1": 506.49309982836456,
    "mh2": 504.21541158672244,
    "mhz": 492.50778770732956
}