{
    "mh1": 505.3890141891547,
    "mh2": 521.3592599504897,
    "mhz": 493.45882442011555
}