{
    "mh1": 523.3605547333224,
    "mh2": 561.0220494885598
}