{
    "mh1": 525.7893685542922,
    "mh2": 532.841440655329,
    "mhz": 533.5996488210037
}