{
    "mh1": 501.5833994189274,
    "mh2": 520.7547279992358
}