{
    "mh1": 512.4271023483593,
    "mh2": 525.124657074764,
    "mhz": 540.4564953024422
}