{
    "mh1": 503.1758937211618,
    "mh2": 532.5147668302945,
    "mhz": 588.1485369988272
}