{
    "mh1": 513.761039301539,
    "mh2": 522.3736812852619,
    "mhz": 564.0178269067119
}