{
    "mh1": 518.8284290506335,
    "mh2": 544.3702546801708,
    "mhz": 579.1269021499886
}