{
    "mh1": 517.4584428442204,
    "mh2": 535.590197213195,
    "mhz": 567.6287899967413
}