{
    "mh1": 526.465105754698,
    "mh2": 496.58165971826656,
    "mhz": 497.2175711235441
}