{
    "mh1": 522.8048460036439,
    "mh2": 540.925576221266
}