{
    "mh1": 512.5365060735373,
    "mh2": 521.0147512193463,
    "mhz": 567.9103689153625
}