{
    "mh1": 524.3675313512441,
    "mh2": 484.00527658449056,
    "mhz": 511.96475549237624
}