{
    "mh1": 506.00858947618707,
    "mh2": 503.5110423055271,
    "mhz": 512.2777596150988
}