{
    "mh1": 524.0578047453024,
    "mh2": 528.6366461356627,
    "mhz": 520.3316107407867
}