{
    "mh1": 505.88884277984977,
    "mh2": 502.3778164550313,
    "mhz": 490.27167653336556
}