{
    "mh1": 523.1630227952995,
    "mh2": 549.2332880164759
}