{
    "mh1": 514.617350362802,
    "mh2": 512.1681347545195,
    "mhz": 543.9745188331441
}