{
    "mh1": 520.1188580168057,
    "mh2": 528.0990770770234
}