{
    "mh1": 515.0751422141159,
    "mh2": 516.5860921477833,
    "mhz": 552.3772709310336
}