{
    "mh1": 527.2561053305956,
    "mh2": 525.6501019544373,
    "mhz": 521.7268174429088
}