{
    "mh1": 518.6797747178258,
    "mh2": 549.7106993330391,
    "mhz": 583.1873270195848
}