{
    "mh1": 507.545920258485,
    "mh2": 512.4540802142872,
    "mhz": 483.5289919433799
}