{
    "mh1": 512.0711526554277,
    "mh2": 535.9476537121491,
    "mhz": 570.0532641969578
}