{
    "mh1": 524.6059086566455,
    "mh2": 525.3837542139886,
    "mhz": 520.5645559745157
}