{
    "mh1": 514.3210278263488,
    "mh2": 528.4999671796932,
    "mhz": 569.9066233089527
}