{
    "mh1": 513.6019557985331,
    "mh2": 517.4227203920025,
    "mhz": 445.62237708389483
}