{
    "mh1": 523.3916725176813,
    "mh2": 528.4978353906554,
    "mhz": 519.6617993980313
}