{
    "mh1": 512.5227364855972,
    "mh2": 516.4864027659556,
    "mhz": 444.6704977683584
}