{
    "mh1": 526.9511329731473,
    "mh2": 536.0298097992813,
    "mhz": 532.4171085684835
}