{
    "mh1": 523.2536829467862,
    "mh2": 537.7323660829934,
    "mhz": 525.060353621521
}