{
    "mh1": 519.0301083537092,
    "mh2": 519.7666621211605,
    "mhz": 532.8693950063354
}