{
    "mh1": 514.5099370046738,
    "mh2": 493.23354662680003
}