{
    "mh1": 505.9895733551416,
    "mh2": 503.44352564978163,
    "mhz": 489.8499899305647
}