{
    "mh1": 513.2387719500967,
    "mh2": 532.7512803882539,
    "mhz": 541.3337992444785
}