{
    "mh1": 522.314979077445,
    "mh2": 524.4371437332983,
    "mhz": 514.7528177109253
}