{
    "mh1": 510.917435190273,
    "mh2": 518.0609898869345,
    "mhz": 441.69404244000265
}