{
    "mh1": 511.64868025301723,
    "mh2": 512.5435520679823,
    "mhz": 512.1767676767677
}