{
    "mh1": 514.9736728415036,
    "mh2": 520.221045819085,
    "mhz": 555.123697276764
}