{
    "mh1": 513.1773764440397,
    "mh2": 516.1735623266343,
    "mhz": 585.930948728758
}