{
    "mh1": 536.177278345253,
    "mh2": 533.9323301172847,
    "mhz": 530.6038428524728
}