{
    "mh1": 502.40216104099954,
    "mh2": 547.521720850545
}