{
    "mh1": 515.2434516813387,
    "mh2": 512.6272943644358,
    "mhz": 475.5319488730021
}