{
    "mh1": 521.6010044398901,
    "mh2": 519.7410498668387,
    "mhz": 513.7607674578832
}