{
    "mh1": 524.5427084555405,
    "mh2": 568.4103233985477
}