{
    "mh1": 519.9675896142428,
    "mh2": 515.0892859420932,
    "mhz": 508.06096071906313
}