{
    "mh1": 519.8379159341309,
    "mh2": 549.9339883416164,
    "mhz": 584.4787222996029
}