{
    "mh1": 518.1270089054274,
    "mh2": 521.7823105991381,
    "mhz": 515.1805921411652
}