{
    "mh1": 520.9194603289329,
    "mh2": 540.6585317379338
}