{
    "mh1": 516.8987959426833,
    "mh2": 518.4559381551362,
    "mhz": 532.5478259046574
}