{
    "mh1": 523.1343503661877,
    "mh2": 567.9197134106819
}