{
    "mh1": 521.1630219176016,
    "mh2": 541.1684615506182
}