{
    "mh1": 521.2967123508602,
    "mh2": 521.1417857988062,
    "mhz": 511.1856557096853
}