{
    "mh1": 514.1386517538245,
    "mh2": 512.449538012396,
    "mhz": 513.1918009680404
}