{
    "mh1": 510.95854702050696,
    "mh2": 497.73248884481035
}