{
    "mh1": 511.17145446878055,
    "mh2": 500.5344288456524,
    "mhz": 509.3332825888772
}