{
    "mh1": 524.4547032061213,
    "mh2": 527.547989886708,
    "mhz": 520.4787442164863
}