{
    "mh1": 517.5252607487902,
    "mh2": 519.4439937036047,
    "mhz": 533.7258202871813
}