{
    "mh1": 510.8338626078076,
    "mh2": 498.19569303944115
}