{
    "mh1": 512.5467730561431,
    "mh2": 530.3762594190288
}