{
    "mh1": 512.4716356889675,
    "mh2": 516.551330632258,
    "mhz": 590.005581746709
}