{
    "mh1": 513.715738058225,
    "mh2": 518.6502471321018,
    "mhz": 604.9017201968563
}