{
    "mh1": 523.3617836149404,
    "mh2": 527.9048351411625,
    "mhz": 521.3058534776544
}