{
    "mh1": 511.9694253546356,
    "mh2": 533.4206658591586,
    "mhz": 509.9976884462868
}