{
    "mh1": 525.8187436426695,
    "mh2": 496.3618117900811,
    "mhz": 497.30393632964046
}