{
    "mh1": 527.2827180401933,
    "mh2": 490.2050815713981,
    "mhz": 493.0290208287472
}