{
    "mh1": 510.49507674815237,
    "mh2": 503.7241345531513,
    "mhz": 509.0497274680064
}