{
    "mh1": 512.0947147879695,
    "mh2": 517.6825397102766,
    "mhz": 416.29650132628774
}