{
    "mh1": 511.89435813744626,
    "mh2": 490.2699344589412
}