{
    "mh1": 529.1327772858982,
    "mh2": 491.01574979022416,
    "mhz": 492.1207561976819
}