{
    "mh1": 528.5382299693013,
    "mh2": 489.8849764642293,
    "mhz": 532.1234447400598
}