{
    "mh1": 513.0462367886144,
    "mh2": 517.5731940693265,
    "mhz": 595.7240755609432
}