{
    "mh1": 507.0382348387278,
    "mh2": 505.5717518100483,
    "mhz": 489.7756666168152
}