{
    "mh1": 507.6404964237846,
    "mh2": 512.2233792332156,
    "mhz": 477.717331776934
}