{
    "mh1": 512.9612338890445,
    "mh2": 537.7031361168649
}