{
    "mh1": 506.2150255849552,
    "mh2": 519.9858965455109,
    "mhz": 492.452099678991
}