{
    "mh1": 528.2854627545844,
    "mh2": 497.58875810797764,
    "mhz": 526.2261535274663
}