{
    "mh1": 512.0756729154957,
    "mh2": 516.6623191785928,
    "mhz": 429.3501006479672
}