{
    "mh1": 516.0366418145879,
    "mh2": 512.9421305538128,
    "mhz": 475.5713274859951
}