{
    "mh1": 527.5037515857723,
    "mh2": 489.1149207072208,
    "mhz": 494.09289539704287
}