{
    "mh1": 517.3521246269694,
    "mh2": 523.1188038909831,
    "mhz": 532.009259677166
}