{
    "mh1": 517.535689974679,
    "mh2": 519.3174869546044,
    "mhz": 490.83844623361443
}