{
    "mh1": 522.5063043649646,
    "mh2": 557.5103446458222
}