{
    "mh1": 512.6109800428726,
    "mh2": 530.2770592071197
}