{
    "mh1": 523.8603042060694,
    "mh2": 528.0996739619524,
    "mhz": 520.1627700694122
}