{
    "mh1": 514.8312379083187,
    "mh2": 510.66620829723206
}