{
    "mh1": 520.8380785092138,
    "mh2": 520.4711376715361,
    "mhz": 525.1252317384768
}