{
    "mh1": 529.5204234340108,
    "mh2": 530.917011871434,
    "mhz": 540.7711215956554
}