{
    "mh1": 545.0006891762503,
    "mh2": 517.5420949167642,
    "mhz": 1004.3631655922728
}