{
    "mh1": 528.0601588622235,
    "mh2": 500.7678149797219,
    "mhz": 490.74053082665193
}