{
    "mh1": 510.9201075781924,
    "mh2": 501.04571588985095,
    "mhz": 509.36806672008106
}