{
    "mh1": 522.0784964409519,
    "mh2": 526.5737784944531,
    "mhz": 526.5897834454172
}