{
    "mh1": 524.4040847856077,
    "mh2": 494.2491316359029,
    "mhz": 527.9124651819162
}