{
    "mh1": 527.58952673715,
    "mh2": 488.0440524443632,
    "mhz": 496.66415038732794
}