{
    "mh1": 504.5530197917722,
    "mh2": 497.9877323985258,
    "mhz": 519.5633283997043
}