{
    "mh1": 515.9795277632263,
    "mh2": 521.1544038437622,
    "mhz": 516.291903031067
}