{
    "mh1": 544.6335181397352,
    "mh2": 504.3795472446949,
    "mhz": 525.4569699927512
}