{
    "mh1": 524.9553699233398,
    "mh2": 495.22858117338114,
    "mhz": 497.073076467688
}