{
    "mh1": 525.7048643680239,
    "mh2": 536.5821901681833
}