{
    "mh1": 506.1599318709605,
    "mh2": 503.2405456637533,
    "mhz": 489.42883148495946
}