{
    "mh1": 531.5294063939768,
    "mh2": 522.5030805291943,
    "mhz": 556.2244463679667
}