{
    "mh1": 520.0678670747704,
    "mh2": 522.6647217572746,
    "mhz": 518.0080280123411
}