{
    "mh1": 507.1748150533532,
    "mh2": 515.669405893977,
    "mhz": 488.67291100073857
}