{
    "mh1": 536.82648715723,
    "mh2": 521.0777106082351,
    "mhz": 511.96576145848303
}