{
    "mh1": 507.9351956133065,
    "mh2": 513.1724805417172,
    "mhz": 477.1566250431135
}