{
    "mh1": 517.4581781956521,
    "mh2": 522.4624179636572,
    "mhz": 532.1573683793782
}