{
    "mh1": 512.3050813723295,
    "mh2": 525.8396446813235,
    "mhz": 576.6182214816367
}