{
    "mh1": 507.6150923082354,
    "mh2": 510.39318479454136,
    "mhz": 484.5031522134327
}