{
    "mh1": 519.1949565354968,
    "mh2": 521.17435787453,
    "mhz": 517.2891630863563
}