{
    "mh1": 510.5616224760187,
    "mh2": 515.5205573101559,
    "mhz": 585.1743661475546
}