{
    "mh1": 525.8773317378761,
    "mh2": 496.39869879045943,
    "mhz": 497.5162529018353
}