{
    "mh1": 511.9788654340269,
    "mh2": 497.0036381956565
}