{
    "mh1": 520.9376138099283,
    "mh2": 553.9918371840644,
    "mhz": 441.22479885921194
}