{
    "mh1": 519.3056527449435,
    "mh2": 538.6220964980081
}