{
    "mh1": 526.0079743605963,
    "mh2": 492.12606055494643,
    "mhz": 494.73689115674944
}