{
    "mh1": 520.2293889402323,
    "mh2": 525.2734518175322,
    "mhz": 520.1254920116353
}