{
    "mh1": 510.4301543506431,
    "mh2": 518.082325603536,
    "mhz": 446.9670354079807
}