{
    "mh1": 512.4566652968101,
    "mh2": 515.6805323309762,
    "mhz": 585.0255661739308
}