{
    "mh1": 516.3086115453954,
    "mh2": 532.4905260953151,
    "mhz": 465.7940736446431
}