{
    "mh1": 516.0200780391042,
    "mh2": 507.19751659339863,
    "mhz": 485.24404469873184
}