{
    "mh1": 510.9761119871733,
    "mh2": 497.8339394323812
}