{
    "mh1": 505.6411372248262,
    "mh2": 543.5620333392731,
    "mhz": 443.24814822579066
}