{
    "mh1": 512.0613367655108,
    "mh2": 518.83518975347,
    "mhz": 422.3865112083163
}