{
    "mh1": 502.05261935001477,
    "mh2": 453.8877566351274
}