{
    "mh1": 517.9836160026817,
    "mh2": 523.3036450311698,
    "mhz": 518.3014122216566
}