{
    "mh1": 510.88139248521145,
    "mh2": 518.9606894175387,
    "mhz": 417.6679860494078
}