{
    "mh1": 512.0064270204723,
    "mh2": 493.0430400377812
}