{
    "mh1": 513.0726170640921,
    "mh2": 510.67821845360373,
    "mhz": 548.8548305884822
}