{
    "mh1": 540.9565324160354,
    "mh2": 515.0342410732981,
    "mhz": 469.5149093636324
}