{
    "mh1": 513.2142917083336,
    "mh2": 517.140597198578,
    "mhz": 584.8722924542647
}