{
    "mh1": 513.1645437917275,
    "mh2": 515.9377657937441,
    "mhz": 545.4560220720139
}