{
    "mh1": 511.99709964511993,
    "mh2": 493.7338937135595
}