{
    "mh1": 513.6711666270544,
    "mh2": 501.8495002297693
}