{
    "mh1": 527.3473595932594,
    "mh2": 487.8755839917254,
    "mhz": 491.4166994260555
}