{
    "mh1": 538.5597674993037,
    "mh2": 517.7753044203357,
    "mhz": 524.466480505648
}