{
    "mh1": 522.2024009114897,
    "mh2": 515.574644277275,
    "mhz": 513.8769743390781
}