{
    "mh1": 549.2417796325593,
    "mh2": 523.6555104430226,
    "mhz": 530.9985220967192
}