{
    "mh1": 525.1680084738356,
    "mh2": 526.8187497268906,
    "mhz": 520.7683800780964
}