{
    "mh1": 510.8586903896296,
    "mh2": 495.98198072897503
}