{
    "mh1": 511.15989553561593,
    "mh2": 494.8713653415189
}