{
    "mh1": 515.6785551055145,
    "mh2": 530.0717909295154,
    "mhz": 521.1687058390901
}