{
    "mh1": 517.4240247950942,
    "mh2": 514.6717535488656,
    "mhz": 535.805813101341
}