{
    "mh1": 512.0190918845395,
    "mh2": 492.35236410534696
}