{
    "mh1": 513.5203886549115,
    "mh2": 527.0921442126563,
    "mhz": 570.0311085014059
}