{
    "mh1": 527.741972811846,
    "mh2": 487.10643124703233,
    "mhz": 490.5929338937446
}