{
    "mh1": 521.7569536668467,
    "mh2": 526.226911257966,
    "mhz": 520.1762211242311
}