{
    "mh1": 507.027425426304,
    "mh2": 504.1977232315356,
    "mhz": 492.2329098122042
}