{
    "mh1": 526.178566123725,
    "mh2": 496.0813760251076,
    "mhz": 526.6902960753373
}