{
    "mh1": 519.0849800851147,
    "mh2": 525.5464020814318,
    "mhz": 494.5123276127336
}