{
    "mh1": 506.4840847902694,
    "mh2": 504.3219739653489,
    "mhz": 491.71386916658514
}