{
    "mh1": 515.260533337088,
    "mh2": 545.5534687917209
}