{
    "mh1": 523.9570329163141,
    "mh2": 528.9253451097218,
    "mhz": 520.5439645451446
}