{
    "mh1": 527.793349817024,
    "mh2": 487.9381491774004,
    "mhz": 491.60441890485407
}