{
    "mh1": 524.4791321040489,
    "mh2": 528.55611189092,
    "mhz": 522.0422197370623
}