{
    "mh1": 523.4111306762445,
    "mh2": 525.1008362069568,
    "mhz": 537.4433031686865
}