{
    "mh1": 500.4289213801972,
    "mh2": 467.9022642570969
}