{
    "mh1": 524.0976818673739,
    "mh2": 530.3909393215681,
    "mhz": 523.1997548805349
}