{
    "mh1": 523.5209986723319,
    "mh2": 525.1115820444376,
    "mhz": 519.9573099589105
}