{
    "mh1": 515.1249781576979,
    "mh2": 523.719086084916,
    "mhz": 533.6913499138591
}