{
    "mh1": 525.728588502722,
    "mh2": 495.5540984639291,
    "mhz": 497.18414858860774
}