{
    "mh1": 513.0233008143191,
    "mh2": 528.0381454864155
}