{
    "mh1": 526.19795531891,
    "mh2": 528.2296820066531,
    "mhz": 526.9908856937909
}