{
    "mh1": 514.0915358715993,
    "mh2": 518.8356481279255,
    "mhz": 600.8775247407118
}