{
    "mh1": 512.5070472126461,
    "mh2": 527.9180864834377,
    "mhz": 576.916540595058
}