{
    "mh1": 559.5749982920611,
    "mh2": 533.7174987113888
}