{
    "mh1": 527.3269437171934,
    "mh2": 512.4699477511723,
    "mhz": 511.3513134696918
}