{
    "mh1": 514.3343022340682,
    "mh2": 510.38372786498184,
    "mhz": 542.2304789088091
}