{
    "mh1": 528.5620777985922,
    "mh2": 534.487255903724,
    "mhz": 531.9061235495619
}