{
    "mh1": 523.5140659564689,
    "mh2": 527.6312867044828,
    "mhz": 527.5238010082278
}