{
    "mh1": 521.4876059670565,
    "mh2": 518.7396435102949,
    "mhz": 510.4407514096807
}