{
    "mh1": 510.0897597358073,
    "mh2": 504.33547022749616,
    "mhz": 509.0254555249841
}