{
    "mh1": 512.4850586089444,
    "mh2": 533.8738140541959,
    "mhz": 573.2314959360868
}