{
    "mh1": 520.7287051896958,
    "mh2": 547.4726148507116
}