{
    "mh1": 526.6883426146255,
    "mh2": 491.1970940816211,
    "mhz": 494.09260520151275
}