{
    "mh1": 514.3861057148048,
    "mh2": 493.60586933240626
}