{
    "mh1": 511.8780325974685,
    "mh2": 516.5370712398745,
    "mhz": 509.9590205404989
}