{
    "mh1": 514.2900529141347,
    "mh2": 494.4928228743184
}