{
    "mh1": 518.4289701554683,
    "mh2": 544.6609797794994,
    "mhz": 479.37492523936635
}