{
    "mh1": 509.626880817412,
    "mh2": 505.5836933149275,
    "mhz": 507.71615027564764
}