{
    "mh1": 510.6449970036707,
    "mh2": 500.4402517261622,
    "mhz": 509.272197888403
}