{
    "mh1": 518.8154351237778,
    "mh2": 544.3216049877533,
    "mhz": 443.1885517627129
}