{
    "mh1": 515.4302952437541,
    "mh2": 500.24173549653915,
    "mhz": 479.831089722149
}