{
    "mh1": 527.596646205045,
    "mh2": 489.8600837574808,
    "mhz": 492.693468408238
}