{
    "mh1": 516.3229760668577,
    "mh2": 517.1508997738055,
    "mhz": 514.9892757771684
}