{
    "mh1": 520.023720421642,
    "mh2": 525.1151045530253,
    "mhz": 519.8824808642785
}