{
    "mh1": 526.0143976114894,
    "mh2": 518.5262361832,
    "mhz": 592.3478286672038
}