{
    "mh1": 513.6822167906139,
    "mh2": 514.6193415490048,
    "mhz": 513.3176818996512
}