{
    "mh1": 519.291098439187,
    "mh2": 552.711558284095,
    "mhz": 441.0245630708381
}