{
    "mh1": 524.2280493733889,
    "mh2": 527.049709340963,
    "mhz": 521.9898532551954
}