{
    "mh1": 526.1673017832816,
    "mh2": 494.2622636889876,
    "mhz": 496.1576709786975
}