{
    "mh1": 505.0371113474823,
    "mh2": 500.44134905243754,
    "mhz": 512.2019996236545
}