{
    "mh1": 525.4948412042431,
    "mh2": 490.82312052963044,
    "mhz": 529.5335404390346
}