{
    "mh1": 515.3077298673926,
    "mh2": 517.3240075103056,
    "mhz": 515.7594196127473
}