{
    "mh1": 508.8014837481542,
    "mh2": 510.34675981768305,
    "mhz": 547.4539030560506
}