{
    "mh1": 507.00076274253263,
    "mh2": 505.6766392499499,
    "mhz": 490.8752282647426
}