{
    "mh1": 511.99956044494877,
    "mh2": 518.9177354842777,
    "mhz": 428.7785391686266
}