{
    "mh1": 513.0205678546818,
    "mh2": 516.6227991472051,
    "mhz": 528.294934236183
}