{
    "mh1": 512.5528506206554,
    "mh2": 490.2602205121386,
    "mhz": 509.8578567505324
}