{
    "mh1": 505.9965650915158,
    "mh2": 503.42629392002607,
    "mhz": 489.7099863129172
}