{
    "mh1": 519.3880862324515,
    "mh2": 503.3575541052146,
    "mhz": 532.1768329132598
}