{
    "mh1": 525.8260203151086,
    "mh2": 495.6655226537359,
    "mhz": 526.5080855466797
}