{
    "mh1": 510.62067679019276,
    "mh2": 501.91039876994273,
    "mhz": 510.6657126006433
}