{
    "mh1": 522.2038615536123,
    "mh2": 524.3915831565175,
    "mhz": 524.9795431805937
}