{
    "mh1": 527.8186605416719,
    "mh2": 490.58557299352935,
    "mhz": 493.0236684081213
}