{
    "mh1": 527.3029301087967,
    "mh2": 489.8567252536173,
    "mhz": 492.66974146180183
}