{
    "mh1": 513.1880813359003,
    "mh2": 517.8453351620939,
    "mhz": 596.1383154636194
}