{
    "mh1": 515.2964262473838,
    "mh2": 514.2580874361148,
    "mhz": 481.0846878440504
}