{
    "mh1": 515.231774590022,
    "mh2": 513.4202559303875,
    "mhz": 476.0156029405542
}