{
    "mh1": 521.4665872400625,
    "mh2": 523.0158204785619,
    "mhz": 513.1381512316846
}