{
    "mh1": 522.3504498032821,
    "mh2": 526.1235286920348,
    "mhz": 519.182410349444
}