{
    "mh1": 536.694899935668,
    "mh2": 531.4139967938801,
    "mhz": 531.3105335659519
}