{
    "mh1": 515.7320329313941,
    "mh2": 518.5111980222946,
    "mhz": 528.3249215878932
}