{
    "mh1": 510.3956545158199,
    "mh2": 501.1462181493853,
    "mhz": 509.04574938222595
}