{
    "mh1": 512.3649482506681,
    "mh2": 511.6114734921332,
    "mhz": 511.9981222328015
}