{
    "mh1": 513.454624938428,
    "mh2": 513.0436444419429,
    "mhz": 471.55748089656447
}