{
    "mh1": 508.8561866799243,
    "mh2": 523.9028395345855,
    "mhz": 551.7096171244368
}