{
    "mh1": 515.17214818201,
    "mh2": 512.9090073141572,
    "mhz": 476.00536957591953
}