{
    "mh1": 522.2708648156656,
    "mh2": 524.7697720693698,
    "mhz": 515.611548345507
}