{
    "mh1": 510.57379207834225,
    "mh2": 517.2896325736978,
    "mhz": 460.9569257450755
}