{
    "mh1": 505.95533626846844,
    "mh2": 537.4903661002504
}