{
    "mh1": 506.9217452830189,
    "mh2": 519.1793728162124,
    "mhz": 533.6800174703005
}