{
    "mh1": 509.0318191619727,
    "mh2": 511.52933689569574,
    "mhz": 479.85922182017083
}