{
    "mh1": 511.21194387202274,
    "mh2": 518.2756079839758,
    "mhz": 451.99746879259243
}