{
    "mh1": 511.6059303292465,
    "mh2": 517.8672104049983,
    "mhz": 429.92941919830156
}