{
    "mh1": 516.1656866309007,
    "mh2": 512.2086638510348,
    "mhz": 556.0631596779338
}