{
    "mh1": 518.8692609098795,
    "mh2": 516.2832795492695,
    "mhz": 515.9744473509106
}