{
    "mh1": 516.7148856433851,
    "mh2": 462.5924499988184
}