{
    "mh1": 523.1944625167898,
    "mh2": 561.409420797244,
    "mhz": 517.8661711012254
}