{
    "mh1": 515.994056148268,
    "mh2": 503.11603074757676,
    "mhz": 491.70747412162245
}