{
    "mh1": 512.514044140796,
    "mh2": 515.857906514397,
    "mhz": 535.3615806944708
}