{
    "mh1": 514.0060580795566,
    "mh2": 518.3127063104841,
    "mhz": 601.7872281422427
}