{
    "mh1": 508.85365150225397,
    "mh2": 518.7099882713018,
    "mhz": 457.2623419889812
}