{
    "mh1": 525.147308737211,
    "mh2": 495.2678686221652,
    "mhz": 496.99820984724147
}