{
    "mh1": 512.2172389787936,
    "mh2": 516.484861417692,
    "mhz": 590.1400038480375
}