{
    "mh1": 508.34280665586806,
    "mh2": 510.800814811049,
    "mhz": 481.6335282104322
}