{
    "mh1": 520.4679770908932,
    "mh2": 550.3328069503539,
    "mhz": 583.9531434167498
}