{
    "mh1": 515.5960747114152,
    "mh2": 512.4272968792613,
    "mhz": 478.6869795421688
}