{
    "mh1": 528.9511650613443,
    "mh2": 488.0726592120642,
    "mhz": 490.8119124826284
}