{
    "mh1": 517.6798069665372,
    "mh2": 518.2116602630967,
    "mhz": 489.7803007668559
}