{
    "mh1": 514.0287281111735,
    "mh2": 515.7992185537769,
    "mhz": 557.8832501878798
}