{
    "mh1": 509.3202882479189,
    "mh2": 511.40680299564156,
    "mhz": 476.2316942075505
}