{
    "mh1": 526.9696158323632,
    "mh2": 492.95856880798675,
    "mhz": 495.1082336755212
}