{
    "mh1": 525.0951749725592,
    "mh2": 527.7626274141161,
    "mhz": 521.3909866187898
}