{
    "mh1": 523.9182158296097,
    "mh2": 527.6488680601431,
    "mhz": 520.7461112449832
}