{
    "mh1": 524.3345973825134,
    "mh2": 529.5990149404131,
    "mhz": 521.192235557347
}