{
    "mh1": 516.2998591163093,
    "mh2": 538.1783688862565
}