{
    "mh1": 507.74592150746145,
    "mh2": 541.2893008971656
}