{
    "mh1": 512.2533485757501,
    "mh2": 516.9585156966688,
    "mhz": 429.2465161552359
}