{
    "mh1": 510.34623379035224,
    "mh2": 513.1817228916523,
    "mhz": 552.3956172474686
}