{
    "mh1": 505.8048161628448,
    "mh2": 502.9503655295902,
    "mhz": 512.6184420559753
}