{
    "mh1": 507.979954227013,
    "mh2": 511.48774522221777,
    "mhz": 479.09058826817983
}