{
    "mh1": 512.3859258228548,
    "mh2": 493.8085256654126
}