{
    "mh1": 512.0699314973281,
    "mh2": 493.5875411543815
}