{
    "mh1": 510.9541835795661,
    "mh2": 497.77234877736026
}