{
    "mh1": 516.4264969695697,
    "mh2": 524.4446266901,
    "mhz": 513.7249774240292
}