{
    "mh1": 511.0011096485994,
    "mh2": 494.6920538117231
}