{
    "mh1": 515.7889289763582,
    "mh2": 522.7409184528778,
    "mhz": 533.2412764505716
}