{
    "mh1": 516.6957291913059,
    "mh2": 521.5140006273515,
    "mhz": 537.087112205269
}