{
    "mh1": 514.0601722902724,
    "mh2": 527.072033409635,
    "mhz": 534.9238482976734
}