{
    "mh1": 502.9482161510365,
    "mh2": 517.2392206968229,
    "mhz": 522.0760961007277
}