{
    "mh1": 507.151156974202,
    "mh2": 504.48325666812417,
    "mhz": 492.05907620948204
}