{
    "mh1": 504.3345655671124,
    "mh2": 563.5694415307617
}