{
    "mh1": 511.88475288205893,
    "mh2": 495.65811191768273
}