{
    "mh1": 512.215784638646,
    "mh2": 515.7676885310145,
    "mhz": 553.7294334886592
}