{
    "mh1": 522.5202383952069,
    "mh2": 526.6892695406282,
    "mhz": 517.1811554768525
}