{
    "mh1": 527.7612945702364,
    "mh2": 487.8727136455413,
    "mhz": 511.7912144295596
}