{
    "mh1": 517.4240560315745,
    "mh2": 504.4742274167641,
    "mhz": 491.8168507707904
}