{
    "mh1": 516.991237573623,
    "mh2": 519.5421210971618,
    "mhz": 524.4447826455205
}