{
    "mh1": 514.3931427013156,
    "mh2": 531.1100295996697
}