{
    "mh1": 526.9967609723373,
    "mh2": 491.0435678159313,
    "mhz": 493.7879247933249
}