{
    "mh1": 515.2489764940038,
    "mh2": 514.749825208962,
    "mhz": 510.7151274291527
}