{
    "mh1": 521.1292272652385,
    "mh2": 519.7810611355135,
    "mhz": 509.1661763241511
}