{
    "mh1": 511.8839549671747,
    "mh2": 533.4835658300105
}