{
    "mh1": 515.1764370260117,
    "mh2": 538.8325593765792
}