{
    "mh1": 525.3292539218816,
    "mh2": 495.5217610120243,
    "mhz": 497.0459350263563
}