{
    "mh1": 514.2506077177524,
    "mh2": 526.7857997340827,
    "mhz": 509.30670287917496
}