{
    "mh1": 511.93728695396277,
    "mh2": 492.74135070986273
}