{
    "mh1": 513.9804634010527,
    "mh2": 505.30502559289175,
    "mhz": 488.58775756068775
}