{
    "mh1": 512.3768650394547,
    "mh2": 531.1612864267986
}