{
    "mh1": 511.7925990244311,
    "mh2": 497.2791245767716
}