{
    "mh1": 526.8295611758484,
    "mh2": 488.7834077898243,
    "mhz": 531.8675229017192
}