{
    "mh1": 525.0944724391276,
    "mh2": 526.0303616825599,
    "mhz": 520.9291627980983
}