{
    "mh1": 527.961090952801,
    "mh2": 512.4714540961329,
    "mhz": 492.099740238573
}