{
    "mh1": 526.2823358471056,
    "mh2": 493.22659630418696,
    "mhz": 495.6734895081207
}