{
    "mh1": 517.0779210290211,
    "mh2": 518.9760092142596,
    "mhz": 516.5059003239428
}