{
    "mh1": 512.780422205012,
    "mh2": 518.7017603801454,
    "mhz": 547.6490722184071
}