{
    "mh1": 521.0429311328375,
    "mh2": 513.0103131795205,
    "mhz": 515.0641630990169
}