{
    "mh1": 509.03044660967646,
    "mh2": 509.6061543138375,
    "mhz": 480.8906810161082
}