{
    "mh1": 512.1543568071326,
    "mh2": 515.6547616957165,
    "mhz": 426.53237482069585
}