{
    "mh1": 511.3656722554548,
    "mh2": 500.1829177186067,
    "mhz": 509.25448243766226
}