{
    "mh1": 511.85971774785287,
    "mh2": 493.2039221167201
}