{
    "mh1": 512.9225093735839,
    "mh2": 522.9098354775665,
    "mhz": 550.4008760329423
}