{
    "mh1": 516.1358867846052,
    "mh2": 513.676622062532,
    "mhz": 476.44676426333274
}