{
    "mh1": 519.7297339325152,
    "mh2": 518.7649562494759,
    "mhz": 532.0078151480737
}