{
    "mh1": 523.6220119486909,
    "mh2": 530.4575455452782,
    "mhz": 522.4447337901951
}