{
    "mh1": 511.9855608141226,
    "mh2": 492.1408554542642
}