{
    "mh1": 509.4889111163549,
    "mh2": 500.9802013848289,
    "mhz": 486.0774389073498
}