{
    "mh1": 517.3129545951676,
    "mh2": 510.78150995776684,
    "mhz": 480.96040143973283
}