{
    "mh1": 511.5495412389205,
    "mh2": 495.5988767287736
}