{
    "mh1": 511.9668733522995,
    "mh2": 499.02049536305225
}