{
    "mh1": 502.8910267396513,
    "mh2": 515.8073374279478,
    "mhz": 526.2195651717698
}