{
    "mh1": 513.5076968485262,
    "mh2": 516.9155900055869,
    "mhz": 583.0666355118842
}