{
    "mh1": 522.7083249969809,
    "mh2": 524.1106845186595,
    "mhz": 565.6859037903503
}