{
    "mh1": 507.41723129552963,
    "mh2": 506.4939321410963,
    "mhz": 489.2480332747678
}