{
    "mh1": 504.1770033840516,
    "mh2": 559.277062038938
}