{
    "mh1": 515.0343426468316,
    "mh2": 508.13793624175804,
    "mhz": 485.67129474358865
}