{
    "mh1": 514.0506592534867,
    "mh2": 531.9574831685279,
    "mhz": 574.6846765317354
}