{
    "mh1": 500.0191055730273,
    "mh2": 572.4028216264056
}