{
    "mh1": 506.8223287945464,
    "mh2": 504.2191179440352,
    "mhz": 515.7547144630719
}