{
    "mh1": 527.6720997594383,
    "mh2": 489.66009356413423,
    "mhz": 492.0822194752023
}