{
    "mh1": 517.2890605102698,
    "mh2": 520.1692625184226,
    "mhz": 491.85895399965545
}