{
    "mh1": 520.7509557970703,
    "mh2": 512.5754982432992,
    "mhz": 506.93341985683736
}