{
    "mh1": 515.1143859550934,
    "mh2": 520.4213298118884,
    "mhz": 509.3872703584201
}