{
    "mh1": 519.2445117229248,
    "mh2": 517.5027130540211,
    "mhz": 532.2791952164292
}