{
    "mh1": 505.52859410250676,
    "mh2": 517.6236276020591,
    "mhz": 548.8780052029829
}