{
    "mh1": 516.9526119192005,
    "mh2": 527.4498635598852
}