{
    "mh1": 507.4987437799471,
    "mh2": 481.6100329722091
}