{
    "mh1": 524.865016241669,
    "mh2": 527.7516857294088,
    "mhz": 522.0190044063314
}