{
    "mh1": 507.30039803159144,
    "mh2": 470.1208531456496
}