{
    "mh1": 514.5117106811977,
    "mh2": 526.7978812529186,
    "mhz": 567.701474343279
}