{
    "mh1": 524.2876358481651,
    "mh2": 536.5076970968196,
    "mhz": 561.6502846957285
}