{
    "mh1": 525.1628741950025,
    "mh2": 527.2795546749693,
    "mhz": 521.4510701119905
}