{
    "mh1": 523.5879430809089,
    "mh2": 530.2348364139914,
    "mhz": 523.0984091036572
}