{
    "mh1": 525.6018196932731,
    "mh2": 554.7468341771361
}