{
    "mh1": 523.672713625744,
    "mh2": 528.5216698084953,
    "mhz": 497.19693365892505
}