{
    "mh1": 511.9778062726772,
    "mh2": 494.63610286337376
}