{
    "mh1": 518.4122084114961,
    "mh2": 520.3893837308378,
    "mhz": 493.04562703612214
}