{
    "mh1": 511.9594640752995,
    "mh2": 512.4006386547828
}