{
    "mh1": 523.8405176226065,
    "mh2": 524.869508577325,
    "mhz": 519.5304130559358
}