{
    "mh1": 515.4548770811243,
    "mh2": 502.17365933811294,
    "mhz": 491.72775516151177
}