{
    "mh1": 517.8708953848584,
    "mh2": 546.9278490944932,
    "mhz": 436.53664451955507
}