{
    "mh1": 516.1286308618544,
    "mh2": 544.3958895259833,
    "mhz": 589.9738526275571
}