{
    "mh1": 516.7185878252297,
    "mh2": 545.9656661064564
}