{
    "mh1": 524.9062365042425,
    "mh2": 495.6944032590831,
    "mhz": 526.7182269437824
}