{
    "mh1": 512.4216104475653,
    "mh2": 517.3414004123471,
    "mhz": 425.331231428311
}