{
    "mh1": 523.1222969104746,
    "mh2": 534.3729953200354
}