{
    "mh1": 511.97123548318626,
    "mh2": 491.2653465008784,
    "mhz": 511.25041503369545
}