{
    "mh1": 514.0104516057629,
    "mh2": 518.6098182681477,
    "mhz": 472.3249016020349
}