{
    "mh1": 522.6386755598073,
    "mh2": 527.7659695526783,
    "mhz": 521.3369716344085
}