{
    "mh1": 512.019239018719,
    "mh2": 493.23124817248583
}