{
    "mh1": 527.4832686182208,
    "mh2": 493.61526630679896,
    "mhz": 495.0906545974743
}