{
    "mh1": 522.3034366672324,
    "mh2": 525.8505623639583,
    "mhz": 517.5493500653522
}