{
    "mh1": 512.1774874861371,
    "mh2": 527.3383886172878,
    "mhz": 511.7130861611849
}