{
    "mh1": 501.67607984345534,
    "mh2": 566.5735574590162,
    "mhz": 518.1476966602017
}