{
    "mh1": 525.1192628331665,
    "mh2": 495.9665869423506,
    "mhz": 497.2082296611181
}