{
    "mh1": 527.7670462006622,
    "mh2": 498.00454180951016,
    "mhz": 497.6893920558604
}