{
    "mh1": 516.1968071361281,
    "mh2": 520.580075844194,
    "mhz": 509.4961942121114
}