{
    "mh1": 514.6301384723598,
    "mh2": 531.3788754174672
}