{
    "mh1": 501.72067358255214,
    "mh2": 469.04977192961
}