{
    "mh1": 515.9366594739095,
    "mh2": 532.5587762490695,
    "mhz": 460.0642644730911
}