{
    "mh1": 529.2083514989528,
    "mh2": 529.8507567037709,
    "mhz": 494.4103708632364
}