{
    "mh1": 513.8845839160839,
    "mh2": 495.853230273234
}