{
    "mh1": 533.8270669978835,
    "mh2": 496.0028360053639,
    "mhz": 508.73839601138604
}