{
    "mh1": 521.4728533985672,
    "mh2": 517.0169488267743,
    "mhz": 514.8367513467329
}