{
    "mh1": 504.4632431600954,
    "mh2": 525.3380826275816,
    "mhz": 534.0458388613
}