{
    "mh1": 531.7535082612625,
    "mh2": 496.0983989734409,
    "mhz": 529.91200107691
}