{
    "mh1": 517.7515466428218,
    "mh2": 524.3433190109563,
    "mhz": 530.6937657111387
}