{
    "mh1": 519.9450922793121,
    "mh2": 513.3087823353115,
    "mhz": 527.5457474970362
}