{
    "mh1": 514.8212955860331,
    "mh2": 531.2425188677432,
    "mhz": 458.3527058030043
}