{
    "mh1": 527.1798060009228,
    "mh2": 554.9075265251391,
    "mhz": 579.8231346215537
}