{
    "mh1": 526.774550624015,
    "mh2": 493.44055352046684,
    "mhz": 495.6559069938317
}