{
    "mh1": 526.6438624964148,
    "mh2": 520.4412035782054,
    "mhz": 519.9464995890099
}