{
    "mh1": 512.0540536290006,
    "mh2": 531.5707350828816
}