{
    "mh1": 512.7009599225225,
    "mh2": 535.328496828833,
    "mhz": 581.7185863426972
}