{
    "mh1": 523.5450165872737,
    "mh2": 527.3288747488134,
    "mhz": 521.5745630979951
}