{
    "mh1": 516.5831739761227,
    "mh2": 506.003908482771,
    "mhz": 489.4764250380185
}