{
    "mh1": 526.7648713953595,
    "mh2": 491.40744759425996,
    "mhz": 494.19220427507497
}