{
    "mh1": 524.0392258828143,
    "mh2": 530.5517831254421,
    "mhz": 523.9996900869858
}