{
    "mh1": 514.6314645982302,
    "mh2": 493.68190332203847
}