{
    "mh1": 523.3982765561203,
    "mh2": 567.3789363902318
}