{
    "mh1": 513.640821458508,
    "mh2": 518.5657083408285,
    "mhz": 603.3292139478042
}