{
    "mh1": 510.7440705274786,
    "mh2": 490.57684642675594
}