{
    "mh1": 526.4637108610567,
    "mh2": 494.6754420603858,
    "mhz": 496.4610899496785
}