{
    "mh1": 512.0156078016223,
    "mh2": 503.6853358525488,
    "mhz": 489.63339631371946
}