{
    "mh1": 520.3297317887944,
    "mh2": 544.1512618318682
}