{
    "mh1": 513.443492709048,
    "mh2": 513.6843032395711,
    "mhz": 512.1817655459914
}