{
    "mh1": 511.92471575147397,
    "mh2": 493.87755445496947
}