{
    "mh1": 502.7313696891833,
    "mh2": 567.2630300178889
}