{
    "mh1": 517.7877604075671,
    "mh2": 519.5098795930062,
    "mhz": 491.3156001481502
}