{
    "mh1": 519.8484402687569,
    "mh2": 521.7293203095481,
    "mhz": 513.8634536466587
}