{
    "mh1": 522.7374564977878,
    "mh2": 522.442266561037,
    "mhz": 513.8965318838983
}