{
    "mh1": 527.4750713235616,
    "mh2": 489.78619124903565,
    "mhz": 492.92686982927864
}