{
    "mh1": 517.8192399647666,
    "mh2": 520.9605670184171,
    "mhz": 532.5238498038223
}