{
    "mh1": 511.17044193188065,
    "mh2": 515.9460503324801,
    "mhz": 575.3363329032393
}