{
    "mh1": 511.78782304598707,
    "mh2": 517.4295248969656,
    "mhz": 560.5454499366286
}