{
    "mh1": 511.2917586132791,
    "mh2": 500.494922616198,
    "mhz": 509.31069830503736
}