{
    "mh1": 512.075162904536,
    "mh2": 517.3783922071985,
    "mhz": 422.6513021048541
}