{
    "mh1": 517.5919423635255,
    "mh2": 504.3753965039552,
    "mhz": 492.9483004558878
}