{
    "mh1": 535.566054097905,
    "mh2": 497.0940043324481,
    "mhz": 526.1145792356606
}