{
    "mh1": 518.8225459996527,
    "mh2": 521.0831890665589,
    "mhz": 492.4095163578396
}