{
    "mh1": 522.4979969393448,
    "mh2": 532.0965548422748
}