{
    "mh1": 518.5663729183118,
    "mh2": 541.92575309151,
    "mhz": 584.6197220009225
}