{
    "mh1": 512.0344399388233,
    "mh2": 524.6666573139123,
    "mhz": 566.7472858104696
}