{
    "mh1": 511.4541380925417,
    "mh2": 512.5578909662764,
    "mhz": 457.3978322358824
}