{
    "mh1": 527.4279353507253,
    "mh2": 487.7940764273332,
    "mhz": 491.33689990022003
}