{
    "mh1": 504.12013567457694,
    "mh2": 486.2384728885559
}