{
    "mh1": 501.5600228518717,
    "mh2": 457.7762338937679
}