{
    "mh1": 515.7739635853329,
    "mh2": 512.8451555967072,
    "mhz": 475.1818372524943
}