{
    "mh1": 519.9769578971285,
    "mh2": 556.5135578299055
}