{
    "mh1": 515.9628844794304,
    "mh2": 504.60442273492345,
    "mhz": 489.3502080570838
}