{
    "mh1": 516.074384538215,
    "mh2": 511.1621082236632,
    "mhz": 492.2069751668152
}