{
    "mh1": 512.1818556982257,
    "mh2": 517.8076315108447,
    "mhz": 468.8818756817991
}