{
    "mh1": 510.9308157824253,
    "mh2": 533.4380454057688,
    "mhz": 454.72936079334096
}