{
    "mh1": 526.04135531494,
    "mh2": 495.2327715012189,
    "mhz": 497.04244402659043
}