{
    "mh1": 514.7326801017769,
    "mh2": 512.0372856416377,
    "mhz": 476.47893405938555
}