{
    "mh1": 505.60585874222295,
    "mh2": 512.7433006259516,
    "mhz": 478.2452165454238
}