{
    "mh1": 513.8766210012095,
    "mh2": 526.9740242466034,
    "mhz": 571.6301293382571
}