{
    "mh1": 524.5470833136785,
    "mh2": 525.8086739730144,
    "mhz": 519.1034164067892
}