{
    "mh1": 515.96746148851,
    "mh2": 512.6092128663652,
    "mhz": 491.3683571073437
}