{
    "mh1": 517.5879467787754,
    "mh2": 520.4759942727453,
    "mhz": 510.8195662990719
}