{
    "mh1": 511.52366168581966,
    "mh2": 517.795224223963,
    "mhz": 446.7441921970961
}