{
    "mh1": 507.3516843054118,
    "mh2": 544.4964021318357,
    "mhz": 442.6991906775045
}