{
    "mh1": 507.55997946334855,
    "mh2": 509.5644039552329,
    "mhz": 490.669060827694
}