{
    "mh1": 525.0339614725729,
    "mh2": 495.7307310421984,
    "mhz": 497.0687445372863
}