{
    "mh1": 505.4018516541456,
    "mh2": 511.43727172948047,
    "mhz": 493.5242830279147
}