{
    "mh1": 525.7462316922905,
    "mh2": 495.5641777356159,
    "mhz": 497.29093505838864
}