{
    "mh1": 527.9427725179278,
    "mh2": 538.6439670333948,
    "mhz": 489.79096821908695
}