{
    "mh1": 511.98487403275465,
    "mh2": 492.25038273468795
}