{
    "mh1": 511.9655763995077,
    "mh2": 490.00868663295734,
    "mhz": 513.9625433374066
}