{
    "mh1": 512.6179797516327,
    "mh2": 515.7798579344453,
    "mhz": 436.5495960758148
}