{
    "mh1": 526.9429314505194,
    "mh2": 493.84048353074803,
    "mhz": 495.5919426995202
}