{
    "mh1": 523.130751637994,
    "mh2": 527.6689756402693,
    "mhz": 520.5175634539415
}