{
    "mh1": 526.1614589777921,
    "mh2": 494.05956582361466,
    "mhz": 496.0716993885311
}