{
    "mh1": 532.474996238332,
    "mh2": 488.819775968558,
    "mhz": 533.7481341288099
}