{
    "mh1": 516.8044596312,
    "mh2": 522.0953943913455,
    "mhz": 531.6359670620527
}