{
    "mh1": 529.0189511304113,
    "mh2": 486.98150246646986,
    "mhz": 490.0350950528159
}