{
    "mh1": 515.3606895901104,
    "mh2": 513.3644496855345,
    "mhz": 545.93363825204
}