{
    "mh1": 499.1904157125242,
    "mh2": 571.6570042053057
}