{
    "mh1": 520.9620565051749,
    "mh2": 520.3698159307049,
    "mhz": 528.3023805060261
}