{
    "mh1": 505.7850779918731,
    "mh2": 503.19649897933505,
    "mhz": 491.65149534408994
}