{
    "mh1": 527.0190164621469,
    "mh2": 496.1383611556199,
    "mhz": 496.9549254658834
}