{
    "mh1": 507.59311603121967,
    "mh2": 504.5642393567158,
    "mhz": 489.99634767276586
}