{
    "mh1": 506.2974421901115,
    "mh2": 539.4248769203393,
    "mhz": 512.6939330614731
}