{
    "mh1": 505.87546769986085,
    "mh2": 503.76601893878467,
    "mhz": 491.41012469665077
}