{
    "mh1": 512.9523638576875,
    "mh2": 512.2924208979871,
    "mhz": 543.8527518796993
}