{
    "mh1": 517.0225913807185,
    "mh2": 522.1711725418802,
    "mhz": 518.3697582746596
}