{
    "mh1": 512.3111335730621,
    "mh2": 516.0313560662389,
    "mhz": 430.30206021207476
}