{
    "mh1": 518.3046479577738,
    "mh2": 520.4566001371167,
    "mhz": 517.0911808120662
}