{
    "mh1": 513.4682093550309,
    "mh2": 530.6305080243807,
    "mhz": 577.6473386571256
}