{
    "mh1": 525.6109765940274,
    "mh2": 496.41980461500754,
    "mhz": 497.4787781063379
}