{
    "mh1": 532.434244052372,
    "mh2": 521.135731109836,
    "mhz": 465.94656079667305
}