{
    "mh1": 515.2547841889573,
    "mh2": 511.2412340155354,
    "mhz": 494.08800354015113
}