{
    "mh1": 522.2944977144188,
    "mh2": 522.9176568903746,
    "mhz": 512.8738056886025
}