{
    "mh1": 515.3264691896625,
    "mh2": 513.3394572277175,
    "mhz": 475.52165766268956
}