{
    "mh1": 515.4505888720594,
    "mh2": 513.2763224419153,
    "mhz": 475.9419162782111
}