{
    "mh1": 524.2325001645031,
    "mh2": 567.1277741529702
}