{
    "mh1": 506.6944574370617,
    "mh2": 503.955576965185,
    "mhz": 492.7632651631268
}