{
    "mh1": 528.2997977937857,
    "mh2": 495.39886590735534,
    "mhz": 527.9551164243342
}