{
    "mh1": 520.8038122843195,
    "mh2": 519.8518278874151,
    "mhz": 512.7930524759793
}