{
    "mh1": 522.2244471713898,
    "mh2": 540.4899037080996
}