{
    "mh1": 512.4788519011581,
    "mh2": 514.4117403342286,
    "mhz": 548.5666968068244
}