{
    "mh1": 515.1053724589128,
    "mh2": 532.889777355274,
    "mhz": 451.1086566473096
}