{
    "mh1": 524.6668909143012,
    "mh2": 527.5166342526337,
    "mhz": 521.8278820581462
}