{
    "mh1": 520.5839039777063,
    "mh2": 526.3780215202082,
    "mhz": 611.6422527420591
}