{
    "mh1": 507.6124856599233,
    "mh2": 502.59944387121595,
    "mhz": 499.80152327320104
}