{
    "mh1": 509.50229576760466,
    "mh2": 519.5938585708816,
    "mhz": 509.0968086557258
}