{
    "mh1": 526.50033240028,
    "mh2": 494.8453621413576,
    "mhz": 496.449244226732
}