{
    "mh1": 518.8564892217546,
    "mh2": 520.1060948317881,
    "mhz": 515.5241287378492
}