{
    "mh1": 509.3184782285213,
    "mh2": 519.0320870779929,
    "mhz": 491.79817739103646
}