{
    "mh1": 521.3939103564853,
    "mh2": 521.2497590947345,
    "mhz": 513.0086690784326
}