{
    "mh1": 503.7319279929312,
    "mh2": 480.7244262018051
}