{
    "mh1": 521.377285019496,
    "mh2": 486.7436510265979
}