{
    "mh1": 511.79374492822564,
    "mh2": 497.8950787962735
}