{
    "mh1": 517.0748796500609,
    "mh2": 506.35505844903804,
    "mhz": 489.7163139748459
}