{
    "mh1": 512.6147630349199,
    "mh2": 519.8090999600356,
    "mhz": 515.3804785276074
}