{
    "mh1": 512.1602478609323,
    "mh2": 515.8176281911221,
    "mhz": 588.9664147275982
}