{
    "mh1": 512.3834875915559,
    "mh2": 520.1817014730067,
    "mhz": 599.674475026746
}