{
    "mh1": 507.7487868026521,
    "mh2": 522.0750077847015,
    "mhz": 491.17902426736083
}