{
    "mh1": 544.7801899787123,
    "mh2": 517.5412416684853,
    "mhz": 523.5107870426688
}