{
    "mh1": 528.0573859288378,
    "mh2": 489.32755504497896,
    "mhz": 491.9641256108787
}