{
    "mh1": 523.0413479743845,
    "mh2": 571.8512916187285
}