{
    "mh1": 504.40601874126514,
    "mh2": 522.3381616137883
}