{
    "mh1": 526.7108985251016,
    "mh2": 492.2134175059778,
    "mhz": 494.97256720527497
}