{
    "mh1": 540.8036643114852,
    "mh2": 550.9594375714028,
    "mhz": 582.1022976084198
}