{
    "mh1": 523.1703303764289,
    "mh2": 552.0969863217603
}