{
    "mh1": 526.0888547765868,
    "mh2": 493.9117922680989,
    "mhz": 495.99276182017496
}