{
    "mh1": 523.452499759344,
    "mh2": 525.9726824828697,
    "mhz": 520.2531924054355
}