{
    "mh1": 524.2162478072751,
    "mh2": 526.664967405019,
    "mhz": 522.3211235864482
}