{
    "mh1": 516.6470252257493,
    "mh2": 530.0733532566996,
    "mhz": 522.5707831747411
}