{
    "mh1": 526.180023298677,
    "mh2": 491.7367851107234,
    "mhz": 494.51566020812214
}