{
    "mh1": 507.83246486934416,
    "mh2": 538.5402192056943
}