{
    "mh1": 549.6874747478474,
    "mh2": 513.7224658469315,
    "mhz": 520.6144035510754
}