{
    "mh1": 525.2712426296088,
    "mh2": 528.0593961127247,
    "mhz": 497.450799675656
}