{
    "mh1": 520.0427378665687,
    "mh2": 520.0987520013498,
    "mhz": 514.0432291291444
}