{
    "mh1": 512.2053782676438,
    "mh2": 517.6534909015875,
    "mhz": 419.53942223621164
}