{
    "mh1": 512.4761213555485,
    "mh2": 530.858140821055,
    "mhz": 536.2409892239993
}