{
    "mh1": 514.5814639090584,
    "mh2": 494.33130027324887
}