{
    "mh1": 519.3600397674209,
    "mh2": 545.2280290903541,
    "mhz": 579.6095552390918
}