{
    "mh1": 517.6562437474201,
    "mh2": 504.7546974252486,
    "mhz": 491.25832774545216
}