{
    "mh1": 526.6220583254807,
    "mh2": 530.5087942211911,
    "mhz": 521.5031012973527
}