{
    "mh1": 518.2276524527945,
    "mh2": 512.1656375989314,
    "mhz": 457.87413040357677
}