{
    "mh1": 504.9623750333011,
    "mh2": 550.0734370441708,
    "mhz": 513.6897514787923
}