{
    "mh1": 520.8335538374224,
    "mh2": 560.4938683320672
}