{
    "mh1": 512.3748184302799,
    "mh2": 519.0849339703957,
    "mhz": 607.985898456829
}