{
    "mh1": 505.9755368591987,
    "mh2": 503.81022342301986,
    "mhz": 490.9936427331523
}