{
    "mh1": 506.29421783010935,
    "mh2": 501.1464420630638,
    "mhz": 487.7704599771518
}