{
    "mh1": 522.6112816604086,
    "mh2": 564.2151944766522,
    "mhz": 517.0939651645282
}