{
    "mh1": 516.0308546233855,
    "mh2": 527.0617190073814,
    "mhz": 547.9646840943087
}