{
    "mh1": 526.3664418740458,
    "mh2": 526.4877164592586,
    "mhz": 522.0800277207103
}