{
    "mh1": 515.6226497220571,
    "mh2": 512.2106291745547,
    "mhz": 478.89640880597693
}