{
    "mh1": 527.2019140257295,
    "mh2": 495.6275389603598,
    "mhz": 522.9253501865658
}