{
    "mh1": 525.0794570018686,
    "mh2": 526.4396837438906,
    "mhz": 521.6927226546726
}