{
    "mh1": 526.7513527788368,
    "mh2": 495.13577854574453,
    "mhz": 496.91526680576374
}