{
    "mh1": 519.6669657879978,
    "mh2": 515.9394497052931,
    "mhz": 515.4249110120701
}