{
    "mh1": 511.4416992938544,
    "mh2": 516.9703676384478,
    "mhz": 449.7006858365318
}