{
    "mh1": 518.2305459235615,
    "mh2": 500.26319979332715,
    "mhz": 530.2146801070999
}