{
    "mh1": 508.5955293065885,
    "mh2": 518.1007658762701,
    "mhz": 509.1513546332063
}