{
    "mh1": 514.9077014224353,
    "mh2": 515.7398502385975,
    "mhz": 546.9191743782404
}