{
    "mh1": 517.9320629515487,
    "mh2": 519.981821963976,
    "mhz": 516.8425662907757
}