{
    "mh1": 522.8129690150906,
    "mh2": 525.062750917949,
    "mhz": 527.2517563691822
}