{
    "mh1": 524.5772574203148,
    "mh2": 558.2725504303082
}