{
    "mh1": 518.2130640478708,
    "mh2": 522.4240446467389,
    "mhz": 518.9294306790575
}