{
    "mh1": 513.072568582048,
    "mh2": 512.3389532134036,
    "mhz": 451.3129637284644
}