{
    "mh1": 515.36092586946,
    "mh2": 518.3243004249198,
    "mhz": 566.9380925562559
}