{
    "mh1": 517.684574935188,
    "mh2": 519.1103789559121,
    "mhz": 491.1449562339507
}