{
    "mh1": 527.5421659040414,
    "mh2": 492.93748042132404,
    "mhz": 494.762757716558
}