{
    "mh1": 550.895160726398,
    "mh2": 514.1637901044862,
    "mhz": 520.7399668899063
}