{
    "mh1": 513.5020770012839,
    "mh2": 535.4153240237091,
    "mhz": 551.1599507186565
}