{
    "mh1": 510.8800992999736,
    "mh2": 518.7483119528587,
    "mhz": 411.3609732917779
}