{
    "mh1": 534.7596245711651,
    "mh2": 526.8647840362665,
    "mhz": 554.1054213857867
}