{
    "mh1": 512.7895373771257,
    "mh2": 516.2252246992215,
    "mhz": 438.9652501455209
}