{
    "mh1": 512.3659769990918,
    "mh2": 518.2937829434222,
    "mhz": 601.1086072206997
}