{
    "mh1": 514.779992693981,
    "mh2": 514.9172795916941,
    "mhz": 553.8074516033757
}