{
    "mh1": 527.446797177433,
    "mh2": 534.2432061707832,
    "mhz": 492.6451167546691
}