{
    "mh1": 526.6622749361956,
    "mh2": 491.99856658392474,
    "mhz": 494.86688459252525
}