{
    "mh1": 522.7215407463698,
    "mh2": 528.0999800876509,
    "mhz": 518.4522874336386
}