{
    "mh1": 511.95433925743447,
    "mh2": 490.9955921090834
}