{
    "mh1": 508.1314697116342,
    "mh2": 512.0278478049327,
    "mhz": 478.087678197065
}