{
    "mh1": 524.2975178717029,
    "mh2": 539.0638436716893,
    "mhz": 564.1912499051377
}