{
    "mh1": 503.92093494084315,
    "mh2": 551.0266452119254,
    "mhz": 513.1937433618051
}