{
    "mh1": 511.96170001821724,
    "mh2": 516.961312292097,
    "mhz": 452.0220860249709
}