{
    "mh1": 524.5854873020459,
    "mh2": 526.4243295958315,
    "mhz": 520.482719196574
}