{
    "mh1": 524.3500311334957,
    "mh2": 529.3695872804416,
    "mhz": 521.9026176854876
}