{
    "mh1": 513.3271530818237,
    "mh2": 514.3055407476802,
    "mhz": 512.7791859363584
}