{
    "mh1": 518.7486605815867,
    "mh2": 524.7457897474845,
    "mhz": 519.3476421608964
}