{
    "mh1": 521.3877445064968,
    "mh2": 538.3494471988015
}