{
    "mh1": 521.9138008859776,
    "mh2": 531.6717619227593
}