{
    "mh1": 503.8647263687847,
    "mh2": 495.64460038580216,
    "mhz": 518.4802269323189
}