{
    "mh1": 523.929393993215,
    "mh2": 530.4461134941864,
    "mhz": 522.622529162077
}