{
    "mh1": 523.4869537830826,
    "mh2": 548.6043855731264
}