{
    "mh1": 514.9103810945692,
    "mh2": 523.4369344818219,
    "mhz": 565.1091336938124
}