{
    "mh1": 520.8015654024734,
    "mh2": 551.2556002719097,
    "mhz": 584.4662860677738
}