{
    "mh1": 512.478034082508,
    "mh2": 518.0017151317076,
    "mhz": 604.4292766864003
}