{
    "mh1": 502.3747639903701,
    "mh2": 566.9581369466723
}