{
    "mh1": 512.3227271694147,
    "mh2": 511.71854216639974,
    "mhz": 446.19073293193753
}