{
    "mh1": 517.8886295286054,
    "mh2": 503.7769960029235,
    "mhz": 492.2990516122941
}