{
    "mh1": 512.0024460358648,
    "mh2": 492.4584412312258
}