{
    "mh1": 514.3583464539315,
    "mh2": 512.0161430525079,
    "mhz": 476.6916928426158
}