{
    "mh1": 511.8761169589008,
    "mh2": 489.8287988200013
}