{
    "mh1": 515.7780925535583,
    "mh2": 513.3716198563611,
    "mhz": 478.3036663544575
}