{
    "mh1": 517.3310962217672,
    "mh2": 531.8685438171818,
    "mhz": 565.551300267102
}