{
    "mh1": 524.16261775093,
    "mh2": 529.0787048703329,
    "mhz": 521.9330033900764
}