{
    "mh1": 521.6794844219683,
    "mh2": 517.4047781426727,
    "mhz": 535.5527800696416
}