{
    "mh1": 514.5855082902578,
    "mh2": 495.60544778543584
}