{
    "mh1": 525.6937063279452,
    "mh2": 495.66896379272356,
    "mhz": 526.8746802174609
}