{
    "mh1": 527.0091049424026,
    "mh2": 492.86037754705063,
    "mhz": 494.9665033175457
}