{
    "mh1": 528.0133789964711,
    "mh2": 531.0936306190677,
    "mhz": 519.8587262284717
}