{
    "mh1": 517.6595917169275,
    "mh2": 521.1243670786553,
    "mhz": 531.8106582381986
}