{
    "mh1": 524.700611236376,
    "mh2": 495.15351298199613,
    "mhz": 497.1317359122589
}