{
    "mh1": 531.5593513350997,
    "mh2": 475.9742741770311,
    "mhz": 482.4778198681669
}