{
    "mh1": 512.0316249208852,
    "mh2": 515.8133424947811,
    "mhz": 588.7408554229296
}