{
    "mh1": 514.0612284485827,
    "mh2": 517.0583286924929,
    "mhz": 587.4650610426534
}