{
    "mh1": 513.7692810997947,
    "mh2": 528.9208962467644,
    "mhz": 520.5380590307736
}