{
    "mh1": 509.12364909992584,
    "mh2": 509.61217595871346,
    "mhz": 480.8376953713897
}