{
    "mh1": 517.1146085200353,
    "mh2": 520.8331560088541,
    "mhz": 533.9361370934209
}