{
    "mh1": 545.7840240577877,
    "mh2": 518.1772979362088,
    "mhz": 1022.7699361078778
}