{
    "mh1": 505.50343004594373,
    "mh2": 462.6083357887124
}