{
    "mh1": 512.818613753642,
    "mh2": 526.2209458676656
}