{
    "mh1": 522.8569071155746,
    "mh2": 540.5265908816779
}