{
    "mh1": 514.8443827095782,
    "mh2": 532.3737743128114,
    "mhz": 571.2169065169269
}