{
    "mh1": 502.93306166099904,
    "mh2": 565.9075779055397
}