{
    "mh1": 527.2548333666005,
    "mh2": 489.9947385469285,
    "mhz": 492.99789892057044
}