{
    "mh1": 532.2982611759633,
    "mh2": 500.15239990183017,
    "mhz": 525.6697999095438
}