{
    "mh1": 527.7957795141657,
    "mh2": 529.0068812469963,
    "mhz": 529.2035909974796
}