{
    "mh1": 506.00492532292316,
    "mh2": 503.8033522509247,
    "mhz": 490.9712452954493
}