{
    "mh1": 517.7027613773258,
    "mh2": 520.7296483909415,
    "mhz": 499.9139451728248
}