{
    "mh1": 511.95378657370617,
    "mh2": 490.0286015904596,
    "mhz": 510.01032265299335
}