{
    "mh1": 506.05639092429016,
    "mh2": 503.5618058746598,
    "mhz": 489.36491640451027
}