{
    "mh1": 512.9188626239466,
    "mh2": 523.1555279011723,
    "mhz": 481.71457420447706
}