{
    "mh1": 512.2939648620127,
    "mh2": 545.9851285734075,
    "mhz": 576.5521096108139
}