{
    "mh1": 514.445257141697,
    "mh2": 512.7606237183522,
    "mhz": 475.8593867378637
}