{
    "mh1": 516.9151685960992,
    "mh2": 512.8871560079515,
    "mhz": 476.0026982523109
}