{
    "mh1": 513.338068217584,
    "mh2": 549.2987860148916,
    "mhz": 582.0883629836917
}