{
    "mh1": 511.3506992921351,
    "mh2": 499.47541809618616
}