{
    "mh1": 518.0600703571981,
    "mh2": 538.6628653162209,
    "mhz": 447.76817423608384
}