{
    "mh1": 521.9026284663361,
    "mh2": 524.1440379337213,
    "mhz": 518.1747881876444
}