{
    "mh1": 524.9413764875152,
    "mh2": 495.1471145344397,
    "mhz": 497.0587156516007
}