{
    "mh1": 516.0741988247196,
    "mh2": 514.376382066318,
    "mhz": 476.0596811576322
}