{
    "mh1": 518.2114753201752,
    "mh2": 520.5007674664785,
    "mhz": 492.7502752293578
}