{
    "mh1": 527.0851960305554,
    "mh2": 535.1653822079994,
    "mhz": 547.6894071387171
}