{
    "mh1": 516.952057259303,
    "mh2": 503.80496979917024,
    "mhz": 492.48005088228035
}