{
    "mh1": 504.94294697424664,
    "mh2": 518.0816874032108,
    "mhz": 528.2035145832451
}