{
    "mh1": 527.1449484645816,
    "mh2": 533.7633276499005,
    "mhz": 531.0228115881803
}