{
    "mh1": 508.8726254542913,
    "mh2": 538.2699199323391,
    "mhz": 445.57237432949523
}