{
    "mh1": 528.5184157175761,
    "mh2": 491.64199940196994,
    "mhz": 493.27052805899484
}