{
    "mh1": 513.4398395182743,
    "mh2": 526.4168885414458,
    "mhz": 534.8357189301356
}