{
    "mh1": 513.8223499586275,
    "mh2": 519.17118184539,
    "mhz": 604.6288617141892
}