{
    "mh1": 519.9500625685121,
    "mh2": 554.8710129288811,
    "mhz": 514.2258593253656
}