{
    "mh1": 513.4337391273818,
    "mh2": 512.5683678509686,
    "mhz": 476.4279076870149
}