{
    "mh1": 509.71048852961906,
    "mh2": 517.4031734318634,
    "mhz": 442.98906235245977
}