{
    "mh1": 519.8057149467028,
    "mh2": 517.5725317134555,
    "mhz": 548.5848757669814
}