{
    "mh1": 524.7152970099619,
    "mh2": 496.019449993049,
    "mhz": 497.6597552877993
}