{
    "mh1": 520.8429408216701,
    "mh2": 518.2220823229223,
    "mhz": 509.7906627909635
}