{
    "mh1": 538.1122961026355,
    "mh2": 514.2017174527992,
    "mhz": 525.0092409065547
}