{
    "mh1": 527.9779535512871,
    "mh2": 488.10811429570083,
    "mhz": 491.36210575617395
}