{
    "mh1": 511.77463995945874,
    "mh2": 532.677243878736
}