{
    "mh1": 509.1866043172759,
    "mh2": 504.29954967942837,
    "mhz": 495.654179918219
}