{
    "mh1": 523.9308824638747,
    "mh2": 526.2003157617753,
    "mhz": 519.334258398386
}