{
    "mh1": 507.4739771622765,
    "mh2": 534.7790690966303
}