{
    "mh1": 521.8248701528813,
    "mh2": 523.3323030279167,
    "mhz": 515.9678900231952
}