{
    "mh1": 509.03979138666,
    "mh2": 507.7389336218302,
    "mhz": 484.13586711455844
}