{
    "mh1": 508.49140705522194,
    "mh2": 511.45003023438414,
    "mhz": 481.9760146569074
}