{
    "mh1": 506.7028609447771,
    "mh2": 504.68893490032434,
    "mhz": 492.10927065369356
}