{
    "mh1": 514.8634311490555,
    "mh2": 522.6700393174643,
    "mhz": 599.4920206069762
}