{
    "mh1": 525.1282193003901,
    "mh2": 495.96237946850107,
    "mhz": 497.25602641756115
}