{
    "mh1": 525.8468524814506,
    "mh2": 512.5952352905481,
    "mhz": 497.47268891090664
}