{
    "mh1": 520.5796194173126,
    "mh2": 564.6069226150779,
    "mhz": 517.1856046421284
}