{
    "mh1": 512.0145501258389,
    "mh2": 514.0068381833814,
    "mhz": 549.6293675380339
}