{
    "mh1": 513.6793882513489,
    "mh2": 516.7739471677122,
    "mhz": 582.0655276412483
}