{
    "mh1": 502.3158215779456,
    "mh2": 512.932879255018
}