{
    "mh1": 528.547110788007,
    "mh2": 534.8133761446331,
    "mhz": 491.52018299444114
}