{
    "mh1": 513.086758071338,
    "mh2": 513.2413014055913,
    "mhz": 512.1027838919504
}