{
    "mh1": 505.43781250776277,
    "mh2": 521.2379136575757,
    "mhz": 492.8713851985002
}