{
    "mh1": 526.5858833857071,
    "mh2": 496.9772195904178,
    "mhz": 497.7908441184854
}