{
    "mh1": 526.8006270167205,
    "mh2": 493.0411247474507,
    "mhz": 495.5032652537401
}