{
    "mh1": 505.9911588165173,
    "mh2": 503.5207300459263,
    "mhz": 490.5558902892696
}