{
    "mh1": 522.2206532073151,
    "mh2": 539.229570595932
}