{
    "mh1": 518.5184100605602,
    "mh2": 520.6930571753649,
    "mhz": 515.088429985971
}