{
    "mh1": 537.1570660468257,
    "mh2": 519.3371135796999,
    "mhz": 850.4109684418181
}