{
    "mh1": 514.7010156351131,
    "mh2": 495.7774642565377
}