{
    "mh1": 524.8962664396347,
    "mh2": 527.7181408040296,
    "mhz": 522.4723491264537
}