{
    "mh1": 514.5909080406859,
    "mh2": 527.7002608051002
}