{
    "mh1": 522.7053728321324,
    "mh2": 496.1981784452266,
    "mhz": 500.23508924075423
}