{
    "mh1": 516.4657080052252,
    "mh2": 541.1881046458137,
    "mhz": 571.6096582500319
}