{
    "mh1": 525.3837944001007,
    "mh2": 527.3760776803531,
    "mhz": 520.6820904493812
}