{
    "mh1": 511.93222614107884,
    "mh2": 493.3470601659751
}