{
    "mh1": 509.81549171967566,
    "mh2": 518.4906684704395,
    "mhz": 509.0722203921583
}