{
    "mh1": 501.60830363881627,
    "mh2": 568.3644775287432
}