{
    "mh1": 527.0388559981649,
    "mh2": 492.17691556087874,
    "mhz": 494.8711879780349
}