{
    "mh1": 514.524816638492,
    "mh2": 512.3708336163482,
    "mhz": 476.5911450802443
}