{
    "mh1": 515.9470426072196,
    "mh2": 503.22965608660434,
    "mhz": 531.1306573899383
}