{
    "mh1": 508.8235369742315,
    "mh2": 511.4440668083858,
    "mhz": 479.1153121865188
}