{
    "mh1": 517.2297478198564,
    "mh2": 515.3670746711032,
    "mhz": 545.902476661156
}