{
    "mh1": 528.0816992179123,
    "mh2": 520.2414410614585,
    "mhz": 491.0340994997668
}