{
    "mh1": 539.2777661974594,
    "mh2": 530.9952158683577,
    "mhz": 532.441067381633
}