{
    "mh1": 509.1413749960368,
    "mh2": 511.45437694958576,
    "mhz": 476.2540491630957
}