{
    "mh1": 521.6630273406272,
    "mh2": 565.0192975088255
}