{
    "mh1": 522.6197731231175,
    "mh2": 526.8431389566662,
    "mhz": 521.3323516880616
}