{
    "mh1": 523.3651235788346,
    "mh2": 518.20641455426,
    "mhz": 527.548535306437
}