{
    "mh1": 512.0869094388157,
    "mh2": 516.3402769624894,
    "mhz": 591.7529871472502
}