{
    "mh1": 511.9183198796005,
    "mh2": 495.5232810380793
}