{
    "mh1": 531.6190656287098,
    "mh2": 514.1157520803825,
    "mhz": 517.7734857026802
}