{
    "mh1": 520.070769838178,
    "mh2": 550.8633189672491,
    "mhz": 440.4934201216924
}