{
    "mh1": 525.6089342742209,
    "mh2": 558.9936139806309
}