{
    "mh1": 506.20889923277053,
    "mh2": 519.3466277606933,
    "mhz": 491.7252026838133
}