{
    "mh1": 508.21584822484533,
    "mh2": 525.5925661123933
}