{
    "mh1": 523.6229986000441,
    "mh2": 570.2819045711893,
    "mhz": 519.0868033685161
}