{
    "mh1": 520.9464181661333,
    "mh2": 553.1189877936113,
    "mhz": 586.8673585447114
}