{
    "mh1": 517.6644313619147,
    "mh2": 536.4605926203383
}