{
    "mh1": 514.6750219807134,
    "mh2": 523.8285989034698,
    "mhz": 491.1673456160651
}