{
    "mh1": 524.4884018248691,
    "mh2": 528.5844505822897,
    "mhz": 522.7178871909492
}