{
    "mh1": 507.29951974395664,
    "mh2": 505.2215139010695,
    "mhz": 497.4722739049236
}