{
    "mh1": 511.5525643043243,
    "mh2": 513.6991307082762,
    "mhz": 464.04843559187896
}