{
    "mh1": 517.4240361102429,
    "mh2": 516.822495586998,
    "mhz": 521.3563312209393
}