{
    "mh1": 524.8238643814133,
    "mh2": 527.1324350124835,
    "mhz": 522.1944146248501
}