{
    "mh1": 520.6715657359784,
    "mh2": 526.5675831306758,
    "mhz": 521.1392059313005
}