{
    "mh1": 525.3620523020464,
    "mh2": 495.74731066070905,
    "mhz": 497.2232287772807
}