{
    "mh1": 511.9250274484307,
    "mh2": 495.8313442448654
}