{
    "mh1": 520.5282414822206,
    "mh2": 550.003899734125,
    "mhz": 582.4798755161303
}