{
    "mh1": 526.7150382437945,
    "mh2": 497.01062988544356,
    "mhz": 497.46200988110485
}