{
    "mh1": 512.3341402870396,
    "mh2": 521.3020297195635,
    "mhz": 565.2460908628865
}