{
    "mh1": 505.72828754633673,
    "mh2": 505.33911025230987,
    "mhz": 534.7646460451181
}