{
    "mh1": 513.6008567217075,
    "mh2": 530.2101075110509,
    "mhz": 519.117749231872
}