{
    "mh1": 529.7617648709512,
    "mh2": 525.3685938527644,
    "mhz": 526.3792438799385
}