{
    "mh1": 513.5820272888125,
    "mh2": 518.8801351181235,
    "mhz": 454.36666987193496
}