{
    "mh1": 520.9067051980704,
    "mh2": 524.3798023746494,
    "mhz": 517.0177521305701
}