{
    "mh1": 519.5549929745939,
    "mh2": 535.80137550369
}