{
    "mh1": 514.4631090203211,
    "mh2": 513.1712363024599,
    "mhz": 555.7259620090329
}