{
    "mh1": 523.9020771567128,
    "mh2": 526.0186463838086,
    "mhz": 524.4009970967847
}