{
    "mh1": 532.6886348012638,
    "mh2": 529.2722829175876,
    "mhz": 530.7724795074942
}