{
    "mh1": 527.9314757615357,
    "mh2": 535.1820735680781,
    "mhz": 532.6015010665749
}