{
    "mh1": 512.3009548533562,
    "mh2": 530.4646602843154,
    "mhz": 536.0975868223721
}