{
    "mh1": 510.8632982210761,
    "mh2": 514.785491997888,
    "mhz": 435.6138070171451
}