{
    "mh1": 520.886619288183,
    "mh2": 518.4172381310221,
    "mhz": 516.9196199939455
}