{
    "mh1": 508.06744957025086,
    "mh2": 512.2325638911789,
    "mhz": 478.1501012099589
}