{
    "mh1": 506.07588159831425,
    "mh2": 543.9850910818168
}