{
    "mh1": 517.2718981332621,
    "mh2": 533.6190914871172,
    "mhz": 564.018891132601
}