{
    "mh1": 514.6663298639727,
    "mh2": 522.1990588698355,
    "mhz": 536.7804563488578
}