{
    "mh1": 512.017221648575,
    "mh2": 493.6821493465651
}