{
    "mh1": 519.5177045668541,
    "mh2": 525.722252169317,
    "mhz": 519.3280601351115
}