{
    "mh1": 523.1212327792351,
    "mh2": 528.0161731555487,
    "mhz": 520.8338949935518
}