{
    "mh1": 512.0922386789628,
    "mh2": 490.80708318815255,
    "mhz": 509.0049288598313
}