{
    "mh1": 512.6147011669959,
    "mh2": 525.125365605409,
    "mhz": 539.402480005815
}