{
    "mh1": 517.322097952734,
    "mh2": 519.2102027384947,
    "mhz": 533.5684627691166
}