{
    "mh1": 525.1803529160854,
    "mh2": 495.3691970435427,
    "mhz": 497.0108157717622
}