{
    "mh1": 521.2056451162011,
    "mh2": 542.7002657908863
}