{
    "mh1": 516.0685581593791,
    "mh2": 520.3083998083562,
    "mhz": 489.49473509354783
}