{
    "mh1": 523.3509822762437,
    "mh2": 524.0447126815685,
    "mhz": 520.013668053052
}