{
    "mh1": 514.9407740511897,
    "mh2": 506.34095267362017,
    "mhz": 512.9815454052069
}