{
    "mh1": 510.6427120587608,
    "mh2": 499.36617115967516
}