{
    "mh1": 509.64128877113757,
    "mh2": 504.92795039522684,
    "mhz": 510.0858295293287
}