{
    "mh1": 506.5406028781407,
    "mh2": 503.37555316170153,
    "mhz": 490.85128592018737
}