{
    "mh1": 523.7972254836943,
    "mh2": 527.0459850325217,
    "mhz": 547.5931144599489
}