{
    "mh1": 516.9165325306635,
    "mh2": 532.456543609307,
    "mhz": 564.4839346601959
}