{
    "mh1": 505.8758532723434,
    "mh2": 503.5022405035899,
    "mhz": 491.7849331456721
}