{
    "mh1": 509.6124208812277,
    "mh2": 511.178460434048,
    "mhz": 475.1738605165845
}