{
    "mh1": 527.9176775450835,
    "mh2": 488.38497168598985,
    "mhz": 491.64400427887534
}