{
    "mh1": 527.6704938800116,
    "mh2": 487.26736046800136,
    "mhz": 491.02086118114926
}