{
    "mh1": 512.639601142101,
    "mh2": 493.7735471574935
}