{
    "mh1": 524.8898021255768,
    "mh2": 529.9668017878649,
    "mhz": 523.2337767445113
}