{
    "mh1": 513.9262814897866,
    "mh2": 518.7507673010623,
    "mhz": 603.0395537827388
}