{
    "mh1": 502.9395823759944,
    "mh2": 563.7529922061029
}