{
    "mh1": 511.946774368367,
    "mh2": 490.76264046749935,
    "mhz": 509.3440910585594
}