{
    "mh1": 514.5235320792538,
    "mh2": 519.8535408340612,
    "mhz": 572.5488342384879
}