{
    "mh1": 518.9354236031734,
    "mh2": 522.1223164178256,
    "mhz": 493.57936960815164
}