{
    "mh1": 526.0830413379092,
    "mh2": 553.5966047795316
}