{
    "mh1": 513.3857793744597,
    "mh2": 512.5250903599544,
    "mhz": 449.6424721345673
}