{
    "mh1": 507.1969777936112,
    "mh2": 504.44100047314663,
    "mhz": 491.9966657080036
}