{
    "mh1": 527.2335813493802,
    "mh2": 535.7959916798532,
    "mhz": 488.22730992522656
}