{
    "mh1": 515.4425060350559,
    "mh2": 523.6129837637343,
    "mhz": 557.5703473385634
}