{
    "mh1": 512.0056972599394,
    "mh2": 492.6235622743603
}