{
    "mh1": 526.3463248693537,
    "mh2": 493.69756877407855,
    "mhz": 528.836665519344
}