{
    "mh1": 521.3675249080072,
    "mh2": 539.627280204289
}