{
    "mh1": 513.4092927315317,
    "mh2": 534.466308427307,
    "mhz": 545.0190600713879
}