{
    "mh1": 514.5843824677244,
    "mh2": 491.3842750784092
}