{
    "mh1": 511.0788747061329,
    "mh2": 526.4635565957522
}