{
    "mh1": 513.2314249330348,
    "mh2": 498.1628126740005
}