{
    "mh1": 513.6587162168175,
    "mh2": 518.9316984187718,
    "mhz": 529.9464216114628
}