{
    "mh1": 525.841872749772,
    "mh2": 525.2647382129304,
    "mhz": 521.0870190018763
}