{
    "mh1": 515.5433670830594,
    "mh2": 512.2209396307328,
    "mhz": 476.5011816807919
}