{
    "mh1": 513.8214129065748,
    "mh2": 513.0756892593644,
    "mhz": 548.8023282952661
}