{
    "mh1": 526.2936836372106,
    "mh2": 527.0319723149455,
    "mhz": 522.2308751136119
}