{
    "mh1": 523.0189475379756,
    "mh2": 528.1943486345189,
    "mhz": 520.8064434799204
}