{
    "mh1": 518.1372764267435,
    "mh2": 528.5758733166455,
    "mhz": 522.0092453074253
}