{
    "mh1": 519.2025290252266,
    "mh2": 519.1301354471702,
    "mhz": 492.82014482653716
}