{
    "mh1": 501.12602420016333,
    "mh2": 552.2448048976473
}