{
    "mh1": 511.6179698803338,
    "mh2": 518.6572742013078,
    "mhz": 417.47105317549125
}