{
    "mh1": 511.1002220595455,
    "mh2": 498.93248236714425
}