{
    "mh1": 511.4040777592817,
    "mh2": 497.00048552259886
}