{
    "mh1": 523.3239063482536,
    "mh2": 525.6958449525436,
    "mhz": 520.4234260306299
}