{
    "mh1": 513.5134691965332,
    "mh2": 532.5504552517824,
    "mhz": 565.5602959675729
}