{
    "mh1": 513.8053684227389,
    "mh2": 514.2550819578696,
    "mhz": 514.6493875858549
}