{
    "mh1": 500.8875871203318,
    "mh2": 452.25321180555557
}