{
    "mh1": 521.9522898623841,
    "mh2": 525.9043203766994,
    "mhz": 541.4794971355714
}