{
    "mh1": 516.9964290456257,
    "mh2": 515.592365089265,
    "mhz": 456.7047705399461
}