{
    "mh1": 518.3168404499476,
    "mh2": 523.3860889060469,
    "mhz": 519.131711765956
}