{
    "mh1": 514.5021219351769,
    "mh2": 512.1237508330695
}