{
    "mh1": 526.0476063151199,
    "mh2": 492.83033795048703,
    "mhz": 495.22108784095514
}