{
    "mh1": 527.1173936212033,
    "mh2": 494.7161811082089,
    "mhz": 527.9681357175928
}