{
    "mh1": 507.6346779943174,
    "mh2": 513.56132279239,
    "mhz": 475.873296619932
}