{
    "mh1": 527.5555361854412,
    "mh2": 494.7559809362249,
    "mhz": 495.7926220339946
}