{
    "mh1": 530.1991434014597,
    "mh2": 524.5530183244468,
    "mhz": 526.2436358096679
}