{
    "mh1": 511.8790189750262,
    "mh2": 490.36406967419333
}