{
    "mh1": 514.5145433923606,
    "mh2": 493.46924512422703
}