{
    "mh1": 517.013037708138,
    "mh2": 513.5548255354088,
    "mhz": 491.9958097543539
}