{
    "mh1": 512.0074945764134,
    "mh2": 516.9509867371587,
    "mhz": 428.3652367001446
}