{
    "mh1": 501.64722909057105,
    "mh2": 464.24054303885055
}