{
    "mh1": 525.08284723227,
    "mh2": 527.6534823109682,
    "mhz": 522.1568634916767
}