{
    "mh1": 527.2579824074139,
    "mh2": 498.1831087673039,
    "mhz": 526.2142710235853
}