{
    "mh1": 516.3534109851897,
    "mh2": 542.3684033760441
}