{
    "mh1": 526.7921578288057,
    "mh2": 526.5050176806853,
    "mhz": 526.5580435219401
}