{
    "mh1": 527.3951520509194,
    "mh2": 524.2038306088027,
    "mhz": 509.07003946084325
}