{
    "mh1": 522.326163260011,
    "mh2": 542.5690057920456
}