{
    "mh1": 522.2523245360273,
    "mh2": 566.9730325955547
}