{
    "mh1": 502.6686019013593,
    "mh2": 565.5936919341216
}