{
    "mh1": 509.39563912454054,
    "mh2": 527.293050794749,
    "mhz": 562.398819412781
}