{
    "mh1": 506.20941220146887,
    "mh2": 503.6917060972321,
    "mhz": 508.6251919719393
}