{
    "mh1": 502.9723196737195,
    "mh2": 481.9869255713603
}