{
    "mh1": 512.0017115621222,
    "mh2": 490.4922926959964,
    "mhz": 509.2496743454741
}