{
    "mh1": 514.6945151630813,
    "mh2": 531.7529167568418,
    "mhz": 553.8821387255944
}