{
    "mh1": 512.8578169053596,
    "mh2": 525.4497135264863,
    "mhz": 539.7353335456751
}