{
    "mh1": 512.2299436072035,
    "mh2": 515.1044258688958,
    "mhz": 425.7986179751172
}