{
    "mh1": 512.3085887846155,
    "mh2": 514.1602580645161,
    "mhz": 545.4207987882653
}