{
    "mh1": 516.9521355221548,
    "mh2": 522.6768211402632,
    "mhz": 511.91748674976844
}