{
    "mh1": 527.5278893475918,
    "mh2": 494.94763517054866,
    "mhz": 496.00938000097835
}