{
    "mh1": 513.8809801359027,
    "mh2": 518.2758110118779,
    "mhz": 599.843691568062
}