{
    "mh1": 523.1223640292658,
    "mh2": 525.7179894893344,
    "mhz": 520.867223659164
}