{
    "mh1": 511.0891796541222,
    "mh2": 500.40950789995145,
    "mhz": 509.39254810548607
}