{
    "mh1": 520.1736637785627,
    "mh2": 551.6468659382609,
    "mhz": 579.5071811732134
}