{
    "mh1": 516.4333931978113,
    "mh2": 518.7198270440251,
    "mhz": 489.5649009526505
}