{
    "mh1": 518.1273776859085,
    "mh2": 538.0566543554446,
    "mhz": 447.8435821793363
}