{
    "mh1": 508.1912478049342,
    "mh2": 511.9051100143759,
    "mhz": 478.2454731266373
}