{
    "mh1": 511.7742011085051,
    "mh2": 518.3964404832072,
    "mhz": 416.0492424308673
}