{
    "mh1": 527.1106242885912,
    "mh2": 506.9801817201062,
    "mhz": 493.6296322889431
}