{
    "mh1": 524.7581972368394,
    "mh2": 527.1112031237716,
    "mhz": 521.505919061895
}