{
    "mh1": 508.0819976373384,
    "mh2": 521.2805550215822,
    "mhz": 542.9772105711075
}