{
    "mh1": 513.4077033812015,
    "mh2": 518.5733240407353,
    "mhz": 602.9809266170682
}