{
    "mh1": 514.5278175736028,
    "mh2": 494.26931498607865
}