{
    "mh1": 514.8218932029743,
    "mh2": 511.8580704852911,
    "mhz": 476.1936469230971
}