{
    "mh1": 513.3588798353445,
    "mh2": 512.6874446044028,
    "mhz": 512.1778099272583
}