{
    "mh1": 523.3633578639815,
    "mh2": 564.0632023879061
}