{
    "mh1": 519.1145993673479,
    "mh2": 551.6537291669241,
    "mhz": 579.0325480121115
}