{
    "mh1": 508.9503806107271,
    "mh2": 534.0897645677325,
    "mhz": 451.75314541897507
}