{
    "mh1": 560.8910328383087,
    "mh2": 563.3793035563327,
    "mhz": 560.630341584843
}