{
    "mh1": 502.3769742429034,
    "mh2": 567.6185476691019
}