{
    "mh1": 508.05571781265274,
    "mh2": 512.0003900100944,
    "mhz": 479.07270510130434
}