{
    "mh1": 368.12162843882425,
    "mh2": 632.0843147122966,
    "mhz": 609.631363736208
}