{
    "mh1": 511.34185437768656,
    "mh2": 498.816347827305
}