{
    "mh1": 512.0121561707097,
    "mh2": 516.4498770851624,
    "mhz": 570.2530140156557
}