{
    "mh1": 525.2818615054246,
    "mh2": 495.5938787439664,
    "mhz": 497.2128036038685
}