{
    "mh1": 511.6219290437091,
    "mh2": 490.12265721331687
}