{
    "mh1": 507.8526608104079,
    "mh2": 521.6509964050783,
    "mhz": 533.1532354605703
}