{
    "mh1": 514.5656825537878,
    "mh2": 526.1292781875659,
    "mhz": 562.4380706193904
}