{
    "mh1": 512.8052150135323,
    "mh2": 512.6610933431202,
    "mhz": 569.7864846540432
}