{
    "mh1": 510.90169278799596,
    "mh2": 497.54737848600007
}