{
    "mh1": 562.6803467922423,
    "mh2": 534.3001139755959
}