{
    "mh1": 506.473570097383,
    "mh2": 511.69874181919994,
    "mhz": 492.69275754903197
}