{
    "mh1": 509.42343320292247,
    "mh2": 500.2468150617214,
    "mhz": 479.8699098902784
}