{
    "mh1": 541.2508242579058,
    "mh2": 526.9725998675597,
    "mhz": 532.1584065863984
}