{
    "mh1": 515.4782260421325,
    "mh2": 524.4913092695843,
    "mhz": 490.53639037993315
}