{
    "mh1": 506.5539769236386,
    "mh2": 504.23059676241695,
    "mhz": 492.4822387998568
}