{
    "mh1": 521.0947318267009,
    "mh2": 519.75102630686,
    "mhz": 510.6180134760039
}