{
    "mh1": 527.6673306017527,
    "mh2": 488.63123839936134,
    "mhz": 491.78008869338913
}