{
    "mh1": 517.6167278929873,
    "mh2": 539.7192623094078
}