{
    "mh1": 512.2470163475828,
    "mh2": 531.8325948979771
}