{
    "mh1": 517.8082021178718,
    "mh2": 514.6488321692633,
    "mhz": 546.9363046740807
}