{
    "mh1": 518.2437536585153,
    "mh2": 521.443227507588,
    "mhz": 517.6600529447226
}