{
    "mh1": 512.0738865300275,
    "mh2": 516.7148111519591,
    "mhz": 600.1298991300337
}