{
    "mh1": 524.8511889475312,
    "mh2": 529.3502856444032,
    "mhz": 522.5995586932709
}