{
    "mh1": 518.0652102745344,
    "mh2": 535.3353362549941,
    "mhz": 454.38794913538965
}