{
    "mh1": 517.8244280945806,
    "mh2": 518.3612433961836,
    "mhz": 516.2040946863449
}