{
    "mh1": 505.2144509293569,
    "mh2": 545.4754823542751
}