{
    "mh1": 518.9470496547096,
    "mh2": 526.6640191390904
}