{
    "mh1": 528.3326628968448,
    "mh2": 534.0688579591623,
    "mhz": 492.39830846118895
}