{
    "mh1": 528.0762374740159,
    "mh2": 486.42391275674134,
    "mhz": 490.25674791600716
}