{
    "mh1": 545.9984709319249,
    "mh2": 515.5707396964341,
    "mhz": 521.44987427361
}