{
    "mh1": 524.3607260206347,
    "mh2": 528.2084512923591,
    "mhz": 522.3686758414223
}