{
    "mh1": 511.85403675042596,
    "mh2": 513.1780952797585,
    "mhz": 571.3133911059556
}