{
    "mh1": 544.498224425606,
    "mh2": 507.9193577166368,
    "mhz": 524.2005188607455
}