{
    "mh1": 517.9822228208393,
    "mh2": 493.1387304369425,
    "mhz": 515.37980456597
}