{
    "mh1": 518.880661420575,
    "mh2": 521.6676712203766,
    "mhz": 517.7105650527449
}