{
    "mh1": 547.093402140383,
    "mh2": 521.0209711828982,
    "mhz": 528.3664672733902
}