{
    "mh1": 516.0869775954869,
    "mh2": 517.7416534264696,
    "mhz": 488.71560156362096
}