{
    "mh1": 520.4759038147554,
    "mh2": 520.2123277123277,
    "mhz": 519.2058150828163
}