{
    "mh1": 520.8869602209202,
    "mh2": 549.6063680094244,
    "mhz": 438.4701192032272
}