{
    "mh1": 519.3820283930879,
    "mh2": 542.734032156818,
    "mhz": 514.3808912489199
}