{
    "mh1": 519.8728996862706,
    "mh2": 545.2082808539133,
    "mhz": 583.9984021455889
}