{
    "mh1": 511.46877874422495,
    "mh2": 499.6205539195456,
    "mhz": 509.13725308469265
}