{
    "mh1": 512.594348370752,
    "mh2": 517.3006440685676,
    "mhz": 588.3046772760038
}