{
    "mh1": 512.0999946036371,
    "mh2": 516.6174961191088,
    "mhz": 428.89417108115157
}