{
    "mh1": 505.4561112986061,
    "mh2": 503.05997548381004,
    "mhz": 492.9681971507361
}