{
    "mh1": 512.1243015734907,
    "mh2": 524.4477696167501,
    "mhz": 535.7818826653622
}