{
    "mh1": 518.295252295874,
    "mh2": 522.2318192276147,
    "mhz": 525.5957758080181
}