{
    "mh1": 514.3243202025019,
    "mh2": 518.8258914484064,
    "mhz": 456.53291031629874
}