{
    "mh1": 524.3056437785577,
    "mh2": 495.93849018255986,
    "mhz": 497.6365397459191
}