{
    "mh1": 524.6749231151401,
    "mh2": 526.3628440575613,
    "mhz": 520.0958550401131
}