{
    "mh1": 510.80182675226945,
    "mh2": 495.22432305317136
}