{
    "mh1": 524.3775312508759,
    "mh2": 529.0713845280679,
    "mhz": 521.8548573290427
}