{
    "mh1": 511.9620616159659,
    "mh2": 490.3706377963991,
    "mhz": 512.6086501551151
}