{
    "mh1": 516.5542995813614,
    "mh2": 517.1724348042288,
    "mhz": 516.2169630944752
}