{
    "mh1": 519.3973640026164,
    "mh2": 512.3209646103977,
    "mhz": 511.52488203247884
}