{
    "mh1": 508.12169687473533,
    "mh2": 511.9559709409057,
    "mhz": 478.52636772098026
}