{
    "mh1": 509.04662172905586,
    "mh2": 507.293015876986,
    "mhz": 485.07195802359297
}