{
    "mh1": 516.5790675817254,
    "mh2": 543.428705687013,
    "mhz": 590.6406116911355
}