{
    "mh1": 532.9120539487255,
    "mh2": 533.7590035439622,
    "mhz": 533.3697007393664
}