{
    "mh1": 516.2548840800739,
    "mh2": 545.7064885416157,
    "mhz": 580.2594094967568
}