{
    "mh1": 512.6983023395741,
    "mh2": 515.7335780914117,
    "mhz": 442.5021390841991
}