{
    "mh1": 514.909472108226,
    "mh2": 518.6532109370534,
    "mhz": 489.8462529345135
}