{
    "mh1": 510.57505987238875,
    "mh2": 502.7539821554684,
    "mhz": 514.5063694044729
}