{
    "mh1": 509.1513780064165,
    "mh2": 511.3160805556769,
    "mhz": 477.23337690205426
}