{
    "mh1": 523.4252715930344,
    "mh2": 530.3994830683736,
    "mhz": 521.4641338087877
}