{
    "mh1": 511.9685248148441,
    "mh2": 492.71276375163416
}