{
    "mh1": 515.3279078708412,
    "mh2": 515.8918255124547,
    "mhz": 513.7852557454837
}