{
    "mh1": 529.0184562113562,
    "mh2": 493.2905021576059,
    "mhz": 529.7723190684094
}