{
    "mh1": 512.0293035020616,
    "mh2": 515.0801521558633,
    "mhz": 559.8829981237154
}