{
    "mh1": 518.448873228221,
    "mh2": 521.6889997231357,
    "mhz": 531.0377849461937
}