{
    "mh1": 508.04110883858937,
    "mh2": 526.4959872485276,
    "mhz": 512.986388531798
}