{
    "mh1": 516.9733192005905,
    "mh2": 542.7034227515292,
    "mhz": 575.9890142564552
}