{
    "mh1": 518.7826792016874,
    "mh2": 521.9141024531305,
    "mhz": 530.2061632764819
}