{
    "mh1": 519.5783232192512,
    "mh2": 523.2469911334184,
    "mhz": 518.9414072132225
}