{
    "mh1": 514.0347881579613,
    "mh2": 513.914490221822,
    "mhz": 553.1099504258891
}