{
    "mh1": 522.2790449950863,
    "mh2": 521.495830452438,
    "mhz": 513.4495905012433
}