{
    "mh1": 515.7322667844746,
    "mh2": 512.8727048876094,
    "mhz": 475.9224081272757
}