{
    "mh1": 506.8475973627695,
    "mh2": 504.5020191412141,
    "mhz": 492.25406405684
}