{
    "mh1": 524.7600254614895,
    "mh2": 526.1053422192532,
    "mhz": 520.7160429490766
}