{
    "mh1": 516.1532257770618,
    "mh2": 513.3977059281135,
    "mhz": 477.21682765355087
}