{
    "mh1": 518.1000952625216,
    "mh2": 521.2062306140658,
    "mhz": 517.9280971383969
}