{
    "mh1": 505.66295437536286,
    "mh2": 555.3795232330594,
    "mhz": 514.8644375401045
}