{
    "mh1": 514.3515389247132,
    "mh2": 493.41946127227123
}