{
    "mh1": 504.99605488368496,
    "mh2": 559.2093205686757
}