{
    "mh1": 552.332595553038,
    "mh2": 520.2444290984108,
    "mhz": 527.492261052455
}