{
    "mh1": 522.1535474463352,
    "mh2": 527.1819726782982,
    "mhz": 519.7739454020003
}