{
    "mh1": 520.0752090280841,
    "mh2": 556.0506649280592,
    "mhz": 436.55951336878337
}