{
    "mh1": 543.8317267724772,
    "mh2": 534.6812914750567,
    "mhz": 533.9268394732485
}