{
    "mh1": 518.0082672678799,
    "mh2": 531.7891169622319,
    "mhz": 563.644357726208
}