{
    "mh1": 524.4174980868269,
    "mh2": 566.832441266307,
    "mhz": 518.5477489658567
}