{
    "mh1": 515.8909559122092,
    "mh2": 513.3968973389989,
    "mhz": 475.4880261862063
}