{
    "mh1": 518.8652902217736,
    "mh2": 549.5129727923982,
    "mhz": 513.8039740741331
}