{
    "mh1": 499.65010467208583,
    "mh2": 451.9112724943157
}