{
    "mh1": 514.0522197372638,
    "mh2": 519.2347743850646,
    "mhz": 603.9375753054248
}