{
    "mh1": 512.1043383303631,
    "mh2": 490.32887499650553,
    "mhz": 509.19160605303483
}