{
    "mh1": 524.4615161536593,
    "mh2": 526.388907911839,
    "mhz": 520.0481003060754
}