{
    "mh1": 526.6227910431772,
    "mh2": 492.9782488822391,
    "mhz": 495.5211672499873
}