{
    "mh1": 505.57439481573874,
    "mh2": 502.47851005378624,
    "mhz": 494.7966338968065
}