{
    "mh1": 515.8472734652034,
    "mh2": 515.0966006101828,
    "mhz": 565.7570114057798
}