{
    "mh1": 525.9207896703639,
    "mh2": 495.2999194861114,
    "mhz": 497.0366147582733
}