{
    "mh1": 524.8316509689216,
    "mh2": 527.3745300402848,
    "mhz": 520.8487056876178
}