{
    "mh1": 519.9550913625526,
    "mh2": 547.8648188433374,
    "mhz": 437.6342913583044
}