{
    "mh1": 511.98766794002466,
    "mh2": 513.911469134968,
    "mhz": 446.0432967029058
}