{
    "mh1": 510.00018410264863,
    "mh2": 519.8620279731315,
    "mhz": 509.16577616062426
}