{
    "mh1": 518.1377835847488,
    "mh2": 515.0323309910475,
    "mhz": 475.3731401195568
}