{
    "mh1": 525.4694641865435,
    "mh2": 496.0354742673162,
    "mhz": 497.65353846370147
}