{
    "mh1": 522.3235204773529,
    "mh2": 522.1319029830506,
    "mhz": 512.540969112018
}