{
    "mh1": 512.8617927958162,
    "mh2": 518.216367481778,
    "mhz": 598.5760695533011
}