{
    "mh1": 514.6457442663736,
    "mh2": 533.0504790892063,
    "mhz": 568.6801604508837
}