{
    "mh1": 519.4856053858178,
    "mh2": 520.9083826241242,
    "mhz": 517.4969209278534
}