{
    "mh1": 522.9375826782154,
    "mh2": 528.0132609788758,
    "mhz": 518.636277128367
}