{
    "mh1": 506.55032654562007,
    "mh2": 504.2336821797709,
    "mhz": 492.5028780404116
}