{
    "mh1": 525.8951226161847,
    "mh2": 527.4712491611208,
    "mhz": 497.05179241787664
}