{
    "mh1": 527.4475046074715,
    "mh2": 484.30978271342804,
    "mhz": 488.14279457545643
}