{
    "mh1": 516.5570530743362,
    "mh2": 505.969219948245,
    "mhz": 489.8711146570925
}