{
    "mh1": 512.4475472082399,
    "mh2": 517.3474514781591,
    "mhz": 597.6186991618583
}