{
    "mh1": 510.6471572023495,
    "mh2": 498.1740566459027
}