{
    "mh1": 524.4536264109686,
    "mh2": 527.2005806651792,
    "mhz": 521.3946758468355
}