{
    "mh1": 526.2192146070852,
    "mh2": 494.62027061499913,
    "mhz": 496.23684270300964
}