{
    "mh1": 515.0959134884241,
    "mh2": 512.213867296723,
    "mhz": 476.56184990493233
}