{
    "mh1": 512.1122114804273,
    "mh2": 517.9589686631156,
    "mhz": 421.71269929985016
}