{
    "mh1": 516.4051204233299,
    "mh2": 512.6506491940033,
    "mhz": 476.51217329559273
}