{
    "mh1": 525.0730160090868,
    "mh2": 495.98456182187647,
    "mhz": 497.25763237569015
}