{
    "mh1": 521.9917617795967,
    "mh2": 520.0943124626237,
    "mhz": 511.7425406704135
}