{
    "mh1": 514.5907557152487,
    "mh2": 532.4097465239565
}