{
    "mh1": 514.5816290520792,
    "mh2": 512.3895754234245,
    "mhz": 476.23798126324664
}