{
    "mh1": 505.9891530941775,
    "mh2": 503.54851430731856,
    "mhz": 488.824043086488
}