{
    "mh1": 523.8960671506416,
    "mh2": 526.4564467054755,
    "mhz": 519.7718832520399
}