{
    "mh1": 521.6025474764127,
    "mh2": 516.3179521553542,
    "mhz": 514.6170811529778
}