{
    "mh1": 526.7690721867281,
    "mh2": 492.48608223374384,
    "mhz": 495.8270879876343
}