{
    "mh1": 510.0675171730134,
    "mh2": 503.0382725848637,
    "mhz": 509.4084898815508
}