{
    "mh1": 503.41489866740943,
    "mh2": 537.3996496299217
}