{
    "mh1": 508.9673353633693,
    "mh2": 537.4485284132736,
    "mhz": 444.0724963418621
}