{
    "mh1": 507.1332572718505,
    "mh2": 503.0851435570131,
    "mhz": 491.36408189365983
}