{
    "mh1": 511.02949342082053,
    "mh2": 495.13673501065375
}