{
    "mh1": 513.5557008747712,
    "mh2": 514.2174715827131,
    "mhz": 545.6503748487667
}