{
    "mh1": 507.69120338709416,
    "mh2": 509.5070355341183,
    "mhz": 481.2302541831744
}