{
    "mh1": 516.5889344498586,
    "mh2": 541.6773338038823,
    "mhz": 582.9371165215447
}