{
    "mh1": 519.87316650023,
    "mh2": 523.384467805657,
    "mhz": 519.348930469593
}