{
    "mh1": 519.4311047968644,
    "mh2": 517.4808876372284,
    "mhz": 513.4248984602738
}