{
    "mh1": 512.4695696405283,
    "mh2": 490.81212436055614,
    "mhz": 515.006338555336
}