{
    "mh1": 517.2158711434392,
    "mh2": 515.9660259596603,
    "mhz": 475.8341635068769
}