{
    "mh1": 522.1299295743534,
    "mh2": 526.1209763080919,
    "mhz": 525.376923076923
}