{
    "mh1": 520.5009724583713,
    "mh2": 552.3880132543217
}