{
    "mh1": 507.44475134238564,
    "mh2": 497.08532603729554,
    "mhz": 514.1978331447685
}