{
    "mh1": 525.2135650361438,
    "mh2": 495.50809693591174,
    "mhz": 497.15318491162543
}