{
    "mh1": 526.0708287970585,
    "mh2": 527.7496640389768,
    "mhz": 526.3694006832857
}