{
    "mh1": 504.64359969187495,
    "mh2": 561.6490189663557
}