{
    "mh1": 526.874528377619,
    "mh2": 531.0971584229595,
    "mhz": 527.9935047327504
}