{
    "mh1": 512.6223984297109,
    "mh2": 571.9105829121877
}