{
    "mh1": 511.9514390782911,
    "mh2": 489.91609175924293,
    "mhz": 510.087406711203
}