{
    "mh1": 522.2595181970161,
    "mh2": 524.2437295729133,
    "mhz": 514.3433540789757
}