{
    "mh1": 515.2312374929751,
    "mh2": 537.1415025336441,
    "mhz": 510.76387337450205
}