{
    "mh1": 517.2364363691136,
    "mh2": 522.1318338336725,
    "mhz": 531.8715029591187
}