{
    "mh1": 521.9329577200822,
    "mh2": 563.7821670627242
}