{
    "mh1": 506.10445467434494,
    "mh2": 502.7803761219946,
    "mhz": 489.25404246381123
}