{
    "mh1": 510.3010143881245,
    "mh2": 519.9440540861772,
    "mhz": 423.0996429339192
}