{
    "mh1": 517.0411291269812,
    "mh2": 516.4186406507486,
    "mhz": 514.8827982286674
}