{
    "mh1": 525.1666234144254,
    "mh2": 494.95454688919205,
    "mhz": 526.8960241001882
}