{
    "mh1": 524.751973518499,
    "mh2": 529.7675347944843,
    "mhz": 522.477613033459
}