{
    "mh1": 517.6010432675791,
    "mh2": 520.140422215874,
    "mhz": 452.22849822995727
}