{
    "mh1": 506.5898831430678,
    "mh2": 504.0256236471009,
    "mhz": 492.52942845383933
}