{
    "mh1": 511.90705604635514,
    "mh2": 516.3469869507738,
    "mhz": 588.51486246529
}