{
    "mh1": 520.0284634395042,
    "mh2": 500.51853989474733,
    "mhz": 522.3289386463688
}