{
    "mh1": 515.8729204659293,
    "mh2": 512.6106828162549,
    "mhz": 476.38422760963675
}