{
    "mh1": 506.2055535647173,
    "mh2": 520.3692015096134,
    "mhz": 491.7395147771153
}