{
    "mh1": 527.5336719617426,
    "mh2": 490.66887969561964,
    "mhz": 493.12258814684003
}