{
    "mh1": 511.9284484038339,
    "mh2": 489.94646143610123
}