{
    "mh1": 526.6185641756729,
    "mh2": 494.08276101840903,
    "mhz": 495.9692740163038
}