{
    "mh1": 508.24683778786704,
    "mh2": 510.0918673882917,
    "mhz": 484.19122272940155
}