{
    "mh1": 506.6838633447877,
    "mh2": 502.88884305537835,
    "mhz": 488.2870139108579
}