{
    "mh1": 512.0053975129073,
    "mh2": 492.55682639835993
}