{
    "mh1": 519.0240407060613,
    "mh2": 523.8290068647644,
    "mhz": 519.5398465135065
}