{
    "mh1": 512.2006217986022,
    "mh2": 517.0519563587558,
    "mhz": 546.2454376691209
}