{
    "mh1": 517.6824016420367,
    "mh2": 520.4152356893192,
    "mhz": 492.05920613258223
}