{
    "mh1": 527.9566163332515,
    "mh2": 487.40145394667695,
    "mhz": 491.0846687454017
}