{
    "mh1": 517.4005073393396,
    "mh2": 517.0712001337399,
    "mhz": 475.3549225904928
}