{
    "mh1": 518.227117933306,
    "mh2": 538.955302430663,
    "mhz": 569.7044137355044
}