{
    "mh1": 514.5809466342484,
    "mh2": 494.15549708534877
}