{
    "mh1": 521.3423560808235,
    "mh2": 523.1385468740771,
    "mhz": 513.3610742195191
}