{
    "mh1": 526.8593260523553,
    "mh2": 492.98996954697856,
    "mhz": 495.527852274534
}