{
    "mh1": 512.0818308802834,
    "mh2": 518.4578836034335,
    "mhz": 595.1825093661114
}