{
    "mh1": 524.6359710118594,
    "mh2": 526.9945612199081,
    "mhz": 520.8851127767003
}