{
    "mh1": 513.4744834439355,
    "mh2": 515.5135833820347,
    "mhz": 577.74740106337
}