{
    "mh1": 513.3508925661343,
    "mh2": 527.1761782888163,
    "mhz": 537.5441185113419
}