{
    "mh1": 517.7518070335162,
    "mh2": 520.2908632182658,
    "mhz": 517.4198561066227
}