{
    "mh1": 554.2972764918756,
    "mh2": 520.0094470095108,
    "mhz": 527.5458830948264
}