{
    "mh1": 512.9739228971412,
    "mh2": 528.1785081648945,
    "mhz": 515.7224656706269
}