{
    "mh1": 527.8604428093457,
    "mh2": 490.42438116815254,
    "mhz": 492.8572495738846
}