{
    "mh1": 518.3517937932639,
    "mh2": 543.4887322217427,
    "mhz": 583.6853075180959
}