{
    "mh1": 527.6596368525312,
    "mh2": 494.577844643253,
    "mhz": 528.7819855899022
}