{
    "mh1": 514.7651889030494,
    "mh2": 494.5652754993475
}