{
    "mh1": 505.1774932261166,
    "mh2": 503.01532380854155,
    "mhz": 492.9757555310044
}