{
    "mh1": 524.6285337627437,
    "mh2": 526.1995817786994,
    "mhz": 519.9682766699596
}