{
    "mh1": 512.6914617498448,
    "mh2": 525.6542742756232,
    "mhz": 550.708578918709
}