{
    "mh1": 525.0131255743421,
    "mh2": 525.7944618663685,
    "mhz": 521.1404681748379
}