{
    "mh1": 516.8768275977748,
    "mh2": 534.0264368057084,
    "mhz": 566.3031610249744
}