{
    "mh1": 511.9558926385732,
    "mh2": 489.8661562026795,
    "mhz": 510.1066130442385
}