{
    "mh1": 498.87998296257575,
    "mh2": 567.3005479586267
}