{
    "mh1": 528.0347197833399,
    "mh2": 486.3117431118923,
    "mhz": 489.93204933543234
}