{
    "mh1": 515.3170595278673,
    "mh2": 536.3629714189814,
    "mhz": 541.3676323816017
}