{
    "mh1": 506.48225529629326,
    "mh2": 504.2480492942469,
    "mhz": 492.2950656766762
}