{
    "mh1": 514.7069317124851,
    "mh2": 517.6178580133004,
    "mhz": 562.5028746922637
}