{
    "mh1": 523.7361412841898,
    "mh2": 557.5143372372537
}