{
    "mh1": 503.8167939065331,
    "mh2": 563.3822930770757,
    "mhz": 517.3582588756643
}