{
    "mh1": 524.1303857167215,
    "mh2": 527.95377665278,
    "mhz": 520.0827276226904
}