{
    "mh1": 507.7748137095712,
    "mh2": 507.30076007583205,
    "mhz": 489.80521135586883
}