{
    "mh1": 511.9251192567312,
    "mh2": 490.97461902157954
}