{
    "mh1": 511.5780660251031,
    "mh2": 499.05368639816027
}