{
    "mh1": 526.3672173284928,
    "mh2": 496.9782492861083,
    "mhz": 497.61732633885686
}