{
    "mh1": 521.9476510590483,
    "mh2": 518.7455337837359,
    "mhz": 513.4920901331368
}