{
    "mh1": 508.95251625653566,
    "mh2": 505.698675406798,
    "mhz": 508.95656659071534
}