{
    "mh1": 500.5764901918093,
    "mh2": 494.7964822002494
}