{
    "mh1": 519.6032252784676,
    "mh2": 544.1570292150651,
    "mhz": 583.2253331995782
}