{
    "mh1": 507.29659564174835,
    "mh2": 505.99308756971567,
    "mhz": 489.768008676896
}