{
    "mh1": 514.8241513218256,
    "mh2": 531.9705849405849,
    "mhz": 519.9541662369622
}