{
    "mh1": 518.1789727733498,
    "mh2": 517.368396309031,
    "mhz": 514.0331740360115
}