{
    "mh1": 514.7042885749054,
    "mh2": 493.33880594921214
}