{
    "mh1": 511.0592723835284,
    "mh2": 498.16657842731263
}