{
    "mh1": 511.9630216485912,
    "mh2": 489.8706371099189
}