{
    "mh1": 507.2486776840694,
    "mh2": 502.8980129945847,
    "mhz": 491.05568278112764
}