{
    "mh1": 515.514761087288,
    "mh2": 512.4825071588335,
    "mhz": 475.23229921840357
}