{
    "mh1": 519.1350431444395,
    "mh2": 524.3221684177403,
    "mhz": 519.7053656182969
}