{
    "mh1": 515.3576212180526,
    "mh2": 514.4951508234599,
    "mhz": 533.3131707300024
}