{
    "mh1": 506.7354380936569,
    "mh2": 504.45216482521664,
    "mhz": 492.25200893403286
}