{
    "mh1": 508.83703428820667,
    "mh2": 504.25702049825446,
    "mhz": 495.77187764907825
}