{
    "mh1": 521.8965307524448,
    "mh2": 562.7704612884711
}