{
    "mh1": 527.7648613182653,
    "mh2": 532.8798856292631,
    "mhz": 494.2442751375867
}