{
    "mh1": 526.3065425140896,
    "mh2": 494.26606795615214,
    "mhz": 496.2518552875696
}