{
    "mh1": 515.979688463047,
    "mh2": 492.05545589485774,
    "mhz": 563.9293513214237
}