{
    "mh1": 512.2982570269456,
    "mh2": 491.42392835262837,
    "mhz": 510.00000631593576
}