{
    "mh1": 500.8716004533902,
    "mh2": 454.45596147652213
}