{
    "mh1": 514.4685455992002,
    "mh2": 495.2743603960396
}