{
    "mh1": 506.2954451342138,
    "mh2": 504.20307509522314,
    "mhz": 492.5580022364329
}