{
    "mh1": 525.9920919058227,
    "mh2": 494.71155324606343,
    "mhz": 496.93102508369384
}