{
    "mh1": 506.71706064839174,
    "mh2": 530.1656640385473,
    "mhz": 457.73298767456794
}