{
    "mh1": 517.6982436201183,
    "mh2": 530.5610948806845,
    "mhz": 464.58947659192074
}