{
    "mh1": 506.47911793952466,
    "mh2": 518.7218396036484,
    "mhz": 531.9392917103607
}