{
    "mh1": 531.7662817190594,
    "mh2": 525.1823344426465,
    "mhz": 619.6709403239637
}