{
    "mh1": 514.0227527363613,
    "mh2": 520.7778189583285,
    "mhz": 472.0770846302475
}