{
    "mh1": 516.7788795626182,
    "mh2": 515.2200135444092,
    "mhz": 514.1789400350457
}