{
    "mh1": 517.7460646549791,
    "mh2": 505.2651768820338,
    "mhz": 532.6115249069633
}