{
    "mh1": 518.1730464833579,
    "mh2": 514.8123806445926,
    "mhz": 492.59565900013774
}