{
    "mh1": 529.4894545848858,
    "mh2": 489.5294224322793,
    "mhz": 491.3272316303905
}