{
    "mh1": 527.749594155113,
    "mh2": 487.0375294507569,
    "mhz": 512.4062852892389
}