{
    "mh1": 521.4205216177711,
    "mh2": 567.5067004753569,
    "mhz": 517.4181702275224
}