{
    "mh1": 512.7183135538976,
    "mh2": 522.0515033767833,
    "mhz": 540.1586417324556
}