{
    "mh1": 529.313107018347,
    "mh2": 529.8629976828212,
    "mhz": 529.2075839130611
}