{
    "mh1": 506.2853107293578,
    "mh2": 517.0736852949309,
    "mhz": 474.6520737243902
}