{
    "mh1": 512.5299655993556,
    "mh2": 516.1441522342635,
    "mhz": 587.3954077086762
}