{
    "mh1": 512.8430457881699,
    "mh2": 522.9709738307163,
    "mhz": 548.7001590672761
}