{
    "mh1": 521.7700777878324,
    "mh2": 518.9057801406097,
    "mhz": 512.6107606501462
}