{
    "mh1": 512.2666782268743,
    "mh2": 522.7693229289824,
    "mhz": 542.4482433095138
}