{
    "mh1": 528.8867464029472,
    "mh2": 529.6778245756009,
    "mhz": 529.0447925077294
}