{
    "mh1": 514.7384408550454,
    "mh2": 520.9285685563883,
    "mhz": 517.6399987412543
}