{
    "mh1": 513.1691298943665,
    "mh2": 519.2860113408008,
    "mhz": 544.5755189910144
}