{
    "mh1": 525.8289508580823,
    "mh2": 567.5467436476627,
    "mhz": 519.9913451389291
}