{
    "mh1": 525.4166672500945,
    "mh2": 495.9183352703138,
    "mhz": 497.11078944789057
}