{
    "mh1": 527.3367052175843,
    "mh2": 488.4740626315539,
    "mhz": 492.083886411194
}