{
    "mh1": 508.7371856374992,
    "mh2": 512.8790934819942,
    "mhz": 477.00274460219316
}