{
    "mh1": 516.4597650084042,
    "mh2": 506.0366979426632,
    "mhz": 489.7378871941857
}