{
    "mh1": 507.8408036172947,
    "mh2": 507.9822326793169,
    "mhz": 483.0159070786763
}