{
    "mh1": 513.0954891078629,
    "mh2": 516.3989120929768,
    "mhz": 436.5190448819946
}