{
    "mh1": 518.8240081362951,
    "mh2": 521.9765717014809,
    "mhz": 531.359938761748
}