{
    "mh1": 513.0406853753202,
    "mh2": 519.5070482430297,
    "mhz": 474.9992360140112
}