{
    "mh1": 510.2014516066854,
    "mh2": 517.013844911062,
    "mhz": 535.0681266230011
}