{
    "mh1": 512.0823044404483,
    "mh2": 519.1962008506237,
    "mhz": 553.4911125165538
}