{
    "mh1": 527.8254840654487,
    "mh2": 489.4585093219953,
    "mhz": 492.0903264363304
}