{
    "mh1": 523.3071946622279,
    "mh2": 529.2252061491548,
    "mhz": 521.7804455852372
}