{
    "mh1": 518.7054307486454,
    "mh2": 520.489366819774,
    "mhz": 516.4623108952487
}