{
    "mh1": 528.6085599180175,
    "mh2": 489.5080539796238,
    "mhz": 491.9999929571265
}