{
    "mh1": 527.3214170698068,
    "mh2": 528.5623825142734,
    "mhz": 532.0528032876693
}