{
    "mh1": 512.2401205050106,
    "mh2": 533.2013766670577,
    "mhz": 508.989057336119
}