{
    "mh1": 516.20822287897,
    "mh2": 516.1969421250446,
    "mhz": 514.5421923282859
}