{
    "mh1": 513.7453767620985,
    "mh2": 524.1435445286659,
    "mhz": 524.9628638012427
}