{
    "mh1": 514.8703116661229,
    "mh2": 512.3330756059108,
    "mhz": 476.5710796978189
}