{
    "mh1": 512.4619108149631,
    "mh2": 537.5208667495477
}