{
    "mh1": 508.86254988484734,
    "mh2": 510.29262040885214,
    "mhz": 481.640819813928
}