{
    "mh1": 503.3640513392271,
    "mh2": 565.1607726160341
}