{
    "mh1": 506.976241802469,
    "mh2": 504.0362378512197,
    "mhz": 491.4841739951396
}