{
    "mh1": 515.3460318627194,
    "mh2": 532.0595218299221,
    "mhz": 568.0748715327854
}