{
    "mh1": 524.8690350272497,
    "mh2": 526.3930474623484,
    "mhz": 520.4932959129977
}