{
    "mh1": 511.96480732472304,
    "mh2": 491.11945155811355,
    "mhz": 510.0064372809573
}