{
    "mh1": 505.76345286376653,
    "mh2": 501.28832472785444,
    "mhz": 493.3608738156603
}