{
    "mh1": 518.2512688904744,
    "mh2": 530.2754819463701,
    "mhz": 515.6177154286452
}