{
    "mh1": 512.752032150652,
    "mh2": 533.785216988309,
    "mhz": 575.3184500341806
}