{
    "mh1": 510.5538835234733,
    "mh2": 502.8235258361619,
    "mhz": 515.2971141775577
}