{
    "mh1": 512.4567026167211,
    "mh2": 493.3005577861954
}