{
    "mh1": 525.1168996588225,
    "mh2": 527.0184561439117,
    "mhz": 522.0012771481457
}