{
    "mh1": 508.54624111880327,
    "mh2": 527.5254157727716,
    "mhz": 465.95590741735543
}