{
    "mh1": 518.2300157323984,
    "mh2": 522.4634759910454,
    "mhz": 518.5666425306682
}