{
    "mh1": 527.681162817958,
    "mh2": 538.1220672883462,
    "mhz": 534.5224295271953
}