{
    "mh1": 525.6485877206932,
    "mh2": 495.9821103715108,
    "mhz": 497.7368615122215
}