{
    "mh1": 512.9452705873118,
    "mh2": 518.0582619539949,
    "mhz": 605.6504622608857
}