{
    "mh1": 528.1482552545302,
    "mh2": 498.5412739871975,
    "mhz": 526.0867176811837
}