{
    "mh1": 506.4895125543591,
    "mh2": 503.90988016053143,
    "mhz": 490.9929641199821
}