{
    "mh1": 526.0511265664226,
    "mh2": 524.5558065429084,
    "mhz": 520.8549628322604
}