{
    "mh1": 528.2379109372323,
    "mh2": 488.15508286877525,
    "mhz": 491.066329402469
}