{
    "mh1": 516.3656725724493,
    "mh2": 520.1362932233634,
    "mhz": 555.6962785535669
}