{
    "mh1": 510.56955151840185,
    "mh2": 498.691705301635
}