{
    "mh1": 524.0864138228457,
    "mh2": 526.0274080190458,
    "mhz": 520.2737772167876
}