{
    "mh1": 523.0672222744004,
    "mh2": 537.2163238398027
}