{
    "mh1": 514.7249000373758,
    "mh2": 511.22339874120695,
    "mhz": 544.2548668041818
}