{
    "mh1": 517.0732215516728,
    "mh2": 528.19468332166,
    "mhz": 516.8095555734994
}