{
    "mh1": 514.336848230502,
    "mh2": 519.2078256637761,
    "mhz": 426.30473619528055
}