{
    "mh1": 524.9050636120304,
    "mh2": 526.6982859600477,
    "mhz": 521.8344333115961
}