{
    "mh1": 501.57707609504223,
    "mh2": 535.5473469930721
}