{
    "mh1": 510.3440815069835,
    "mh2": 501.79869741372073,
    "mhz": 513.8658001229248
}