{
    "mh1": 511.87823433678034,
    "mh2": 490.59522774973715
}