{
    "mh1": 518.1738212563346,
    "mh2": 562.0331029821923,
    "mhz": 518.7238184427952
}