{
    "mh1": 525.9760421912795,
    "mh2": 494.1054322787268,
    "mhz": 496.1502443661023
}