{
    "mh1": 515.612966346726,
    "mh2": 521.8038770584621,
    "mhz": 557.5003106541238
}