{
    "mh1": 524.2483492210062,
    "mh2": 527.9250788500744,
    "mhz": 520.1151174875162
}