{
    "mh1": 501.150728321234,
    "mh2": 470.2295949671111
}