{
    "mh1": 517.9222164562071,
    "mh2": 520.0091889634591,
    "mhz": 531.6481532281596
}