{
    "mh1": 507.80450549642603,
    "mh2": 511.72755775606396,
    "mhz": 479.3858728990844
}