{
    "mh1": 514.527002715638,
    "mh2": 520.048662316447,
    "mhz": 571.8316368707453
}