{
    "mh1": 508.545290174711,
    "mh2": 513.5313914466846,
    "mhz": 475.67570697859674
}