{
    "mh1": 498.27794538047664,
    "mh2": 574.8286646428623
}