{
    "mh1": 538.7862935321566,
    "mh2": 523.100909341517,
    "mhz": 526.0197023470475
}