{
    "mh1": 512.3585206356545,
    "mh2": 516.7855347839411,
    "mhz": 432.7537948836493
}