{
    "mh1": 517.5935523598832,
    "mh2": 548.5129143911737,
    "mhz": 592.6410994566925
}