{
    "mh1": 519.7527434314911,
    "mh2": 549.7710799372329,
    "mhz": 579.8913511473324
}