{
    "mh1": 507.20479814495513,
    "mh2": 505.8887039122558,
    "mhz": 489.8243297122992
}