{
    "mh1": 514.0966599704108,
    "mh2": 515.5656933049272,
    "mhz": 550.117011657132
}