{
    "mh1": 531.5725980492379,
    "mh2": 512.0038536122968,
    "mhz": 482.552219078499
}