{
    "mh1": 545.4215032545696,
    "mh2": 521.0187263149531,
    "mhz": 528.1004879544896
}