{
    "mh1": 510.55617559722856,
    "mh2": 492.5926568625003
}