{
    "mh1": 505.93897823419235,
    "mh2": 520.6878700581758,
    "mhz": 492.8490753718859
}