{
    "mh1": 522.9265712856428,
    "mh2": 495.6983147438899,
    "mhz": 526.3775062631566
}