{
    "mh1": 518.6982007638895,
    "mh2": 521.0622749768547,
    "mhz": 530.3545926628644
}