{
    "mh1": 512.6898916657465,
    "mh2": 530.6875762398172,
    "mhz": 562.6148709254185
}