{
    "mh1": 518.9054297406001,
    "mh2": 518.9550345847379,
    "mhz": 474.19838950058056
}