{
    "mh1": 502.8159595736846,
    "mh2": 497.9323626271893,
    "mhz": 523.7724606083805
}