{
    "mh1": 523.9580481520251,
    "mh2": 525.2645555993173,
    "mhz": 520.2116690064662
}