{
    "mh1": 524.9983225819993,
    "mh2": 495.5870438262622,
    "mhz": 497.1275502350834
}