{
    "mh1": 515.108321702691,
    "mh2": 511.8261608858053,
    "mhz": 527.6514321037812
}