{
    "mh1": 506.26128499203617,
    "mh2": 504.2422486744619,
    "mhz": 491.25065485470304
}