{
    "mh1": 506.7954464031373,
    "mh2": 504.5645701642937,
    "mhz": 492.39435622835134
}