{
    "mh1": 522.7407594404124,
    "mh2": 526.007098427792,
    "mhz": 515.5161891471618
}