{
    "mh1": 527.3985284991514,
    "mh2": 489.5242797603403,
    "mhz": 512.3404920148585
}