{
    "mh1": 519.0424013573466,
    "mh2": 520.1834397174894,
    "mhz": 516.1540671261026
}