{
    "mh1": 523.4620928256737,
    "mh2": 527.899870719556,
    "mhz": 521.4437865572628
}