{
    "mh1": 524.7422597732347,
    "mh2": 530.1972301312965,
    "mhz": 523.7038107145484
}