{
    "mh1": 506.63871766064733,
    "mh2": 504.4427159009449,
    "mhz": 492.3153922597901
}