{
    "mh1": 517.9927419832411,
    "mh2": 519.994446346451,
    "mhz": 531.5736072454328
}