{
    "mh1": 511.9533622673447,
    "mh2": 491.12373549701414
}