{
    "mh1": 563.3052497701559,
    "mh2": 561.4348049080259
}