{
    "mh1": 538.2065928932881,
    "mh2": 571.2368915107351,
    "mhz": 548.9077757685352
}