{
    "mh1": 531.2010995680268,
    "mh2": 475.98511293055833,
    "mhz": 482.7641195201909
}