{
    "mh1": 527.3455277251492,
    "mh2": 534.4198366101433,
    "mhz": 532.3951639692534
}