{
    "mh1": 514.943307392112,
    "mh2": 512.1138411582126,
    "mhz": 475.58849302332084
}