{
    "mh1": 506.2692219613629,
    "mh2": 504.31537418105285,
    "mhz": 491.2082957509142
}