{
    "mh1": 510.3228522747817,
    "mh2": 518.8266218646993,
    "mhz": 421.25803441481486
}