{
    "mh1": 519.8998074539077,
    "mh2": 525.7619531597559,
    "mhz": 520.0636396886858
}