{
    "mh1": 523.4055914403455,
    "mh2": 535.7391013488618,
    "mhz": 528.3561336484072
}