{
    "mh1": 524.3973362813408,
    "mh2": 527.9814955298092,
    "mhz": 521.494873699591
}