{
    "mh1": 512.3389295271448,
    "mh2": 527.9122419009225,
    "mhz": 517.8276057451808
}