{
    "mh1": 726.2475404044865,
    "mh2": 708.5645502037497,
    "mhz": 731.6567500264915
}