{
    "mh1": 517.7118793567469,
    "mh2": 548.8010865172012,
    "mhz": 593.418546044154
}