{
    "mh1": 512.2611741119856,
    "mh2": 529.1076899351417
}