{
    "mh1": 519.701361627766,
    "mh2": 519.7980446093082,
    "mhz": 512.1401401464123
}