{
    "mh1": 523.6558698597811,
    "mh2": 528.50309060183,
    "mhz": 522.2786316198132
}