{
    "mh1": 519.3262155868341,
    "mh2": 547.5889054073648,
    "mhz": 580.9752176275238
}