{
    "mh1": 520.4302703773142,
    "mh2": 524.9627009923155,
    "mhz": 521.9288166603885
}