{
    "mh1": 514.0238816423969,
    "mh2": 515.3572125310324,
    "mhz": 548.1190175860602
}