{
    "mh1": 519.6532724031274,
    "mh2": 553.7807340435055,
    "mhz": 523.7947867290097
}