{
    "mh1": 526.2572748591228,
    "mh2": 496.31012040180605,
    "mhz": 497.3692082881243
}