{
    "mh1": 515.1791306386624,
    "mh2": 512.4380176071518,
    "mhz": 547.9223906955813
}