{
    "mh1": 532.6500201052465,
    "mh2": 513.3800911543242,
    "mhz": 520.4106652400658
}