{
    "mh1": 512.8636122330706,
    "mh2": 532.7341162467062,
    "mhz": 573.9623893854242
}