{
    "mh1": 523.8599429568533,
    "mh2": 526.9487167807481,
    "mhz": 522.8115895565401
}