{
    "mh1": 524.785518017703,
    "mh2": 538.8285021621414,
    "mhz": 552.6635601737353
}