{
    "mh1": 518.7553958638127,
    "mh2": 525.0322651122393,
    "mhz": 519.9924301440368
}