{
    "mh1": 511.22208971975726,
    "mh2": 494.58082392616194
}