{
    "mh1": 511.961320481307,
    "mh2": 492.92784665199736
}