{
    "mh1": 517.469993565152,
    "mh2": 503.4644184354026,
    "mhz": 531.6811944506946
}