{
    "mh1": 527.1479429189071,
    "mh2": 489.0720180132989,
    "mhz": 491.9999941363418
}