{
    "mh1": 521.0359951163373,
    "mh2": 514.8305969770167,
    "mhz": 515.0860671602707
}