{
    "mh1": 518.0748358510411,
    "mh2": 516.9670147655181,
    "mhz": 515.0683641217653
}