{
    "mh1": 512.5100224694669,
    "mh2": 490.023179917986,
    "mhz": 509.9977675456955
}