{
    "mh1": 525.0381427257939,
    "mh2": 495.66479594452903,
    "mhz": 497.16603543390625
}