{
    "mh1": 513.39321030939,
    "mh2": 531.9682504153187,
    "mhz": 513.9752040691476
}