{
    "mh1": 510.79988703370805,
    "mh2": 514.6419833392786,
    "mhz": 442.18035535693053
}