{
    "mh1": 515.9073728671211,
    "mh2": 521.7895017734436,
    "mhz": 460.20620066341957
}