{
    "mh1": 510.84441508717816,
    "mh2": 517.5156852268121,
    "mhz": 434.65006448759993
}