{
    "mh1": 518.2910355620929,
    "mh2": 528.2132067288616,
    "mhz": 523.0353828777286
}