{
    "mh1": 512.0261252682544,
    "mh2": 493.0794388760717
}