{
    "mh1": 522.9010300927391,
    "mh2": 525.76322151243,
    "mhz": 521.3733421091175
}