{
    "mh1": 512.9561821405798,
    "mh2": 518.1828122106573,
    "mhz": 604.666763332454
}