{
    "mh1": 507.515536887053,
    "mh2": 511.17386111889635,
    "mhz": 486.59406195107323
}