{
    "mh1": 514.5722908604843,
    "mh2": 550.4009327090099,
    "mhz": 511.2129956339193
}