{
    "mh1": 521.2505259846922,
    "mh2": 517.0820670180196,
    "mhz": 508.9685843197696
}