{
    "mh1": 521.8687636846702,
    "mh2": 523.7993461066567,
    "mhz": 516.2537661132941
}