{
    "mh1": 524.2160293723211,
    "mh2": 526.5385272603903,
    "mhz": 521.9605544088756
}