{
    "mh1": 512.0427390518983,
    "mh2": 532.4290901082435,
    "mhz": 512.9939299566013
}