{
    "mh1": 506.7353839640005,
    "mh2": 504.2489078309006,
    "mhz": 491.5806277785262
}