{
    "mh1": 511.1172361496474,
    "mh2": 496.57963237992067
}