{
    "mh1": 517.2649122218781,
    "mh2": 525.2746094266199,
    "mhz": 493.060529497504
}