{
    "mh1": 526.5109813680226,
    "mh2": 493.96149901008437,
    "mhz": 528.3408391930997
}