{
    "mh1": 516.2790170958856,
    "mh2": 515.12481330036,
    "mhz": 542.4267730251479
}