{
    "mh1": 505.6209150670339,
    "mh2": 495.28153125136873,
    "mhz": 515.352740025997
}