{
    "mh1": 525.4091713431658,
    "mh2": 511.9906129268774,
    "mhz": 496.86343373164794
}