{
    "mh1": 514.2335710207994,
    "mh2": 523.375891133991,
    "mhz": 558.9737193076301
}