{
    "mh1": 514.7122101971429,
    "mh2": 494.9835496776673
}