{
    "mh1": 546.8962534903999,
    "mh2": 519.3237447403349,
    "mhz": 525.370581268302
}