{
    "mh1": 511.987026151484,
    "mh2": 518.4107300653698,
    "mhz": 575.7473916289692
}