{
    "mh1": 509.3316242606021,
    "mh2": 531.1145264786308,
    "mhz": 568.3526394905107
}