{
    "mh1": 517.4497412347839,
    "mh2": 516.4817462434427,
    "mhz": 475.4356867706216
}