{
    "mh1": 524.7808003612863,
    "mh2": 524.5262834527413,
    "mhz": 518.6894740342942
}