{
    "mh1": 525.1308321409533,
    "mh2": 556.4829991495629
}