{
    "mh1": 515.7960224692769,
    "mh2": 512.9834373306383,
    "mhz": 474.8649515624342
}