{
    "mh1": 508.4270578062203,
    "mh2": 502.1620340632433,
    "mhz": 491.4444407495178
}