{
    "mh1": 510.1238539654233,
    "mh2": 510.9225955765504,
    "mhz": 475.7388849039182
}