{
    "mh1": 512.0896913904962,
    "mh2": 516.624688102206,
    "mhz": 596.5868262318079
}