{
    "mh1": 506.2933853217925,
    "mh2": 504.1847848005822,
    "mhz": 491.4397033068558
}