{
    "mh1": 506.4743161035812,
    "mh2": 519.010014343643,
    "mhz": 532.513442071903
}