{
    "mh1": 517.4832004315189,
    "mh2": 535.2473403442405,
    "mhz": 556.3652617308722
}