{
    "mh1": 521.719279386986,
    "mh2": 526.0590291615105,
    "mhz": 518.306150414945
}