{
    "mh1": 508.0113622262343,
    "mh2": 511.82804779790234,
    "mhz": 478.49883860954736
}