{
    "mh1": 501.5004411983121,
    "mh2": 566.1782651475828
}