{
    "mh1": 510.42057264125054,
    "mh2": 521.1534725985491,
    "mhz": 514.0256972801612
}