{
    "mh1": 521.6298749969353,
    "mh2": 520.3509950475283,
    "mhz": 512.3988196767245
}