{
    "mh1": 506.3556844993621,
    "mh2": 504.41113456316856,
    "mhz": 491.8138999741409
}