{
    "mh1": 534.7901263353424,
    "mh2": 523.3302931444193,
    "mhz": 554.1704052428795
}