{
    "mh1": 523.157666544527,
    "mh2": 525.8683180237144,
    "mhz": 516.6552342823518
}