{
    "mh1": 519.0812236230591,
    "mh2": 525.5371721504793,
    "mhz": 519.3060229511873
}