{
    "mh1": 515.5504827380805,
    "mh2": 512.5827001421799,
    "mhz": 475.90366706554977
}