{
    "mh1": 510.88291098037564,
    "mh2": 495.2692327723316
}