{
    "mh1": 522.6151004136789,
    "mh2": 527.682122677535,
    "mhz": 517.9199680522349
}