{
    "mh1": 516.900513296614,
    "mh2": 520.4812908985404,
    "mhz": 514.2317022659269
}