{
    "mh1": 512.0892136779624,
    "mh2": 516.736945688822,
    "mhz": 426.0179240600137
}