{
    "mh1": 511.33184463202275,
    "mh2": 521.9812161436985,
    "mhz": 514.7209065738139
}