{
    "mh1": 505.22747700897264,
    "mh2": 538.3243149218115
}