{
    "mh1": 500.60021932213743,
    "mh2": 511.58643760236185
}