{
    "mh1": 527.0777048985553,
    "mh2": 491.2051819663796,
    "mhz": 493.7709843237841
}