{
    "mh1": 525.8376221498371,
    "mh2": 526.2249084531338,
    "mhz": 497.5364567553794
}