{
    "mh1": 519.6512921543632,
    "mh2": 517.5253980154974,
    "mhz": 515.720194835182
}