{
    "mh1": 527.5162223329052,
    "mh2": 489.9933520561615,
    "mhz": 531.6203122296652
}