{
    "mh1": 508.8925624456102,
    "mh2": 510.7867045982756,
    "mhz": 478.1337870897844
}