{
    "mh1": 507.2215523605916,
    "mh2": 513.3552852796638,
    "mhz": 483.1533022045021
}