{
    "mh1": 512.7960070362458,
    "mh2": 532.6403198144287
}