{
    "mh1": 516.0359477468924,
    "mh2": 526.8032425476256,
    "mhz": 456.6418801555545
}