{
    "mh1": 520.910554763921,
    "mh2": 558.6728723650984
}