{
    "mh1": 518.0766518555829,
    "mh2": 521.6771399429025,
    "mhz": 518.6105585447507
}