{
    "mh1": 509.45178760118716,
    "mh2": 508.2230959359753,
    "mhz": 485.1520688463857
}