{
    "mh1": 512.29101454339,
    "mh2": 516.9265787712933,
    "mhz": 600.6107479394716
}