{
    "mh1": 518.0260869109344,
    "mh2": 517.4913324292963,
    "mhz": 491.17422671225813
}