{
    "mh1": 514.0694948915252,
    "mh2": 518.497822397496,
    "mhz": 596.8725077639019
}