{
    "mh1": 524.5975094083577,
    "mh2": 528.988858537882,
    "mhz": 522.0078118578651
}