{
    "mh1": 525.3247631201706,
    "mh2": 529.6572707247999,
    "mhz": 526.9253884506727
}