{
    "mh1": 517.833137906726,
    "mh2": 553.1583124242338,
    "mhz": 513.2141210967371
}