{
    "mh1": 518.1365025992243,
    "mh2": 521.2340180623228,
    "mhz": 513.4114512415517
}