{
    "mh1": 512.7504926712953,
    "mh2": 515.5719866257326,
    "mhz": 547.4375393342929
}