{
    "mh1": 523.3139020752815,
    "mh2": 525.7972522125133,
    "mhz": 519.0897854873576
}