{
    "mh1": 520.9070060999383,
    "mh2": 516.6101681578868,
    "mhz": 561.727247138956
}