{
    "mh1": 522.557500385799,
    "mh2": 524.3251120180681,
    "mhz": 515.737568604383
}