{
    "mh1": 527.335063843939,
    "mh2": 534.2091506813834,
    "mhz": 544.1270057592319
}