{
    "mh1": 511.868602054803,
    "mh2": 491.63969134509244
}