{
    "mh1": 512.3499610261142,
    "mh2": 516.3981215602864,
    "mhz": 593.7160186793712
}