{
    "mh1": 515.7896766413327,
    "mh2": 514.030742561068,
    "mhz": 475.46702131388906
}