{
    "mh1": 504.2655013452068,
    "mh2": 560.4041963031818,
    "mhz": 514.9945093364006
}