{
    "mh1": 513.3691321681969,
    "mh2": 516.7226358494,
    "mhz": 566.0941133027773
}