{
    "mh1": 506.0023621744585,
    "mh2": 534.0133085461589
}