{
    "mh1": 527.6013999467539,
    "mh2": 533.4982053708674,
    "mhz": 493.13563524852987
}