{
    "mh1": 527.5430150679794,
    "mh2": 490.6043239473149,
    "mhz": 531.176896749331
}