{
    "mh1": 520.9619157925817,
    "mh2": 544.8981338273237,
    "mhz": 577.4987196859056
}