{
    "mh1": 512.4902897344625,
    "mh2": 516.0715955361842,
    "mhz": 582.4179272002518
}