{
    "mh1": 524.643587168533,
    "mh2": 495.8783898580828,
    "mhz": 497.18214579683837
}