{
    "mh1": 523.1440518740551,
    "mh2": 547.9189780626398
}