{
    "mh1": 517.6240865575256,
    "mh2": 504.65332363831936,
    "mhz": 492.6777705045644
}