{
    "mh1": 529.7310526814156,
    "mh2": 500.5413702418683,
    "mhz": 525.6105625360663
}