{
    "mh1": 506.6600105143412,
    "mh2": 504.458802636294,
    "mhz": 491.96662849032475
}