{
    "mh1": 517.4978702281733,
    "mh2": 522.0718742943574,
    "mhz": 531.7258447786444
}