{
    "mh1": 523.9086792346691,
    "mh2": 517.0058157831353,
    "mhz": 491.2092988107603
}