{
    "mh1": 517.0976152657764,
    "mh2": 522.2158447828441,
    "mhz": 464.8439324150118
}