{
    "mh1": 524.4209415075264,
    "mh2": 548.713405986218,
    "mhz": 515.1630610890123
}