{
    "mh1": 519.5597066597841,
    "mh2": 545.9316539895121
}