{
    "mh1": 514.6991668035523,
    "mh2": 495.33223085336493
}