{
    "mh1": 514.6902636895529,
    "mh2": 493.75552552200315
}