{
    "mh1": 525.9559370990696,
    "mh2": 494.09167743145446,
    "mhz": 496.3476198739083
}