{
    "mh1": 527.325403008216,
    "mh2": 494.34062459623175,
    "mhz": 495.75100704551846
}