{
    "mh1": 510.07795257841127,
    "mh2": 533.5583215092018
}