{
    "mh1": 514.0015671954714,
    "mh2": 518.7986473760808,
    "mhz": 599.5577320884465
}