{
    "mh1": 510.92250381703514,
    "mh2": 517.2121532338505
}