{
    "mh1": 508.40873877983347,
    "mh2": 502.80292663504616,
    "mhz": 479.81300699868376
}