{
    "mh1": 517.1582559603703,
    "mh2": 504.38489337217,
    "mhz": 492.20698482102085
}