{
    "mh1": 516.2281786244512,
    "mh2": 532.0521739738675,
    "mhz": 560.6948482416243
}