{
    "mh1": 510.8618820000526,
    "mh2": 497.87890843581874
}