{
    "mh1": 525.3587584913671,
    "mh2": 527.5623870025014,
    "mhz": 546.3802413056899
}