{
    "mh1": 505.40549923840535,
    "mh2": 522.0394699292153,
    "mhz": 496.4725320130118
}