{
    "mh1": 515.2097483750464,
    "mh2": 539.8475181056621,
    "mhz": 437.46575208080463
}