{
    "mh1": 527.9840956453004,
    "mh2": 488.5497421138579,
    "mhz": 492.3189626366677
}