{
    "mh1": 518.6736940655862,
    "mh2": 523.1638696303615,
    "mhz": 518.9960349284318
}