{
    "mh1": 506.58872420462626,
    "mh2": 504.4508482275451,
    "mhz": 491.7170788723339
}