{
    "mh1": 506.5169425053646,
    "mh2": 518.7737338436195,
    "mhz": 532.4981936493643
}