{
    "mh1": 517.1021237446721,
    "mh2": 505.42999651706464,
    "mhz": 490.7001467049436
}