{
    "mh1": 510.7438146086561,
    "mh2": 524.990934908554
}