{
    "mh1": 523.4373644184017,
    "mh2": 551.4120199192118
}