{
    "mh1": 517.7321632062905,
    "mh2": 540.6286799071555,
    "mhz": 573.1707466500959
}