{
    "mh1": 516.6073722517864,
    "mh2": 518.1043467636549,
    "mhz": 489.357940943153
}