{
    "mh1": 527.5545979427675,
    "mh2": 488.9228380139578,
    "mhz": 492.00001401384566
}