{
    "mh1": 513.3879579241357,
    "mh2": 519.4023861761028,
    "mhz": 606.0096211855489
}