{
    "mh1": 508.97923625695034,
    "mh2": 510.7223676635694,
    "mhz": 478.2094210014926
}