{
    "mh1": 531.3787596395225,
    "mh2": 534.4025724471478,
    "mhz": 511.90565853729015
}