{
    "mh1": 510.815963856475,
    "mh2": 499.9472656318298,
    "mhz": 509.49932161190605
}