{
    "mh1": 508.135319910452,
    "mh2": 512.7817460525512,
    "mhz": 476.75489157788775
}