{
    "mh1": 508.00135300526347,
    "mh2": 512.0412090341522,
    "mhz": 478.82657894271415
}