{
    "mh1": 514.9130539771365,
    "mh2": 525.3100297659548,
    "mhz": 568.0492351147759
}