{
    "mh1": 527.7627333308092,
    "mh2": 507.9893022516195,
    "mhz": 491.5184439922389
}