{
    "mh1": 553.516872604887,
    "mh2": 522.1015456396187,
    "mhz": 531.7825766339429
}