{
    "mh1": 513.1533970787348,
    "mh2": 527.6425838862692,
    "mhz": 568.7662974949562
}