{
    "mh1": 517.0482887570116,
    "mh2": 520.4207090557455,
    "mhz": 510.8113014216576
}