{
    "mh1": 511.92631867974103,
    "mh2": 516.4790926389692,
    "mhz": 437.0332212176161
}