{
    "mh1": 512.4174260706067,
    "mh2": 525.1905039843423,
    "mhz": 540.6423904003802
}