{
    "mh1": 513.2462465611684,
    "mh2": 515.1983419649271,
    "mhz": 542.1353615396984
}