{
    "mh1": 514.5287462365095,
    "mh2": 493.68796129389386
}