{
    "mh1": 524.295063091648,
    "mh2": 527.8862793334742,
    "mhz": 521.4221783866611
}