{
    "mh1": 505.13482640098226,
    "mh2": 520.742269872821,
    "mhz": 529.7436248339915
}