{
    "mh1": 519.5432840181124,
    "mh2": 534.9738188540975
}