{
    "mh1": 508.5181789817246,
    "mh2": 506.8340534732362,
    "mhz": 490.4486384630891
}