{
    "mh1": 513.6736287814532,
    "mh2": 518.9944652453139,
    "mhz": 420.03261381753066
}