{
    "mh1": 518.3745623976829,
    "mh2": 521.5822148112179,
    "mhz": 528.7962936228039
}