{
    "mh1": 520.7483929601342,
    "mh2": 546.1006366393287
}