{
    "mh1": 525.8107233949801,
    "mh2": 495.8259759846859,
    "mhz": 497.5098402843452
}