{
    "mh1": 511.9783065080476,
    "mh2": 490.145044438412,
    "mhz": 509.96656607285763
}