{
    "mh1": 534.4963498022191,
    "mh2": 555.1666103299749,
    "mhz": 577.7908613405924
}