{
    "mh1": 521.2420288047999,
    "mh2": 515.1197516642256,
    "mhz": 517.0803128768591
}