{
    "mh1": 526.8003158461153,
    "mh2": 491.4664356538032,
    "mhz": 494.2795432994407
}