{
    "mh1": 510.1286665330985,
    "mh2": 502.1798037737441,
    "mhz": 509.4011783083035
}