{
    "mh1": 523.3587063255432,
    "mh2": 539.8456684984628
}