{
    "mh1": 527.5532787314854,
    "mh2": 493.50966655368927,
    "mhz": 495.0375481537776
}