{
    "mh1": 511.9934869123981,
    "mh2": 519.2928313884333,
    "mhz": 523.9399332819545
}