{
    "mh1": 566.590313544931,
    "mh2": 534.9997496730871
}