{
    "mh1": 546.4523698113354,
    "mh2": 521.7336896692987,
    "mhz": 527.0841730837187
}