{
    "mh1": 514.5810693602693,
    "mh2": 495.8475417108967
}