{
    "mh1": 510.9574038602697,
    "mh2": 498.02969129027525
}