{
    "mh1": 518.5663796111687,
    "mh2": 522.6285252852581,
    "mhz": 493.0592302539517
}