{
    "mh1": 530.7148617531649,
    "mh2": 532.5508087256412,
    "mhz": 531.7638972846615
}