{
    "mh1": 510.9874088362988,
    "mh2": 501.42812199987867,
    "mhz": 509.07883560494935
}