{
    "mh1": 512.3354340768483,
    "mh2": 514.0140956734648,
    "mhz": 513.4283839126326
}