{
    "mh1": 507.8846937349313,
    "mh2": 511.23707676718266,
    "mhz": 480.4050725131425
}