{
    "mh1": 512.1724624685633,
    "mh2": 516.3653710111226,
    "mhz": 521.0338997296426
}