{
    "mh1": 520.2311208075248,
    "mh2": 515.6622787618386,
    "mhz": 551.0739519928109
}