{
    "mh1": 501.18519789061367,
    "mh2": 456.857014586812
}