{
    "mh1": 516.7104214212845,
    "mh2": 514.3329161517629,
    "mhz": 513.5282044540268
}