{
    "mh1": 525.3625087088496,
    "mh2": 525.69256030529,
    "mhz": 519.2159742183042
}