{
    "mh1": 532.2695484543001,
    "mh2": 560.6779111243933,
    "mhz": 580.6606113668377
}