{
    "mh1": 529.686441698062,
    "mh2": 534.9395684254589,
    "mhz": 532.9271987078947
}