{
    "mh1": 515.2483065625629,
    "mh2": 511.8175000569595,
    "mhz": 477.9498355191094
}