{
    "mh1": 522.9322276421628,
    "mh2": 527.7645220241382,
    "mhz": 521.5840313084194
}