{
    "mh1": 528.066130489313,
    "mh2": 493.59884929440346,
    "mhz": 494.98183789169394
}