{
    "mh1": 520.9337324756144,
    "mh2": 516.077145489285,
    "mhz": 509.4971532059429
}