{
    "mh1": 508.58081006616317,
    "mh2": 511.2375488097838,
    "mhz": 480.21008917215255
}