{
    "mh1": 513.4275357240471,
    "mh2": 514.6433848008467,
    "mhz": 560.5827141633278
}