{
    "mh1": 521.6326491698549,
    "mh2": 519.1815818614065,
    "mhz": 512.3642430677888
}