{
    "mh1": 506.1951158982354,
    "mh2": 535.2083647917453,
    "mhz": 565.1168632796798
}