{
    "mh1": 515.9706190847461,
    "mh2": 513.4393577316073,
    "mhz": 476.18549744690597
}