{
    "mh1": 518.739610347038,
    "mh2": 517.8498279903187,
    "mhz": 531.191551204161
}