{
    "mh1": 512.018275130274,
    "mh2": 516.3384760043705,
    "mhz": 422.7341484682514
}