{
    "mh1": 519.990061935407,
    "mh2": 549.845106594838,
    "mhz": 579.6223768010252
}