{
    "mh1": 530.0048064992727,
    "mh2": 535.4020508944029,
    "mhz": 508.2707597215302
}