{
    "mh1": 521.5381807953306,
    "mh2": 522.9362605833873,
    "mhz": 522.3211436953757
}