{
    "mh1": 512.8946954031289,
    "mh2": 515.6462017557456,
    "mhz": 514.730745384282
}