{
    "mh1": 532.6660746843336,
    "mh2": 476.31804803668945,
    "mhz": 486.55881527273374
}