{
    "mh1": 517.175156237696,
    "mh2": 525.0751216561341,
    "mhz": 515.5575503776083
}