{
    "mh1": 507.7663747613445,
    "mh2": 502.8197597618754,
    "mhz": 491.2695840400443
}