{
    "mh1": 527.7256256045304,
    "mh2": 514.4896739913545,
    "mhz": 520.4123339781484
}