{
    "mh1": 506.8607541564683,
    "mh2": 504.40708374884093,
    "mhz": 492.2141754958082
}