{
    "mh1": 528.0989116623584,
    "mh2": 491.14061126365226,
    "mhz": 492.9343014791343
}