{
    "mh1": 506.07208228548967,
    "mh2": 504.02043389364485,
    "mhz": 492.2606992428201
}