{
    "mh1": 510.24063692002767,
    "mh2": 521.700367595279,
    "mhz": 514.6608262572045
}