{
    "mh1": 512.110728869497,
    "mh2": 519.3715530818835,
    "mhz": 600.5746866642194
}