{
    "mh1": 524.4155590749604,
    "mh2": 528.451048057707,
    "mhz": 521.3693128026362
}