{
    "mh1": 506.50912726557726,
    "mh2": 504.2817491876063,
    "mhz": 492.6234531164141
}