{
    "mh1": 516.2894603923625,
    "mh2": 525.4757649806155,
    "mhz": 510.0288972998665
}