{
    "mh1": 507.9366884728047,
    "mh2": 520.9527806449418,
    "mhz": 499.69480394269704
}