{
    "mh1": 507.69855774975434,
    "mh2": 505.74924782193847,
    "mhz": 489.7499050326456
}