{
    "mh1": 506.0802955272777,
    "mh2": 520.5680569063612,
    "mhz": 532.0125070146967
}