{
    "mh1": 510.8980175868541,
    "mh2": 500.029673787746,
    "mhz": 509.4946273048014
}