{
    "mh1": 509.520030781608,
    "mh2": 518.8163270660253,
    "mhz": 577.7019746518432
}