{
    "mh1": 513.0291775795179,
    "mh2": 533.3051303239541
}