{
    "mh1": 507.6304475833304,
    "mh2": 507.79762468060943,
    "mhz": 484.0221269645436
}