{
    "mh1": 511.2236623853734,
    "mh2": 495.4479829959485
}