{
    "mh1": 527.6332786466623,
    "mh2": 489.12927289136394,
    "mhz": 492.0011980886551
}