{
    "mh1": 526.1854082367165,
    "mh2": 494.7593223181792,
    "mhz": 496.79755190752735
}