{
    "mh1": 522.5974493023289,
    "mh2": 525.8221135208667,
    "mhz": 516.19159474632
}