{
    "mh1": 517.6284946076047,
    "mh2": 503.831082576154,
    "mhz": 528.7317442812036
}