{
    "mh1": 527.5441435110591,
    "mh2": 533.9523801204327,
    "mhz": 492.7787227186343
}