{
    "mh1": 527.6229217622256,
    "mh2": 531.7988959892863,
    "mhz": 530.5158127713848
}