{
    "mh1": 519.0016666883926,
    "mh2": 522.1923243090239,
    "mhz": 518.043600520681
}