{
    "mh1": 512.5203336996416,
    "mh2": 533.8810752962344,
    "mhz": 509.99661343815035
}