{
    "mh1": 508.3232661419228,
    "mh2": 502.3794026994512,
    "mhz": 532.3173536939642
}