{
    "mh1": 521.4035414708636,
    "mh2": 520.0078182443334,
    "mhz": 510.3409769299259
}