{
    "mh1": 513.3426014718021,
    "mh2": 526.7332497092482,
    "mhz": 565.3573746768574
}