{
    "mh1": 515.0635965636714,
    "mh2": 512.0355566091998,
    "mhz": 509.34687806053444
}