{
    "mh1": 523.0249966135535,
    "mh2": 514.2855693751866,
    "mhz": 536.1688477693016
}