{
    "mh1": 506.93894010021734,
    "mh2": 518.3106984740426,
    "mhz": 492.129612708108
}