{
    "mh1": 525.0356170519524,
    "mh2": 526.2653830471934,
    "mhz": 503.41637341187663
}