{
    "mh1": 516.1730144332639,
    "mh2": 512.5214503832306,
    "mhz": 477.10480142023465
}