{
    "mh1": 507.36173681194265,
    "mh2": 506.0736521192215,
    "mhz": 489.326911653715
}