{
    "mh1": 513.4664293600185,
    "mh2": 516.6357048282473,
    "mhz": 587.3479679556187
}