{
    "mh1": 524.3720002096838,
    "mh2": 526.545353674966,
    "mhz": 519.0637999332505
}