{
    "mh1": 511.96079343491556,
    "mh2": 533.6270624601623,
    "mhz": 509.9364273615358
}