{
    "mh1": 515.8533631581706,
    "mh2": 509.65395631530293,
    "mhz": 542.2411119965329
}