{
    "mh1": 526.6159982382735,
    "mh2": 493.0967101461531,
    "mhz": 495.65040590249885
}