{
    "mh1": 525.8193308615201,
    "mh2": 495.7842138308682,
    "mhz": 497.65721836097225
}