{
    "mh1": 525.1070071311123,
    "mh2": 495.7688053291878,
    "mhz": 497.51036942334645
}