{
    "mh1": 506.9039557624615,
    "mh2": 503.90319508561487,
    "mhz": 492.3824327494389
}