{
    "mh1": 518.0921351032097,
    "mh2": 503.8190381885417,
    "mhz": 531.7612261779994
}