{
    "mh1": 514.556088827178,
    "mh2": 493.2250032885602
}