{
    "mh1": 525.7753992441362,
    "mh2": 495.42545005146445,
    "mhz": 497.032088266803
}