{
    "mh1": 524.1703420490516,
    "mh2": 527.0778138079258,
    "mhz": 521.1414536754767
}