{
    "mh1": 522.777797343612,
    "mh2": 514.1420833455622,
    "mhz": 517.0279728033131
}