{
    "mh1": 505.9093924776286,
    "mh2": 503.55805990992013,
    "mhz": 531.4934021951901
}