{
    "mh1": 505.89805269590767,
    "mh2": 503.68632956489535,
    "mhz": 491.35535661059873
}