{
    "mh1": 517.0147886891444,
    "mh2": 523.4810515732011,
    "mhz": 519.232833636614
}