{
    "mh1": 508.91744952015085,
    "mh2": 504.4305271786339,
    "mhz": 492.235457276736
}