{
    "mh1": 515.9768803007782,
    "mh2": 514.6182553602999,
    "mhz": 476.6583632942559
}