{
    "mh1": 510.7698467777885,
    "mh2": 519.203917523971,
    "mhz": 421.73489194924883
}