{
    "mh1": 503.20313624868476,
    "mh2": 556.6748933340721
}