{
    "mh1": 508.882074944267,
    "mh2": 526.2717663256178,
    "mhz": 561.4772388587721
}