{
    "mh1": 527.737055356859,
    "mh2": 486.8054617407333,
    "mhz": 490.65819681869647
}