{
    "mh1": 527.5061499424787,
    "mh2": 533.9348360552922,
    "mhz": 530.9780342656854
}