{
    "mh1": 506.59166268258895,
    "mh2": 519.9764720922412,
    "mhz": 531.3658935526353
}