{
    "mh1": 514.9463159250639,
    "mh2": 512.8599373593895,
    "mhz": 517.0479439727275
}