{
    "mh1": 515.2165463641048,
    "mh2": 527.9076680094097,
    "mhz": 463.80451201620974
}