{
    "mh1": 520.0609159537721,
    "mh2": 546.9654217228328,
    "mhz": 509.56154343217264
}