{
    "mh1": 517.1354840576146,
    "mh2": 503.7262142099299,
    "mhz": 492.1596938932277
}