{
    "mh1": 515.07623272091,
    "mh2": 511.92490651809885,
    "mhz": 545.9633490172337
}