{
    "mh1": 506.2773806244945,
    "mh2": 503.7494754680439,
    "mhz": 492.4076356580988
}