{
    "mh1": 527.6712716281413,
    "mh2": 516.1148618895469,
    "mhz": 513.063003762365
}