{
    "mh1": 518.2326619245248,
    "mh2": 549.9416728736952,
    "mhz": 433.91210998934605
}