{
    "mh1": 505.53710867138733,
    "mh2": 524.8333973121041,
    "mhz": 494.5436591991811
}