{
    "mh1": 515.7917664163169,
    "mh2": 527.0690006483283,
    "mhz": 532.4410067693426
}