{
    "mh1": 516.8111198458902,
    "mh2": 519.3792110709979,
    "mhz": 533.4529242623832
}