{
    "mh1": 517.3396529706463,
    "mh2": 504.81829985979516,
    "mhz": 532.0988915798648
}