{
    "mh1": 517.0000034961184,
    "mh2": 544.022432843935,
    "mhz": 581.9609642943296
}