{
    "mh1": 518.4956108208701,
    "mh2": 522.2640398637859,
    "mhz": 518.211705897374
}