{
    "mh1": 512.3050302001417,
    "mh2": 525.7545992587891,
    "mhz": 541.3642297169638
}