{
    "mh1": 498.3954117758127,
    "mh2": 575.3260411585659
}