{
    "mh1": 526.0371579677632,
    "mh2": 494.26044500985665,
    "mhz": 496.4951473455458
}