{
    "mh1": 521.3430501449895,
    "mh2": 517.1353878092059,
    "mhz": 536.1003827979304
}