{
    "mh1": 525.8454489034186,
    "mh2": 567.7101206024176,
    "mhz": 522.3659223053176
}