{
    "mh1": 519.4258919409237,
    "mh2": 551.3178998833736,
    "mhz": 441.2767370268027
}