{
    "mh1": 514.2801353636719,
    "mh2": 512.040296304061,
    "mhz": 545.6123850205718
}