{
    "mh1": 523.7008750378259,
    "mh2": 570.8865579369453
}