{
    "mh1": 513.5164709172777,
    "mh2": 518.5521199908133,
    "mhz": 594.948753708869
}