{
    "mh1": 516.4250990702171,
    "mh2": 540.1948145933956,
    "mhz": 575.184833700712
}