{
    "mh1": 505.65985496538707,
    "mh2": 520.980314195524,
    "mhz": 531.3445967830887
}