{
    "mh1": 508.30881774836337,
    "mh2": 512.2241534144714,
    "mhz": 477.3262393008584
}