{
    "mh1": 514.8204335122742,
    "mh2": 512.6362738862407,
    "mhz": 551.9017844351968
}