{
    "mh1": 527.4251071852932,
    "mh2": 535.1011361873386,
    "mhz": 507.05806306774934
}