{
    "mh1": 512.4429691213061,
    "mh2": 515.6541323036064,
    "mhz": 580.2156906254968
}