{
    "mh1": 508.7927092016219,
    "mh2": 501.61871587337816,
    "mhz": 491.42593756473684
}