{
    "mh1": 508.7038346889192,
    "mh2": 512.2027412424507,
    "mhz": 477.8051521665196
}