{
    "mh1": 502.5255119640684,
    "mh2": 498.9165852428531,
    "mhz": 524.1253745037989
}