{
    "mh1": 528.7992056710822,
    "mh2": 492.8317595831601,
    "mhz": 530.5711230395035
}