{
    "mh1": 522.4705786477709,
    "mh2": 523.1125178015154,
    "mhz": 518.175143592064
}