{
    "mh1": 506.74236420960773,
    "mh2": 541.2215217379829
}