{
    "mh1": 522.5108566606409,
    "mh2": 565.4197053117516,
    "mhz": 517.2005033418258
}