{
    "mh1": 515.8532611280721,
    "mh2": 535.9353829403775,
    "mhz": 570.908323937707
}