{
    "mh1": 523.326903453288,
    "mh2": 527.3075940826488,
    "mhz": 520.1745702193466
}