{
    "mh1": 518.4898856576012,
    "mh2": 522.0212900444288,
    "mhz": 531.7789877510755
}