{
    "mh1": 512.0227942165022,
    "mh2": 490.7570486012797,
    "mhz": 509.02076734261533
}