{
    "mh1": 512.0817582924396,
    "mh2": 495.4740278117466
}