{
    "mh1": 517.3224900583361,
    "mh2": 516.2669265335797,
    "mhz": 513.8548565943142
}