{
    "mh1": 526.9827395669766,
    "mh2": 538.0770294727087,
    "mhz": 488.1792129173049
}