{
    "mh1": 515.3348547993514,
    "mh2": 531.8695061160871,
    "mhz": 460.2212777571288
}