{
    "mh1": 515.5056779270151,
    "mh2": 518.9834519290068,
    "mhz": 488.7389507926358
}