{
    "mh1": 519.6125217987535,
    "mh2": 563.932348531632,
    "mhz": 516.2543780784731
}