{
    "mh1": 517.8905450862209,
    "mh2": 522.1333853772169,
    "mhz": 518.4125484115301
}