{
    "mh1": 502.512208387356,
    "mh2": 542.2900668804783
}