{
    "mh1": 524.7608600240255,
    "mh2": 494.99661999709735,
    "mhz": 498.0270888886946
}