{
    "mh1": 527.4844002777452,
    "mh2": 534.1702839538907,
    "mhz": 492.8336321462584
}