{
    "mh1": 512.1044467812077,
    "mh2": 519.9276980916915,
    "mhz": 531.5504294885159
}