{
    "mh1": 505.8434529277447,
    "mh2": 503.366418437979,
    "mhz": 491.81228423500426
}