{
    "mh1": 513.5906024062656,
    "mh2": 520.2436344739256,
    "mhz": 509.1002018237592
}