{
    "mh1": 511.92633616820183,
    "mh2": 494.86082031407835
}