{
    "mh1": 515.2040182986709,
    "mh2": 535.5534836824704,
    "mhz": 571.8501856559991
}