{
    "mh1": 518.3642391171275,
    "mh2": 520.7691071328632,
    "mhz": 492.91700130825035
}