{
    "mh1": 525.4833017375572,
    "mh2": 528.0016234059055,
    "mhz": 497.68966095702615
}