{
    "mh1": 525.9263630126954,
    "mh2": 492.96961387186104,
    "mhz": 527.5058111636781
}