{
    "mh1": 525.8888960713368,
    "mh2": 494.32963417851334,
    "mhz": 496.6488679782593
}