{
    "mh1": 512.2850670096993,
    "mh2": 514.4721212364099,
    "mhz": 601.5768331752777
}