{
    "mh1": 506.3312743811649,
    "mh2": 503.96047711074294,
    "mhz": 492.22786408144646
}