{
    "mh1": 510.9580299556642,
    "mh2": 497.3557906230319
}