{
    "mh1": 513.0369160730248,
    "mh2": 514.395223762858,
    "mhz": 512.5654187778664
}