{
    "mh1": 529.9256355051011,
    "mh2": 551.2500275225991,
    "mhz": 578.1511216654959
}