{
    "mh1": 513.6966742898369,
    "mh2": 524.9260509793963,
    "mhz": 547.9719085188415
}