{
    "mh1": 520.806565924936,
    "mh2": 516.5172136799528,
    "mhz": 508.1927096754702
}