{
    "mh1": 511.9679184191259,
    "mh2": 495.8821446981015
}