{
    "mh1": 521.208629398168,
    "mh2": 519.171152125905,
    "mhz": 512.4284351528472
}