{
    "mh1": 518.5899532752044,
    "mh2": 515.881311154249,
    "mhz": 483.45865485504487
}