{
    "mh1": 514.2488093282969,
    "mh2": 518.6995433119839,
    "mhz": 608.3898963640048
}