{
    "mh1": 527.7425872066767,
    "mh2": 522.3519318348227,
    "mhz": 529.9779122093034
}