{
    "mh1": 511.1607657864119,
    "mh2": 497.1267862368533
}