{
    "mh1": 520.1840632875845,
    "mh2": 551.2713894006255,
    "mhz": 513.8651781430475
}