{
    "mh1": 514.9810806308794,
    "mh2": 512.8585483288389,
    "mhz": 549.1330892615426
}