{
    "mh1": 510.73621835610874,
    "mh2": 535.33764251712
}