{
    "mh1": 510.22148613421734,
    "mh2": 504.152812254572,
    "mhz": 509.0036989315172
}