{
    "mh1": 500.63980445607785,
    "mh2": 572.0840784146303
}