{
    "mh1": 523.2199334311736,
    "mh2": 514.0814569954954,
    "mhz": 503.54287529930554
}