{
    "mh1": 522.6171726105864,
    "mh2": 528.6448944851489,
    "mhz": 519.376874033698
}