{
    "mh1": 511.7910426881728,
    "mh2": 493.08314360357144
}