{
    "mh1": 506.2137231290541,
    "mh2": 504.02683210682443,
    "mhz": 492.5583655783006
}