{
    "mh1": 511.97482372060915,
    "mh2": 492.47945267719837
}