{
    "mh1": 517.1072016755888,
    "mh2": 519.1834035864954,
    "mhz": 490.749090438635
}