{
    "mh1": 505.61701271808937,
    "mh2": 518.36654115285,
    "mhz": 531.9744623397338
}