{
    "mh1": 513.1659527481772,
    "mh2": 517.8054606192534,
    "mhz": 515.6899368688196
}