{
    "mh1": 510.69635798426737,
    "mh2": 511.5478700429364,
    "mhz": 532.3483230068507
}