{
    "mh1": 512.136024748701,
    "mh2": 516.6546536579883,
    "mhz": 472.7117149389441
}