{
    "mh1": 514.4218007639357,
    "mh2": 512.5304973578693,
    "mhz": 475.93905634979484
}