{
    "mh1": 514.244614577871,
    "mh2": 524.572520978587,
    "mhz": 570.8501594847551
}