{
    "mh1": 522.8627907546754,
    "mh2": 526.6408304110563,
    "mhz": 517.1913891597673
}