{
    "mh1": 520.7336441972936,
    "mh2": 514.4265285046647,
    "mhz": 515.2552686116771
}