{
    "mh1": 515.3170961155397,
    "mh2": 512.512106386542,
    "mhz": 477.16532003028817
}