{
    "mh1": 510.6540005074564,
    "mh2": 503.34961681202617,
    "mhz": 509.0067702544787
}