{
    "mh1": 512.1242127477849,
    "mh2": 528.1706248769212,
    "mhz": 511.99707304921844
}