{
    "mh1": 537.4483268974134,
    "mh2": 497.4786924634405,
    "mhz": 527.0419151794349
}