{
    "mh1": 526.5983537673604,
    "mh2": 493.28037752004496,
    "mhz": 495.6103217236112
}