{
    "mh1": 518.1356578331756,
    "mh2": 520.3602296950268,
    "mhz": 532.4619224055456
}