{
    "mh1": 526.8031933313978,
    "mh2": 497.35870196377476,
    "mhz": 526.3297735024049
}