{
    "mh1": 527.0825591367441,
    "mh2": 510.98749928827124,
    "mhz": 532.6326440649325
}