{
    "mh1": 522.2601094413361,
    "mh2": 521.9303621855192,
    "mhz": 512.6761885515969
}