{
    "mh1": 511.8775018085363,
    "mh2": 516.0460021178518,
    "mhz": 433.9083857687785
}