{
    "mh1": 527.7948526483473,
    "mh2": 487.9407713204756,
    "mhz": 491.22524463787903
}