{
    "mh1": 513.2794584054925,
    "mh2": 518.9263649358796,
    "mhz": 604.1496556944113
}