{
    "mh1": 524.4201486524981,
    "mh2": 529.3313748346316,
    "mhz": 522.0087450717222
}