{
    "mh1": 527.9668510121528,
    "mh2": 513.0351916406748,
    "mhz": 492.3036813246338
}