{
    "mh1": 517.1888080560352,
    "mh2": 504.46489905910295,
    "mhz": 531.4011499624057
}