{
    "mh1": 512.5565912322327,
    "mh2": 518.6317213057027,
    "mhz": 562.7290087758677
}