{
    "mh1": 524.9176072113787,
    "mh2": 527.369377737448,
    "mhz": 521.6315192419689
}