{
    "mh1": 516.4161373576544,
    "mh2": 515.6152371633015,
    "mhz": 548.0168831078058
}