{
    "mh1": 511.4977338986233,
    "mh2": 511.88286768207024
}