{
    "mh1": 527.8148215749087,
    "mh2": 491.63951994099835,
    "mhz": 493.695003734116
}