{
    "mh1": 515.54342052895,
    "mh2": 533.8548182586644,
    "mhz": 457.8517752802657
}