{
    "mh1": 517.089467937351,
    "mh2": 517.9683229064939,
    "mhz": 511.54355045815464
}