{
    "mh1": 514.1534685852047,
    "mh2": 512.080642712825,
    "mhz": 476.50442135624405
}