{
    "mh1": 523.6290960971212,
    "mh2": 571.8242967651811,
    "mhz": 519.8963776373856
}