{
    "mh1": 545.160719328881,
    "mh2": 532.7908705770034,
    "mhz": 743.4619247111739
}