{
    "mh1": 510.9415618099611,
    "mh2": 498.1057674108864
}