{
    "mh1": 507.96766579838817,
    "mh2": 511.1913682588544,
    "mhz": 480.79404437456327
}