{
    "mh1": 516.2844056371454,
    "mh2": 513.863583238618,
    "mhz": 512.875285711988
}