{
    "mh1": 514.7849811299177,
    "mh2": 511.6320155249314,
    "mhz": 475.9567578482388
}