{
    "mh1": 526.2982963007089,
    "mh2": 524.622264388297,
    "mhz": 519.8115961580916
}