{
    "mh1": 516.8371847454011,
    "mh2": 525.7935025838618,
    "mhz": 557.6263771419781
}