{
    "mh1": 527.928972437222,
    "mh2": 532.1796623822365,
    "mhz": 493.8139529996848
}