{
    "mh1": 527.5498524017278,
    "mh2": 534.908203280444,
    "mhz": 532.1635229681723
}