{
    "mh1": 518.782786657707,
    "mh2": 521.9436409330508,
    "mhz": 512.0736414608158
}