{
    "mh1": 518.0632695991585,
    "mh2": 519.2053744068817,
    "mhz": 532.3772380255386
}