{
    "mh1": 526.7780751652714,
    "mh2": 491.82225642566635,
    "mhz": 494.7277792142448
}