{
    "mh1": 502.2711396255441,
    "mh2": 556.9854727732557
}