{
    "mh1": 526.9025708123501,
    "mh2": 491.2715473435453,
    "mhz": 493.91685106308546
}