{
    "mh1": 526.4255661212786,
    "mh2": 496.1809498708555,
    "mhz": 526.9594560878244
}