{
    "mh1": 524.188765068749,
    "mh2": 559.6120809209579
}