{
    "mh1": 552.4129749533683,
    "mh2": 508.32871224120623,
    "mhz": 523.1267388976887
}