{
    "mh1": 508.2256259965929,
    "mh2": 507.9086077649557,
    "mhz": 483.4260250275134
}