{
    "mh1": 511.9962661157816,
    "mh2": 494.7594560543113
}