{
    "mh1": 512.4252451650816,
    "mh2": 525.538758157708,
    "mhz": 455.74261982364163
}