{
    "mh1": 517.9366844873555,
    "mh2": 519.0176968720527,
    "mhz": 491.4567717369307
}