{
    "mh1": 516.9931402971722,
    "mh2": 519.2812531669899,
    "mhz": 557.0651156046138
}