{
    "mh1": 509.4433845298322,
    "mh2": 516.9356069018461,
    "mhz": 603.5250447665146
}