{
    "mh1": 524.334392873182,
    "mh2": 555.6850643097514
}