{
    "mh1": 512.1324702676134,
    "mh2": 540.4450188528776
}