{
    "mh1": 521.1274267367749,
    "mh2": 518.8452440208279,
    "mhz": 515.1984036910673
}