{
    "mh1": 511.9428753798299,
    "mh2": 496.30329134863484
}