{
    "mh1": 512.2777677761484,
    "mh2": 530.6457697947599,
    "mhz": 574.9644992754776
}