{
    "mh1": 505.22705115158055,
    "mh2": 503.0134453192738,
    "mhz": 494.21345634098367
}