{
    "mh1": 512.7725891395879,
    "mh2": 514.3296035112978,
    "mhz": 443.4697415452776
}