{
    "mh1": 512.0038907242827,
    "mh2": 492.810694843358
}