{
    "mh1": 505.6975534195132,
    "mh2": 539.8408563236477,
    "mhz": 469.6510801743384
}