{
    "mh1": 525.6077380931553,
    "mh2": 495.84831566829143,
    "mhz": 497.71997739523863
}