{
    "mh1": 518.6239625034642,
    "mh2": 507.7724724722701,
    "mhz": 484.5652060527034
}