{
    "mh1": 524.3743282840129,
    "mh2": 526.3736176216265,
    "mhz": 520.6370598181685
}