{
    "mh1": 514.5074360384369,
    "mh2": 533.7171301118649,
    "mhz": 575.9173187685496
}