{
    "mh1": 519.998892401274,
    "mh2": 524.3125051139232,
    "mhz": 528.9005332460556
}