{
    "mh1": 511.5204155466459,
    "mh2": 517.5143542760467,
    "mhz": 426.9753899231689
}