{
    "mh1": 514.7994781208649,
    "mh2": 512.0374404092147,
    "mhz": 538.5499801981664
}