{
    "mh1": 517.2487627970916,
    "mh2": 521.2170187750968,
    "mhz": 509.6896982084234
}