{
    "mh1": 506.6599968910531,
    "mh2": 511.65641093262576,
    "mhz": 512.563771128662
}