{
    "mh1": 524.8408896355996,
    "mh2": 495.5663207585706,
    "mhz": 497.17875213787545
}