{
    "mh1": 515.9209725328487,
    "mh2": 517.0269133123311,
    "mhz": 514.9223097232099
}