{
    "mh1": 510.66836307888315,
    "mh2": 500.1299940672345,
    "mhz": 509.31501934711576
}