{
    "mh1": 512.0449024099986,
    "mh2": 519.3010439690041,
    "mhz": 419.5096376953398
}