{
    "mh1": 513.9751524257089,
    "mh2": 519.2348276663283,
    "mhz": 595.754127199863
}