{
    "mh1": 527.2268921806932,
    "mh2": 493.79681859008633,
    "mhz": 495.5664972809752
}