{
    "mh1": 515.1848299770398,
    "mh2": 513.1070029058529,
    "mhz": 504.21507226490536
}