{
    "mh1": 506.16967112105505,
    "mh2": 504.3843638187828,
    "mhz": 532.3926923399614
}