{
    "mh1": 512.6635304675203,
    "mh2": 527.9742405546948,
    "mhz": 536.8805169676002
}