{
    "mh1": 517.9861149408929,
    "mh2": 523.6291353253007,
    "mhz": 531.0965112864909
}