{
    "mh1": 518.5426311793965,
    "mh2": 517.9895562689785,
    "mhz": 528.6238334977493
}