{
    "mh1": 508.8871229533133,
    "mh2": 511.3743629783597,
    "mhz": 477.36315948665464
}