{
    "mh1": 524.1174312013485,
    "mh2": 528.221663166319,
    "mhz": 521.740468045313
}