{
    "mh1": 515.8096724523342,
    "mh2": 512.0927621897295,
    "mhz": 545.8967650713698
}