{
    "mh1": 503.1403008570929,
    "mh2": 456.4216837122902,
    "mhz": 516.0654671011549
}