{
    "mh1": 520.1493470907997,
    "mh2": 548.4440434462431,
    "mhz": 438.16353061067525
}