{
    "mh1": 524.1089213727346,
    "mh2": 530.4105005783994,
    "mhz": 523.7460085988863
}