{
    "mh1": 512.2880411246872,
    "mh2": 514.2982617660289,
    "mhz": 577.1691316977566
}