{
    "mh1": 510.83332721035237,
    "mh2": 533.4569021840991
}