{
    "mh1": 528.1873935020118,
    "mh2": 489.88246201870066,
    "mhz": 512.0246359820653
}