{
    "mh1": 514.1934242937755,
    "mh2": 517.9811323391707,
    "mhz": 575.3952587261101
}