{
    "mh1": 523.94969635769,
    "mh2": 530.6289780986191,
    "mhz": 522.4764397265467
}