{
    "mh1": 516.5492864307182,
    "mh2": 526.2188188135623,
    "mhz": 507.1206936084336
}