{
    "mh1": 530.2638160669103,
    "mh2": 512.9182250540928,
    "mhz": 552.4335807291209
}