{
    "mh1": 520.1263718229934,
    "mh2": 526.7996380697532,
    "mhz": 520.5124739490855
}