{
    "mh1": 507.21716604889525,
    "mh2": 506.2485076652337,
    "mhz": 489.5396909878759
}