{
    "mh1": 517.9331761020035,
    "mh2": 548.0435952533732,
    "mhz": 587.1049841470705
}