{
    "mh1": 514.0442161808484,
    "mh2": 518.1993272614552,
    "mhz": 604.8135581579038
}