{
    "mh1": 526.7420071743919,
    "mh2": 491.81743018451925,
    "mhz": 494.4313168525713
}