{
    "mh1": 511.37261731454504,
    "mh2": 495.96417336595596
}