{
    "mh1": 517.371815848258,
    "mh2": 517.3627973055725,
    "mhz": 503.86139830124824
}