{
    "mh1": 518.1315620747066,
    "mh2": 517.7198812703859,
    "mhz": 563.1512829650749
}