{
    "mh1": 522.9623000961286,
    "mh2": 514.3766453261464,
    "mhz": 516.5343249147951
}