{
    "mh1": 519.037503758288,
    "mh2": 522.4018015071755,
    "mhz": 518.0885057046856
}