{
    "mh1": 516.8046361155752,
    "mh2": 537.5003733108996,
    "mhz": 449.9724087169107
}