{
    "mh1": 513.3870164999615,
    "mh2": 507.8842017131448,
    "mhz": 483.96009639123247
}