{
    "mh1": 515.0753691044396,
    "mh2": 512.061533034499,
    "mhz": 475.80674408329355
}