{
    "mh1": 521.9947989692344,
    "mh2": 521.8206538461538,
    "mhz": 513.5200586015011
}