{
    "mh1": 512.0294245961775,
    "mh2": 512.732912717715,
    "mhz": 485.11722822886145
}