{
    "mh1": 509.6989462682446,
    "mh2": 532.0770244547881
}