{
    "mh1": 515.5575393795797,
    "mh2": 514.8293214594738,
    "mhz": 538.073731735492
}