{
    "mh1": 513.715181259249,
    "mh2": 518.1289824357874,
    "mhz": 596.2189340531663
}