{
    "mh1": 513.0877173323062,
    "mh2": 525.0764891609872,
    "mhz": 538.6653290656102
}