{
    "mh1": 526.8680050974428,
    "mh2": 492.06126436296046,
    "mhz": 494.8312158527656
}