{
    "mh1": 516.5049818484014,
    "mh2": 503.61048126920144,
    "mhz": 492.2085875295019
}