{
    "mh1": 527.3949463597762,
    "mh2": 489.71772447344,
    "mhz": 492.6989674414517
}