{
    "mh1": 517.4069963470369,
    "mh2": 520.635254345388,
    "mhz": 491.6007359672649
}