{
    "mh1": 511.86334346121976,
    "mh2": 498.2269113235387
}