{
    "mh1": 548.9696614069992,
    "mh2": 557.1314851862786,
    "mhz": 562.7132085159444
}