{
    "mh1": 523.8283316752606,
    "mh2": 570.0280856072429
}