{
    "mh1": 506.41895410198623,
    "mh2": 526.4298988244885,
    "mhz": 455.2780591049423
}