{
    "mh1": 512.0024919850481,
    "mh2": 492.8020355913487
}