{
    "mh1": 517.9823039970996,
    "mh2": 538.0013465080618
}