{
    "mh1": 527.5029583511936,
    "mh2": 534.0056724855465,
    "mhz": 530.8692139450316
}