{
    "mh1": 523.3787094023367,
    "mh2": 565.8616037648474,
    "mhz": 516.9988938922934
}