{
    "mh1": 515.9338944114799,
    "mh2": 515.5874491909894,
    "mhz": 476.4087755858433
}