{
    "mh1": 506.69094943614584,
    "mh2": 521.0450284777537,
    "mhz": 524.733595209866
}