{
    "mh1": 528.7481231258355,
    "mh2": 487.0087629769193,
    "mhz": 490.56552903921573
}