{
    "mh1": 518.609051513233,
    "mh2": 542.9067842386233,
    "mhz": 446.5330273636509
}