{
    "mh1": 510.03429332386366,
    "mh2": 504.2369537310438,
    "mhz": 509.0809297304591
}