{
    "mh1": 513.8251490956379,
    "mh2": 522.4714465773827,
    "mhz": 563.712716986344
}