{
    "mh1": 514.5191384014097,
    "mh2": 494.3901639044379
}