{
    "mh1": 527.9230766543096,
    "mh2": 492.546159691832,
    "mhz": 529.5347667946626
}