{
    "mh1": 518.4984241623777,
    "mh2": 516.7050618625502,
    "mhz": 488.72909569282695
}