{
    "mh1": 502.0938531722153,
    "mh2": 482.05759326245243
}