{
    "mh1": 505.84858724066964,
    "mh2": 503.56085487436906,
    "mhz": 492.84486282798224
}