{
    "mh1": 515.1926633138535,
    "mh2": 512.3126640703524,
    "mhz": 476.6847034262193
}