{
    "mh1": 533.9769840687175,
    "mh2": 498.5745295254876,
    "mhz": 496.0907603508613
}