{
    "mh1": 505.95761283486786,
    "mh2": 503.39601356785676,
    "mhz": 490.7055815197721
}