{
    "mh1": 525.9458752209094,
    "mh2": 495.8052497439107,
    "mhz": 497.0521739586447
}