{
    "mh1": 508.9378956086394,
    "mh2": 505.6295025218217,
    "mhz": 512.3970162920282
}