{
    "mh1": 528.0538896841101,
    "mh2": 492.05926439120213,
    "mhz": 493.79527520385307
}