{
    "mh1": 511.8165501185902,
    "mh2": 490.2431217551733
}