{
    "mh1": 510.0220882794199,
    "mh2": 519.2271549447985,
    "mhz": 599.1835264602942
}