{
    "mh1": 510.52635664076644,
    "mh2": 496.14644109415156
}