{
    "mh1": 559.0504805911712,
    "mh2": 529.561831665179
}