{
    "mh1": 525.9076878316894,
    "mh2": 516.818881767243,
    "mhz": 563.2735804909853
}