{
    "mh1": 519.1416791647273,
    "mh2": 526.1454519683651,
    "mhz": 520.1613405556982
}