{
    "mh1": 532.9387777025793,
    "mh2": 532.2531314455139,
    "mhz": 532.3788964445447
}