{
    "mh1": 523.530458512382,
    "mh2": 569.4748251029536
}