{
    "mh1": 525.8321595423264,
    "mh2": 495.62714009959154,
    "mhz": 497.4082533998678
}