{
    "mh1": 507.0155885544158,
    "mh2": 503.88585271080814,
    "mhz": 492.2639034728325
}