{
    "mh1": 513.4754084034905,
    "mh2": 520.7992523344885,
    "mhz": 461.4323961113063
}