{
    "mh1": 501.7328303646434,
    "mh2": 540.7540749494369
}