{
    "mh1": 514.4378677731054,
    "mh2": 512.3392398597827,
    "mhz": 487.2429611463676
}