{
    "mh1": 508.6722015439394,
    "mh2": 518.0796523228491,
    "mhz": 489.5064517997126
}