{
    "mh1": 525.9765712966913,
    "mh2": 495.51638875630084,
    "mhz": 497.0800704961657
}