{
    "mh1": 509.900866779626,
    "mh2": 525.7808283133847
}