{
    "mh1": 520.0402767123719,
    "mh2": 533.608052380137,
    "mhz": 519.9741948560954
}