{
    "mh1": 515.3012376345873,
    "mh2": 530.1810820455587,
    "mhz": 576.3387101006373
}