{
    "mh1": 511.94155400147247,
    "mh2": 511.86906090101184,
    "mhz": 481.5592181770171
}