{
    "mh1": 524.6811402421987,
    "mh2": 528.5341883420996,
    "mhz": 520.9615369745536
}