{
    "mh1": 514.5897807417527,
    "mh2": 521.9206855384009,
    "mhz": 530.673251928994
}