{
    "mh1": 510.88214677851465,
    "mh2": 501.3926064905337,
    "mhz": 509.080395759916
}