{
    "mh1": 515.7748918127072,
    "mh2": 541.5564013550652,
    "mhz": 581.1360123971635
}