{
    "mh1": 518.8817655487261,
    "mh2": 533.8331710437722
}