{
    "mh1": 512.2990045401991,
    "mh2": 515.5768046515481,
    "mhz": 581.8924660684922
}