{
    "mh1": 515.1501093449269,
    "mh2": 507.9356062393911,
    "mhz": 483.6328444989083
}