{
    "mh1": 517.8226507031982,
    "mh2": 549.7473697757472,
    "mhz": 593.7427425942377
}