{
    "mh1": 522.5746384320084,
    "mh2": 555.3061478484634
}