{
    "mh1": 516.9783587715888,
    "mh2": 538.4092705070009
}