{
    "mh1": 506.9909920979004,
    "mh2": 505.61621671905965,
    "mhz": 490.4438681571737
}