{
    "mh1": 512.4138109392229,
    "mh2": 522.5940867073234,
    "mhz": 519.5981316576733
}