{
    "mh1": 511.99971000061146,
    "mh2": 492.1485046635908
}