{
    "mh1": 517.8023924968165,
    "mh2": 519.3014386702532,
    "mhz": 532.8380327261025
}