{
    "mh1": 523.8898896640932,
    "mh2": 527.067812142039,
    "mhz": 521.0880064569907
}