{
    "mh1": 514.8868209982562,
    "mh2": 512.0684903223869,
    "mhz": 476.0383119613202
}