{
    "mh1": 525.1357423736163,
    "mh2": 527.5927424431047,
    "mhz": 521.7389200114699
}