{
    "mh1": 516.1171824313517,
    "mh2": 547.9729454812089,
    "mhz": 573.9026971558376
}