{
    "mh1": 513.0147845822421,
    "mh2": 518.3484485288978,
    "mhz": 602.890197496698
}