{
    "mh1": 524.7037231982963,
    "mh2": 484.7535320373308
}