{
    "mh1": 511.9887031433078,
    "mh2": 492.2115558050671
}