{
    "mh1": 523.6860477325465,
    "mh2": 527.7581751843977,
    "mhz": 519.9599297953356
}