{
    "mh1": 563.4842721773489,
    "mh2": 533.8738999190725
}