{
    "mh1": 580.8386443198698,
    "mh2": 533.4298352402088,
    "mhz": 583.259563160399
}