{
    "mh1": 525.2470346956467,
    "mh2": 495.36270158555084,
    "mhz": 497.0186657363751
}