{
    "mh1": 515.9199911565751,
    "mh2": 512.9415901220256,
    "mhz": 547.7860920938961
}