{
    "mh1": 522.7487510532685,
    "mh2": 549.4227631046895
}