{
    "mh1": 506.8578804470693,
    "mh2": 504.841792156677,
    "mhz": 492.5203186564754
}