{
    "mh1": 506.9146405637831,
    "mh2": 503.8971548752089,
    "mhz": 492.33420688256564
}