{
    "mh1": 515.1871948726372,
    "mh2": 512.9982212095426,
    "mhz": 476.2916998658056
}