{
    "mh1": 512.8425904659603,
    "mh2": 531.811760153782
}