{
    "mh1": 512.632647357454,
    "mh2": 515.7688326573641,
    "mhz": 584.6642388955115
}