{
    "mh1": 514.750959245867,
    "mh2": 530.8130426925445,
    "mhz": 564.7560774503216
}