{
    "mh1": 513.3884833298921,
    "mh2": 512.6725914260717,
    "mhz": 510.8960024077243
}