{
    "mh1": 514.011989665624,
    "mh2": 517.4324471871006,
    "mhz": 543.8917601070232
}