{
    "mh1": 514.5911550701678,
    "mh2": 537.1175560209974
}