{
    "mh1": 526.0353963740215,
    "mh2": 527.56411582936,
    "mhz": 526.3458772904912
}