{
    "mh1": 526.7386523835506,
    "mh2": 491.9323390153624,
    "mhz": 494.62139018616136
}