{
    "mh1": 527.8048432972606,
    "mh2": 497.7260776141225,
    "mhz": 497.58043074782904
}