{
    "mh1": 519.4590024341669,
    "mh2": 524.9806841879782,
    "mhz": 519.6908455528942
}