{
    "mh1": 520.9510858225578,
    "mh2": 540.6202081082404
}