{
    "mh1": 512.1630150890721,
    "mh2": 517.0783731371966,
    "mhz": 441.9468185836225
}