{
    "mh1": 517.5252027890826,
    "mh2": 523.1309533557646,
    "mhz": 512.6525563148571
}