{
    "mh1": 514.6583745253644,
    "mh2": 494.67199743478324
}