{
    "mh1": 512.1828887719475,
    "mh2": 496.88021755739203
}