{
    "mh1": 513.7469649825184,
    "mh2": 496.15621326821895
}