{
    "mh1": 514.8719229527353,
    "mh2": 550.7623701881935,
    "mhz": 512.5329718921829
}