{
    "mh1": 520.3061646466258,
    "mh2": 517.4684049816808,
    "mhz": 518.4325155633494
}