{
    "mh1": 520.9192055250784,
    "mh2": 519.15421875164,
    "mhz": 514.792029066635
}