{
    "mh1": 527.9349471345013,
    "mh2": 488.74874475452395,
    "mhz": 491.52171915345616
}