{
    "mh1": 507.0806874181856,
    "mh2": 536.2139606539622,
    "mhz": 566.1719033604971
}