{
    "mh1": 512.1358370179661,
    "mh2": 516.8055867934527,
    "mhz": 514.6598028293654
}