{
    "mh1": 518.0851504142453,
    "mh2": 521.9489183558024,
    "mhz": 492.99592780371944
}