{
    "mh1": 505.6012275457023,
    "mh2": 513.5200992617101,
    "mhz": 531.3081895449391
}