{
    "mh1": 513.6301979384758,
    "mh2": 532.1917367103479
}