{
    "mh1": 512.2968151215172,
    "mh2": 517.0645011568419,
    "mhz": 601.4467415824797
}