{
    "mh1": 513.879691454489,
    "mh2": 516.3047601841067,
    "mhz": 555.2211585161651
}