{
    "mh1": 523.3069913436179,
    "mh2": 561.3246452294422
}