{
    "mh1": 522.5855991255636,
    "mh2": 570.154112076065,
    "mhz": 520.0001328858884
}