{
    "mh1": 523.9122333389978,
    "mh2": 525.6320253113553,
    "mhz": 520.7583276396699
}