{
    "mh1": 517.9819973900146,
    "mh2": 520.5558484665845,
    "mhz": 566.2573026778961
}