{
    "mh1": 522.1146372209951,
    "mh2": 527.004582873169,
    "mhz": 521.1770853957361
}