{
    "mh1": 517.5473813456765,
    "mh2": 519.0544983967422,
    "mhz": 490.62522812193595
}