{
    "mh1": 524.34266175697,
    "mh2": 529.6290908006957,
    "mhz": 523.0462219868739
}