{
    "mh1": 514.2031327025522,
    "mh2": 526.3133527455713,
    "mhz": 486.3467950530035
}