{
    "mh1": 512.6527707647929,
    "mh2": 516.9101033485633,
    "mhz": 572.1402641964999
}