{
    "mh1": 509.8319939782028,
    "mh2": 504.49464611339636,
    "mhz": 509.122430841214
}