{
    "mh1": 511.34706390328154,
    "mh2": 495.4756111134566
}