{
    "mh1": 524.1382029554632,
    "mh2": 559.581650582304
}