{
    "mh1": 512.0457525464515,
    "mh2": 492.0625843866936
}