{
    "mh1": 525.0064651786686,
    "mh2": 557.5620403847122
}