{
    "mh1": 507.8124287302498,
    "mh2": 513.4057672110143,
    "mhz": 476.7011797571004
}