{
    "mh1": 526.9831473735179,
    "mh2": 497.340551463262,
    "mhz": 526.5740775377
}