{
    "mh1": 517.9826242423123,
    "mh2": 516.6222951142713,
    "mhz": 548.1614389079899
}