{
    "mh1": 511.31470025298205,
    "mh2": 499.0465581732233,
    "mhz": 510.12455212809135
}