{
    "mh1": 514.9368811530194,
    "mh2": 512.3069336854294,
    "mhz": 476.9779477879784
}