{
    "mh1": 524.3729814929045,
    "mh2": 570.8466114119656,
    "mhz": 519.5004516995962
}