{
    "mh1": 515.7972224991213,
    "mh2": 513.376519740892,
    "mhz": 529.0124569567811
}