{
    "mh1": 515.773041742373,
    "mh2": 515.8479239400127,
    "mhz": 514.7904510788418
}