{
    "mh1": 524.0438012656087,
    "mh2": 495.1047139696141,
    "mhz": 497.15458281876784
}