{
    "mh1": 526.7498496850836,
    "mh2": 495.77669329378705,
    "mhz": 496.90759883534423
}