{
    "mh1": 512.8118201140505,
    "mh2": 493.3780649971147
}