{
    "mh1": 511.4453723618178,
    "mh2": 517.0416112310637,
    "mhz": 438.78441097542856
}