{
    "mh1": 518.8084701420469,
    "mh2": 550.1067770748504,
    "mhz": 594.1175271452853
}