{
    "mh1": 511.97621726445254,
    "mh2": 493.4809001602063
}