{
    "mh1": 518.0255733818647,
    "mh2": 543.4505421309716,
    "mhz": 578.7299646512149
}