{
    "mh1": 514.7287915757031,
    "mh2": 493.3000796181265
}