{
    "mh1": 517.6354976149271,
    "mh2": 523.8670055560046,
    "mhz": 542.423731760301
}