{
    "mh1": 512.68509458293,
    "mh2": 516.4964807436919,
    "mhz": 558.6472217078208
}