{
    "mh1": 521.7313541469833,
    "mh2": 524.8544389175344,
    "mhz": 520.175936229328
}