{
    "mh1": 521.6750338561006,
    "mh2": 519.6094591217828,
    "mhz": 509.63586451292736
}