{
    "mh1": 522.3068704454291,
    "mh2": 525.8343903787863,
    "mhz": 520.405231674962
}