{
    "mh1": 519.0098057481844,
    "mh2": 554.21718660337,
    "mhz": 536.0009986287486
}