{
    "mh1": 516.3930767619931,
    "mh2": 518.7949070449207,
    "mhz": 530.8130094771628
}