{
    "mh1": 514.5114547475616,
    "mh2": 506.7968616932585
}