{
    "mh1": 516.4336215932914,
    "mh2": 505.94430274040093,
    "mhz": 489.68941299790356
}