{
    "mh1": 506.0746829934265,
    "mh2": 452.2856954837079
}