{
    "mh1": 527.5409266820521,
    "mh2": 490.28825670158,
    "mhz": 531.1488017042428
}