{
    "mh1": 525.9232882905775,
    "mh2": 495.90444113044407,
    "mhz": 497.0818708018849
}