{
    "mh1": 511.94018029733246,
    "mh2": 492.92140168488976
}