{
    "mh1": 525.3735867397693,
    "mh2": 520.3593824848175,
    "mhz": 548.1021622910068
}