{
    "mh1": 518.431996938831,
    "mh2": 521.0854992487749,
    "mhz": 517.6155378521019
}