{
    "mh1": 508.30036587794984,
    "mh2": 542.0044452521073,
    "mhz": 443.0210451829332
}