{
    "mh1": 507.98368007558923,
    "mh2": 507.9166227771644,
    "mhz": 483.6159448057686
}