{
    "mh1": 520.055601202264,
    "mh2": 531.2078396328607,
    "mhz": 534.6922631263858
}