{
    "mh1": 514.7675318594306,
    "mh2": 528.1568521585976,
    "mhz": 563.7491740525845
}