{
    "mh1": 509.9447825638714,
    "mh2": 460.79908564750014
}