{
    "mh1": 518.0453294961596,
    "mh2": 520.685142812132,
    "mhz": 492.3776319834012
}