{
    "mh1": 501.6517997888811,
    "mh2": 491.94089176949956,
    "mhz": 523.5583812161111
}