{
    "mh1": 515.5761802106117,
    "mh2": 512.3423789800175,
    "mhz": 546.655008602361
}