{
    "mh1": 524.5608095065961,
    "mh2": 527.0589633939836,
    "mhz": 521.0198235063934
}