{
    "mh1": 512.0603929462216,
    "mh2": 517.0818699734837,
    "mhz": 548.9996429702773
}