{
    "mh1": 507.5276444756719,
    "mh2": 510.8459271177688,
    "mhz": 481.8534787274966
}