{
    "mh1": 511.8034391425277,
    "mh2": 495.4026594695407
}