{
    "mh1": 516.6149123022028,
    "mh2": 522.2824990414296,
    "mhz": 562.4519523173428
}