{
    "mh1": 511.8352464503769,
    "mh2": 518.0142399200173,
    "mhz": 421.5347213725648
}