{
    "mh1": 514.872956362154,
    "mh2": 513.6729652281617,
    "mhz": 512.0230430789416
}