{
    "mh1": 523.6069301655239,
    "mh2": 557.9539364844775
}