{
    "mh1": 527.9695599879359,
    "mh2": 485.94643846691923,
    "mhz": 534.2815224757583
}