{
    "mh1": 512.0293251952186,
    "mh2": 492.57275148699955
}