{
    "mh1": 523.970411118459,
    "mh2": 527.9754647609625,
    "mhz": 521.4488290219426
}