{
    "mh1": 509.7272804657671,
    "mh2": 504.8879527281175,
    "mhz": 509.881861291604
}