{
    "mh1": 515.5008325689075,
    "mh2": 539.6881129292689,
    "mhz": 444.2857939069071
}