{
    "mh1": 514.5976306157368,
    "mh2": 529.2954373577502,
    "mhz": 565.8278531272279
}