{
    "mh1": 513.0208562904359,
    "mh2": 530.0145954706733,
    "mhz": 573.9050876135893
}