{
    "mh1": 517.5821068953709,
    "mh2": 521.9786452901493,
    "mhz": 531.0993365249919
}