{
    "mh1": 526.1872893680693,
    "mh2": 526.2246559969794,
    "mhz": 522.0429782547895
}