{
    "mh1": 513.0249028355012,
    "mh2": 544.025326064209,
    "mhz": 578.4508640889153
}