{
    "mh1": 526.2973729532202,
    "mh2": 496.17365518640133,
    "mhz": 497.54006311906073
}