{
    "mh1": 511.5030963915409,
    "mh2": 532.3054574265486
}