{
    "mh1": 527.9438696018361,
    "mh2": 488.30430803309105,
    "mhz": 491.49640494013573
}