{
    "mh1": 511.95607278866316,
    "mh2": 490.75698589691973
}