{
    "mh1": 522.7097674857991,
    "mh2": 535.0393588658042,
    "mhz": 525.4852641707488
}