{
    "mh1": 505.9553125131264,
    "mh2": 501.76549964296214,
    "mhz": 489.88548361126277
}