{
    "mh1": 528.084202179058,
    "mh2": 485.9623743345838,
    "mhz": 528.0534136939876
}