{
    "mh1": 526.0637468852528,
    "mh2": 494.88565105774086,
    "mhz": 497.016897259193
}