{
    "mh1": 512.9265795937406,
    "mh2": 518.3520302464356,
    "mhz": 609.5323845218985
}