{
    "mh1": 510.31769830746566,
    "mh2": 517.1942652066081,
    "mhz": 595.2712998122408
}