{
    "mh1": 505.50166810564497,
    "mh2": 502.7900526265094,
    "mhz": 494.2427553427541
}