{
    "mh1": 516.4932562418422,
    "mh2": 521.4453076130069,
    "mhz": 513.5739022860269
}