{
    "mh1": 512.3016516234559,
    "mh2": 516.7021658813169,
    "mhz": 593.7889587725422
}