{
    "mh1": 524.4277829915816,
    "mh2": 526.1331442382807,
    "mhz": 519.7394722125131
}