{
    "mh1": 518.4128031000547,
    "mh2": 517.3643104231454,
    "mhz": 476.08041105271985
}