{
    "mh1": 526.4442231110597,
    "mh2": 493.8557913326232,
    "mhz": 527.9494134383585
}