{
    "mh1": 515.7139478044231,
    "mh2": 516.8076815412769,
    "mhz": 514.7617069816754
}