{
    "mh1": 524.7676301991938,
    "mh2": 528.3789427039483,
    "mhz": 522.2986373046709
}