{
    "mh1": 563.3962164703742,
    "mh2": 555.4925465120027
}