{
    "mh1": 518.3107336828227,
    "mh2": 548.9260411420737,
    "mhz": 432.10761017627857
}