{
    "mh1": 526.2316532733538,
    "mh2": 527.1956813665875,
    "mhz": 497.4981291140132
}