{
    "mh1": 528.0051548733649,
    "mh2": 535.7569592605212,
    "mhz": 532.9251403988831
}