{
    "mh1": 519.6603664026167,
    "mh2": 517.4033873384994,
    "mhz": 515.8764662847726
}