{
    "mh1": 508.9820004122976,
    "mh2": 510.98754197225026,
    "mhz": 477.32259208531036
}