{
    "mh1": 518.1917474146842,
    "mh2": 524.9715798537436,
    "mhz": 519.7508924247361
}