{
    "mh1": 521.02609074235,
    "mh2": 499.7259483323862,
    "mhz": 528.453722402606
}