{
    "mh1": 517.2073098071558,
    "mh2": 520.9647682697769,
    "mhz": 532.9305953784999
}