{
    "mh1": 525.9633304281112,
    "mh2": 495.96899464498637,
    "mhz": 497.0376784202776
}