{
    "mh1": 524.1756754986592,
    "mh2": 524.4832267892298,
    "mhz": 519.1646386879208
}