{
    "mh1": 506.3938663595926,
    "mh2": 503.5094588687976,
    "mhz": 488.923879805785
}