{
    "mh1": 528.5542280947307,
    "mh2": 536.3421415099943,
    "mhz": 490.0911090650559
}