{
    "mh1": 517.9691159173894,
    "mh2": 524.8663757825416,
    "mhz": 463.25667934276964
}