{
    "mh1": 508.86776575465746,
    "mh2": 509.58165976926784,
    "mhz": 481.2551512649852
}