{
    "mh1": 523.3413723509838,
    "mh2": 524.4743794853842,
    "mhz": 521.5649530804468
}