{
    "mh1": 512.3429190345892,
    "mh2": 516.4333108232549,
    "mhz": 439.6155459826565
}