{
    "mh1": 512.669196042983,
    "mh2": 516.01630163978,
    "mhz": 430.67613326433275
}