{
    "mh1": 523.3119677611585,
    "mh2": 571.3000950679981,
    "mhz": 519.9669453405425
}