{
    "mh1": 500.1624023172578,
    "mh2": 464.6754540108374
}