{
    "mh1": 507.46694200437463,
    "mh2": 505.539112660185,
    "mhz": 489.619339047426
}