{
    "mh1": 522.4444662404763,
    "mh2": 526.0106670170368,
    "mhz": 516.9280822997412
}