{
    "mh1": 555.5063716349118,
    "mh2": 533.4869431867705
}