{
    "mh1": 526.615410585546,
    "mh2": 497.5273342711447,
    "mhz": 497.5285458062247
}