{
    "mh1": 501.172162942627,
    "mh2": 453.0915985720789
}