{
    "mh1": 502.01170349059754,
    "mh2": 537.7987037956276
}