{
    "mh1": 522.1379941999958,
    "mh2": 518.7967085813477,
    "mhz": 560.6035012611801
}