{
    "mh1": 522.9546959140491,
    "mh2": 528.3864646302521,
    "mhz": 519.1763239980064
}