{
    "mh1": 520.1737014390246,
    "mh2": 525.4199757562089,
    "mhz": 520.4110392783311
}