{
    "mh1": 521.8818331910845,
    "mh2": 520.0533190151216,
    "mhz": 513.3688145695712
}