{
    "mh1": 530.6081212845595,
    "mh2": 530.7531700414054,
    "mhz": 529.1874794719665
}