{
    "mh1": 521.8973793219756,
    "mh2": 523.9610319122028,
    "mhz": 520.3114051189449
}