{
    "mh1": 507.01852250964146,
    "mh2": 503.77775188406,
    "mhz": 492.0399133012798
}