{
    "mh1": 509.0545845567449,
    "mh2": 508.5297529511644,
    "mhz": 484.1941015669034
}