{
    "mh1": 517.9666018859833,
    "mh2": 519.5244502144066,
    "mhz": 560.3466745607288
}