{
    "mh1": 510.81392903751754,
    "mh2": 499.75795754924104,
    "mhz": 514.7258619573565
}