{
    "mh1": 515.285748531916,
    "mh2": 514.6074420669449,
    "mhz": 511.0025180015804
}