{
    "mh1": 560.8423302611608,
    "mh2": 542.7162229406408,
    "mhz": 655.5668937717703
}