{
    "mh1": 512.6278198206425,
    "mh2": 516.265729037462,
    "mhz": 444.77202063667806
}