{
    "mh1": 537.4008036391758,
    "mh2": 513.2513269106602,
    "mhz": 523.7310280295417
}