{
    "mh1": 527.0412037491069,
    "mh2": 491.54082547599364,
    "mhz": 494.05098631211735
}