{
    "mh1": 513.8099374918153,
    "mh2": 520.5861915055294,
    "mhz": 543.9295687116304
}