{
    "mh1": 512.0828546521584,
    "mh2": 512.4459918855018,
    "mhz": 512.0224835421017
}