{
    "mh1": 526.0007963008693,
    "mh2": 494.0464038451559,
    "mhz": 496.1524986981753
}