{
    "mh1": 506.4998951796621,
    "mh2": 538.8165603048127,
    "mhz": 445.99198675114906
}