{
    "mh1": 531.1058216596674,
    "mh2": 475.98701457617494,
    "mhz": 482.8628723581295
}