{
    "mh1": 522.6683616628702,
    "mh2": 527.1998403452752,
    "mhz": 519.0294096144904
}