{
    "mh1": 516.0578848489615,
    "mh2": 515.5790415572204,
    "mhz": 548.6497879234323
}