{
    "mh1": 516.6259174879115,
    "mh2": 506.0753050823082,
    "mhz": 488.99843731365274
}