{
    "mh1": 507.6703972511483,
    "mh2": 505.62060526587976,
    "mhz": 489.4242084244223
}