{
    "mh1": 513.8989549619465,
    "mh2": 513.8967192209803,
    "mhz": 544.4057089138283
}