{
    "mh1": 513.5358504101262,
    "mh2": 520.9595776533065,
    "mhz": 515.4489129018921
}