{
    "mh1": 508.1340467311607,
    "mh2": 511.9998738945506,
    "mhz": 478.1102225745143
}