{
    "mh1": 515.6920539956084,
    "mh2": 521.6360709804499,
    "mhz": 516.5530260148782
}