{
    "mh1": 523.7939813855428,
    "mh2": 537.3931919954589
}