{
    "mh1": 521.0571498118355,
    "mh2": 524.6038929994309,
    "mhz": 524.0378479183995
}