{
    "mh1": 514.5751288247627,
    "mh2": 520.7766843999987,
    "mhz": 536.6054344407505
}