{
    "mh1": 513.2471216737832,
    "mh2": 522.4808077056492,
    "mhz": 541.4298182149432
}