{
    "mh1": 510.98942257217846,
    "mh2": 498.0430919389185
}