{
    "mh1": 512.3372373316104,
    "mh2": 516.2924801258463,
    "mhz": 434.97516652211925
}