{
    "mh1": 526.9112956421171,
    "mh2": 493.29672165853947,
    "mhz": 495.3723851348987
}