{
    "mh1": 510.51647013939146,
    "mh2": 524.6069035089789,
    "mhz": 565.7717441316308
}