{
    "mh1": 512.167599318382,
    "mh2": 517.0693113543215,
    "mhz": 586.0754939030325
}