{
    "mh1": 521.8164485254642,
    "mh2": 535.9007537339546
}