{
    "mh1": 517.2230122127155,
    "mh2": 504.14029823540545,
    "mhz": 492.1432913948731
}