{
    "mh1": 512.6941902230869,
    "mh2": 522.8011550924143,
    "mhz": 517.8972972783831
}