{
    "mh1": 514.8735712799058,
    "mh2": 528.386480899128,
    "mhz": 564.9654173735112
}