{
    "mh1": 505.394734588218,
    "mh2": 530.7698539912496,
    "mhz": 517.3461600307617
}