{
    "mh1": 512.5542285586325,
    "mh2": 518.3541510728867,
    "mhz": 604.7167518836902
}