{
    "mh1": 510.2319487305372,
    "mh2": 536.8146905752221,
    "mhz": 453.50338578286807
}