{
    "mh1": 532.5905615234204,
    "mh2": 524.3980061738652,
    "mhz": 525.2930630105936
}