{
    "mh1": 522.7729993548865,
    "mh2": 528.3984612537345,
    "mhz": 518.2664545694897
}