{
    "mh1": 526.7210040397431,
    "mh2": 491.9091653457343,
    "mhz": 494.90327705084667
}