{
    "mh1": 510.3033212192509,
    "mh2": 485.8749001653402
}