{
    "mh1": 512.4891830640383,
    "mh2": 515.6456567019172,
    "mhz": 554.1091811154299
}