{
    "mh1": 527.8782314959799,
    "mh2": 487.2466083847801,
    "mhz": 490.8435420108412
}