{
    "mh1": 528.2620990045477,
    "mh2": 537.839958026909,
    "mhz": 533.6290412079607
}