{
    "mh1": 518.2501769532503,
    "mh2": 520.2860852315185,
    "mhz": 532.1648695483877
}