{
    "mh1": 506.4094004378927,
    "mh2": 504.46145847040077,
    "mhz": 492.4120414197939
}