{
    "mh1": 517.2208882186762,
    "mh2": 520.3445109402886,
    "mhz": 491.07424311950706
}