{
    "mh1": 514.4547641584536,
    "mh2": 494.82721021576646
}