{
    "mh1": 512.2292942398417,
    "mh2": 512.0307073814477,
    "mhz": 453.6645040976372
}