{
    "mh1": 524.4882213679416,
    "mh2": 496.0564793412435,
    "mhz": 497.6257959303658
}