{
    "mh1": 501.9206468207636,
    "mh2": 511.3188106295376
}