{
    "mh1": 515.5491297889633,
    "mh2": 515.6869167063703,
    "mhz": 534.1086605428736
}