{
    "mh1": 505.4109152393996,
    "mh2": 521.1125682037631,
    "mhz": 513.7284043037787
}