{
    "mh1": 508.176369731332,
    "mh2": 512.8277515223122,
    "mhz": 476.62889161928763
}