{
    "mh1": 523.6886925117171,
    "mh2": 566.7191872437037
}