{
    "mh1": 514.5658095040015,
    "mh2": 495.168816462056
}