{
    "mh1": 514.5497905045423,
    "mh2": 494.14771474982825
}