{
    "mh1": 518.9459501041683,
    "mh2": 522.8410393324524,
    "mhz": 518.1467798076627
}