{
    "mh1": 521.7531786474051,
    "mh2": 529.1523895847358,
    "mhz": 527.9511973186
}