{
    "mh1": 531.5662780138753,
    "mh2": 475.9638601040974,
    "mhz": 482.425469972776
}