{
    "mh1": 503.7868784060257,
    "mh2": 546.3739586723221
}