{
    "mh1": 508.132873087908,
    "mh2": 501.92670085518006,
    "mhz": 490.6587012359003
}