{
    "mh1": 512.7129019875758,
    "mh2": 490.91261740995486
}