{
    "mh1": 511.5543546998317,
    "mh2": 500.8008067339779,
    "mhz": 509.208034484545
}