{
    "mh1": 514.6583809785164,
    "mh2": 495.7717278456897
}