{
    "mh1": 524.9397425123651,
    "mh2": 527.5912407993976,
    "mhz": 522.0623222334813
}