{
    "mh1": 526.0383737618938,
    "mh2": 495.11987951273534,
    "mhz": 526.7971050957615
}