{
    "mh1": 514.7592872142468,
    "mh2": 549.8959583781092,
    "mhz": 512.6548660332311
}