{
    "mh1": 514.8188726516521,
    "mh2": 494.48986361245176
}