{
    "mh1": 509.08621874701066,
    "mh2": 505.0755469028179,
    "mhz": 492.0555979713631
}