{
    "mh1": 523.8096646649882,
    "mh2": 524.6683853000067,
    "mhz": 519.3143753690897
}