{
    "mh1": 512.3185464182347,
    "mh2": 490.91559207791175,
    "mhz": 509.00362313712725
}