{
    "mh1": 525.4769374241273,
    "mh2": 569.6430649732036
}