{
    "mh1": 511.9688389883563,
    "mh2": 493.02550374558666
}