{
    "mh1": 521.4624476361461,
    "mh2": 518.2038735964862,
    "mhz": 508.3769209173119
}