{
    "mh1": 521.388916887302,
    "mh2": 519.4296678233243,
    "mhz": 513.8447319778188
}