{
    "mh1": 512.0600516400431,
    "mh2": 490.24440360433385,
    "mhz": 509.38398809274247
}