{
    "mh1": 516.4032205290794,
    "mh2": 503.8944354334966,
    "mhz": 492.27016571395575
}