{
    "mh1": 522.0040748043884,
    "mh2": 549.8670680498303
}