{
    "mh1": 523.8745110195628,
    "mh2": 530.7183292089017,
    "mhz": 523.9687596327108
}