{
    "mh1": 510.2300642462692,
    "mh2": 503.9770188909543,
    "mhz": 509.24941288385503
}