{
    "mh1": 517.8667801300726,
    "mh2": 519.019946481191,
    "mhz": 532.7786033394812
}