{
    "mh1": 501.4959305688815,
    "mh2": 563.9428910561544
}