{
    "mh1": 513.652231567251,
    "mh2": 518.6186334817755,
    "mhz": 559.0647401449346
}