{
    "mh1": 513.944901291324,
    "mh2": 530.9867682465914,
    "mhz": 578.732249786142
}