{
    "mh1": 508.3075485518787,
    "mh2": 508.2494047348491,
    "mhz": 488.4426391431054
}