{
    "mh1": 507.7641285705211,
    "mh2": 520.5137918378294,
    "mhz": 522.8522381580898
}