{
    "mh1": 518.5313420966047,
    "mh2": 542.9304388676676,
    "mhz": 585.7620354633139
}