{
    "mh1": 523.3191856561333,
    "mh2": 528.7350925171448,
    "mhz": 519.1749551928239
}