{
    "mh1": 527.0309189655271,
    "mh2": 525.2430843127702,
    "mhz": 537.5384845226426
}