{
    "mh1": 528.9195880490215,
    "mh2": 530.341554680343,
    "mhz": 529.2756175015734
}