{
    "mh1": 519.6394976066049,
    "mh2": 545.9444763555945,
    "mhz": 582.7440448273742
}