{
    "mh1": 509.28163875098596,
    "mh2": 501.07825717393,
    "mhz": 511.68840937435044
}