{
    "mh1": 523.263038753274,
    "mh2": 542.0718679637972
}