{
    "mh1": 528.1655550692819,
    "mh2": 493.9812030143175,
    "mhz": 495.0117513020833
}