{
    "mh1": 511.96876193947975,
    "mh2": 492.4489587751368
}