{
    "mh1": 520.1340783032487,
    "mh2": 526.3488453710822,
    "mhz": 519.618792886049
}