{
    "mh1": 524.9137496409654,
    "mh2": 527.8441109884092,
    "mhz": 521.8177273813899
}