{
    "mh1": 514.9421981826656,
    "mh2": 512.7284644391642,
    "mhz": 547.1348361072269
}