{
    "mh1": 510.2610388179559,
    "mh2": 497.9397697185488
}