{
    "mh1": 524.9823451569087,
    "mh2": 537.3171564654667
}