{
    "mh1": 510.81870676818033,
    "mh2": 518.397588021299,
    "mhz": 417.84652832097044
}