{
    "mh1": 516.075333074401,
    "mh2": 519.9191120552464,
    "mhz": 554.3675283282921
}