{
    "mh1": 512.1329562469973,
    "mh2": 515.8386813410317,
    "mhz": 434.41251008170565
}