{
    "mh1": 512.3194080937769,
    "mh2": 533.7900580377443,
    "mhz": 509.9970104045084
}