{
    "mh1": 513.1014523704079,
    "mh2": 532.2392003781049,
    "mhz": 520.6559257800534
}