{
    "mh1": 522.9789752119251,
    "mh2": 528.1245049102768,
    "mhz": 518.7456147400642
}