{
    "mh1": 506.67222101821403,
    "mh2": 519.2426691743492,
    "mhz": 532.8774032572358
}