{
    "mh1": 515.8200009401316,
    "mh2": 512.5917149386386,
    "mhz": 475.63276961794634
}