{
    "mh1": 517.327861655461,
    "mh2": 538.9854947492147,
    "mhz": 460.21026423173055
}