{
    "mh1": 512.0524858306951,
    "mh2": 517.7694509088622,
    "mhz": 602.2419059799045
}