{
    "mh1": 510.7038556454261,
    "mh2": 517.7773627405637,
    "mhz": 466.1546177756518
}