{
    "mh1": 519.9526234036716,
    "mh2": 549.204520834207,
    "mhz": 581.3516648640905
}