{
    "mh1": 515.8525360748018,
    "mh2": 514.7286901848998,
    "mhz": 514.0346576188838
}