{
    "mh1": 520.1838348067184,
    "mh2": 532.386579347532,
    "mhz": 564.5632144662924
}