{
    "mh1": 528.2341154823447,
    "mh2": 534.2311587993362,
    "mhz": 531.7637207036385
}