{
    "mh1": 518.5631846344486,
    "mh2": 519.4219252577,
    "mhz": 532.825248716587
}