{
    "mh1": 511.6226042353221,
    "mh2": 494.4241276223776
}