{
    "mh1": 527.9152506402437,
    "mh2": 531.8087490458764,
    "mhz": 490.7853011725891
}