{
    "mh1": 518.2125864993251,
    "mh2": 551.2395064046398,
    "mhz": 583.9359096589262
}