{
    "mh1": 505.8094635813509,
    "mh2": 549.330258596401,
    "mhz": 435.7178162485951
}