{
    "mh1": 508.02221414498985,
    "mh2": 520.4138375289174,
    "mhz": 532.6604092178452
}