{
    "mh1": 509.13271770624414,
    "mh2": 510.29563493104337,
    "mhz": 479.551125752775
}