{
    "mh1": 523.8259436090226,
    "mh2": 529.1067322802085,
    "mhz": 520.1579079935188
}