{
    "mh1": 502.74336179277725,
    "mh2": 542.5186962472332
}