{
    "mh1": 527.9475480839818,
    "mh2": 491.8394732060762,
    "mhz": 493.5045615297229
}