{
    "mh1": 517.9832739415473,
    "mh2": 518.2347782673055,
    "mhz": 512.9941132242526
}