{
    "mh1": 515.7816703230465,
    "mh2": 513.1815115360151,
    "mhz": 490.25007534712245
}