{
    "mh1": 527.4690815020699,
    "mh2": 488.6372371612591,
    "mhz": 491.9569101756007
}