{
    "mh1": 517.5548416539109,
    "mh2": 519.9612523814412,
    "mhz": 491.9202465652367
}