{
    "mh1": 512.1259380863039,
    "mh2": 514.8712403428319,
    "mhz": 457.19375914566194
}