{
    "mh1": 517.3723360800057,
    "mh2": 514.3389340206984,
    "mhz": 476.09294300136804
}