{
    "mh1": 529.3582855830732,
    "mh2": 488.6407760183137,
    "mhz": 491.0162961742465
}