{
    "mh1": 516.8586353088104,
    "mh2": 505.46557228102057,
    "mhz": 511.99981233107604
}