{
    "mh1": 523.2747547052081,
    "mh2": 520.316029410476,
    "mhz": 525.6108935152135
}