{
    "mh1": 500.64928767394304,
    "mh2": 452.436621708647,
    "mhz": 519.9444233595503
}