{
    "mh1": 506.60507654524844,
    "mh2": 504.47333630694686,
    "mhz": 491.82363004114075
}