{
    "mh1": 517.5819319754332,
    "mh2": 504.0601476293646,
    "mhz": 492.45959018856655
}