{
    "mh1": 523.4636897845589,
    "mh2": 519.8085488958991,
    "mhz": 475.9173200335066
}