{
    "mh1": 524.1207125755049,
    "mh2": 529.044224111629,
    "mhz": 522.1328074586288
}