{
    "mh1": 514.464241512801,
    "mh2": 512.9585942473627
}