{
    "mh1": 527.4339479485785,
    "mh2": 535.5781372185867,
    "mhz": 491.9032535717353
}