{
    "mh1": 515.2057004270428,
    "mh2": 527.5480385818379,
    "mhz": 569.9512093280036
}