{
    "mh1": 513.5381417569622,
    "mh2": 520.9243107451208,
    "mhz": 564.2467428600446
}