{
    "mh1": 524.3992436454573,
    "mh2": 524.2505332712205,
    "mhz": 519.1253297586912
}