{
    "mh1": 526.3962277673382,
    "mh2": 493.89297032731724,
    "mhz": 528.063423613029
}