{
    "mh1": 515.185164081276,
    "mh2": 499.11998384973964,
    "mhz": 517.2768900573564
}