{
    "mh1": 511.90624977509736,
    "mh2": 496.8094772012084
}