{
    "mh1": 517.119221340465,
    "mh2": 533.4113062166557,
    "mhz": 458.8215865092069
}