{
    "mh1": 506.6208339823163,
    "mh2": 504.3134914095197,
    "mhz": 492.56979867108794
}