{
    "mh1": 511.8423941544593,
    "mh2": 491.596180100934
}