{
    "mh1": 524.5288877073995,
    "mh2": 528.4352853934785,
    "mhz": 522.292789909441
}