{
    "mh1": 501.7442825008258,
    "mh2": 549.9613402196995
}