{
    "mh1": 499.7184916525154,
    "mh2": 573.3699877527417
}