{
    "mh1": 527.5835970806603,
    "mh2": 485.6148434804225,
    "mhz": 489.6352027990969
}