{
    "mh1": 516.1055423219625,
    "mh2": 528.5304886044743,
    "mhz": 482.45565917561765
}