{
    "mh1": 527.7039597902098,
    "mh2": 497.831249704982,
    "mhz": 497.89417132867135
}