{
    "mh1": 511.94675727120716,
    "mh2": 517.9892683063624,
    "mhz": 423.55125351411607
}