{
    "mh1": 512.1160390594016,
    "mh2": 517.5496766258678,
    "mhz": 516.6832261242973
}