{
    "mh1": 517.3133852591602,
    "mh2": 519.7060577609458,
    "mhz": 491.1932924256277
}