{
    "mh1": 523.2107727147738,
    "mh2": 529.4876112812914,
    "mhz": 520.86785955743
}