{
    "mh1": 512.5742053931212,
    "mh2": 527.4859343738548,
    "mhz": 519.8665052289002
}