{
    "mh1": 540.1697009433284,
    "mh2": 526.5121234167507,
    "mhz": 529.901450154447
}