{
    "mh1": 521.7604579217693,
    "mh2": 528.4315232327344
}