{
    "mh1": 509.41617918690946,
    "mh2": 522.6161271014034,
    "mhz": 490.49684287448065
}