{
    "mh1": 513.3111648423118,
    "mh2": 519.1107933189045,
    "mhz": 547.7714555011909
}