{
    "mh1": 526.984775124113,
    "mh2": 492.23688657646824,
    "mhz": 494.37820975794466
}