{
    "mh1": 528.8036798766146,
    "mh2": 489.79321415643847,
    "mhz": 491.77774941070317
}