{
    "mh1": 522.6690067877608,
    "mh2": 523.4515852205847,
    "mhz": 520.2427294129257
}