{
    "mh1": 502.4071942043481,
    "mh2": 560.9840702142402,
    "mhz": 516.2966706125296
}