{
    "mh1": 505.8424629619231,
    "mh2": 503.51642364192946,
    "mhz": 490.5078513452074
}