{
    "mh1": 542.641902910583,
    "mh2": 527.6762878350471,
    "mhz": 531.0403466506905
}