{
    "mh1": 528.0739578617265,
    "mh2": 534.4301780185623,
    "mhz": 544.2596366711572
}