{
    "mh1": 512.2329456725049,
    "mh2": 516.7020527694579,
    "mhz": 599.743238453521
}