{
    "mh1": 519.0775108252791,
    "mh2": 524.3184819506919,
    "mhz": 518.4887390309008
}