{
    "mh1": 508.34988870877567,
    "mh2": 512.7429779034277,
    "mhz": 477.2737339018065
}