{
    "mh1": 518.5440934779983,
    "mh2": 544.9323706756982,
    "mhz": 442.8007914505142
}