{
    "mh1": 526.701673996112,
    "mh2": 491.9321227759039,
    "mhz": 494.62694418909587
}