{
    "mh1": 516.4898949099551,
    "mh2": 519.845714172127,
    "mhz": 512.2348190648295
}