{
    "mh1": 525.6581674187504,
    "mh2": 518.2692792179539,
    "mhz": 588.9900532772434
}