{
    "mh1": 515.2280947774741,
    "mh2": 512.1934982957392,
    "mhz": 475.12120233183066
}