{
    "mh1": 529.9317046406698,
    "mh2": 534.0152416044089,
    "mhz": 491.8992197784669
}