{
    "mh1": 528.9723053905299,
    "mh2": 490.03172858106666,
    "mhz": 492.00001573058057
}