{
    "mh1": 513.2040854885945,
    "mh2": 527.9599893876839
}