{
    "mh1": 508.12281443929726,
    "mh2": 512.7665561871997,
    "mhz": 477.00050170439647
}