{
    "mh1": 502.0199259916697,
    "mh2": 539.6034258039492
}