{
    "mh1": 510.68212278956366,
    "mh2": 535.7591049220529,
    "mhz": 441.70355308294023
}