{
    "mh1": 507.8795762966903,
    "mh2": 509.1163941826529,
    "mhz": 488.3224748177271
}