{
    "mh1": 896.5109277004173,
    "mh2": 901.5109496226085
}