{
    "mh1": 527.7593549480105,
    "mh2": 487.8431750760168,
    "mhz": 491.25356656289927
}