{
    "mh1": 523.566449618043,
    "mh2": 525.1578952154894,
    "mhz": 519.816652661523
}