{
    "mh1": 535.7836476093605,
    "mh2": 521.8710657801214,
    "mhz": 525.5285996400535
}