{
    "mh1": 508.81929417778156,
    "mh2": 506.90473526976797,
    "mhz": 490.42124512955746
}