{
    "mh1": 525.8528703468901,
    "mh2": 527.4642259403249,
    "mhz": 520.9125264954635
}