{
    "mh1": 521.4738118187496,
    "mh2": 518.9104450458236,
    "mhz": 511.27543776786496
}