{
    "mh1": 517.4242039258452,
    "mh2": 522.5945561811843,
    "mhz": 531.1913973257047
}