{
    "mh1": 524.4922482858047,
    "mh2": 557.1764892207699
}