{
    "mh1": 516.1402373696815,
    "mh2": 531.5466824008818,
    "mhz": 523.2578916075423
}