{
    "mh1": 514.7147444791727,
    "mh2": 512.0830060813191,
    "mhz": 476.7658486446223
}