{
    "mh1": 523.9044327653023,
    "mh2": 564.8042765282987
}