{
    "mh1": 513.185657281032,
    "mh2": 534.2745789639253
}