{
    "mh1": 512.5107930419409,
    "mh2": 512.4612709945645
}