{
    "mh1": 521.4067823269421,
    "mh2": 520.1026964772252,
    "mhz": 512.6228612873347
}