{
    "mh1": 524.4373069257598,
    "mh2": 526.4933233682112,
    "mhz": 519.1888713806139
}