{
    "mh1": 507.22621269800135,
    "mh2": 517.3406445625433,
    "mhz": 492.2301916527312
}