{
    "mh1": 521.6908172267223,
    "mh2": 523.4045695954376,
    "mhz": 513.3676072478155
}