{
    "mh1": 509.39077909140264,
    "mh2": 519.6648974206255,
    "mhz": 598.4488502596755
}