{
    "mh1": 511.94286784015713,
    "mh2": 492.9619342635779
}