{
    "mh1": 511.61311314312684,
    "mh2": 513.7566891766453,
    "mhz": 498.9563727632388
}