{
    "mh1": 508.95881304224474,
    "mh2": 508.4539321828492,
    "mhz": 484.8350650692548
}