{
    "mh1": 525.6685654222442,
    "mh2": 552.9734812910447
}