{
    "mh1": 517.9636614398032,
    "mh2": 522.56225282033,
    "mhz": 519.1219321933247
}