{
    "mh1": 527.3982333372375,
    "mh2": 495.5926878983564,
    "mhz": 496.5371993867551
}