{
    "mh1": 504.47872864493394,
    "mh2": 559.090763361057
}