{
    "mh1": 519.6259718349812,
    "mh2": 552.0528623015985,
    "mhz": 568.9028586464818
}