{
    "mh1": 510.22299859132227,
    "mh2": 504.317350214105,
    "mhz": 509.124130306423
}