{
    "mh1": 502.8732964485497,
    "mh2": 456.58002759882976
}