{
    "mh1": 513.7390025806986,
    "mh2": 512.5461621357487,
    "mhz": 548.5524743403759
}