{
    "mh1": 515.3547279955009,
    "mh2": 527.048708357788,
    "mhz": 520.7240127544763
}