{
    "mh1": 522.7231715639009,
    "mh2": 526.6556456028471,
    "mhz": 516.428910472548
}