{
    "mh1": 516.9434784633795,
    "mh2": 531.3973403988506,
    "mhz": 559.9002330659912
}