{
    "mh1": 527.5930646619437,
    "mh2": 534.9195020051391,
    "mhz": 491.9604718133431
}