{
    "mh1": 506.6799692758045,
    "mh2": 504.97614441838857,
    "mhz": 490.4899207821261
}