{
    "mh1": 521.4891347459242,
    "mh2": 519.3961958876728,
    "mhz": 511.1148131322838
}