{
    "mh1": 512.276761808404,
    "mh2": 516.2943929352041,
    "mhz": 432.7532274098934
}