{
    "mh1": 517.7201107313837,
    "mh2": 520.8118375661319,
    "mhz": 516.0174969497621
}