{
    "mh1": 525.5212134893462,
    "mh2": 526.3595181318652,
    "mhz": 521.7420237352998
}