{
    "mh1": 514.9605354120034,
    "mh2": 512.8334289339011,
    "mhz": 548.6456339975524
}