{
    "mh1": 517.1800755527404,
    "mh2": 523.5852058380738,
    "mhz": 491.67128837196253
}