{
    "mh1": 531.9552523459696,
    "mh2": 475.99132100057255,
    "mhz": 482.59061393793297
}