{
    "mh1": 507.80480490451885,
    "mh2": 502.71177714475454,
    "mhz": 491.5350639273556
}