{
    "mh1": 523.2816774255401,
    "mh2": 526.5004420748758,
    "mhz": 520.6568229814409
}