{
    "mh1": 521.4242550215349,
    "mh2": 526.9610518672088,
    "mhz": 520.663377271235
}