{
    "mh1": 525.3285656355202,
    "mh2": 517.497816868666,
    "mhz": 497.69130358026183
}