{
    "mh1": 524.7065613240552,
    "mh2": 524.27412986307,
    "mhz": 519.0822869778094
}