{
    "mh1": 514.2808094576528,
    "mh2": 521.7497129715873,
    "mhz": 536.0522939435139
}