{
    "mh1": 510.9967342929172,
    "mh2": 498.2295853696323
}