{
    "mh1": 512.0558615579795,
    "mh2": 516.6646133790474,
    "mhz": 434.0497784208466
}