{
    "mh1": 512.741383928414,
    "mh2": 519.3189394646926,
    "mhz": 516.6048984813615
}