{
    "mh1": 509.3159591670134,
    "mh2": 511.1153797848416,
    "mhz": 476.123237266915
}