{
    "mh1": 514.616856262787,
    "mh2": 539.1337483467313,
    "mhz": 574.87990258169
}