{
    "mh1": 510.4461116373371,
    "mh2": 499.7459552760846,
    "mhz": 509.4729404227162
}