{
    "mh1": 522.9485165369176,
    "mh2": 538.7991866815204,
    "mhz": 561.8341549110612
}