{
    "mh1": 520.1709670252388,
    "mh2": 526.9919947237952,
    "mhz": 516.8053556839632
}