{
    "mh1": 506.53503560870263,
    "mh2": 503.71649319721354,
    "mhz": 490.92162176328753
}