{
    "mh1": 507.6515264464187,
    "mh2": 502.5254186450756,
    "mhz": 499.6425768745714
}