{
    "mh1": 523.2826993697739,
    "mh2": 528.72441457652,
    "mhz": 519.9669117844925
}