{
    "mh1": 517.3050230215722,
    "mh2": 521.7848695696732,
    "mhz": 531.520551078934
}