{
    "mh1": 524.4510263590122,
    "mh2": 554.2453461298821
}