{
    "mh1": 515.8987359479341,
    "mh2": 512.2829105546336,
    "mhz": 475.7788673385884
}