{
    "mh1": 507.0384622991934,
    "mh2": 511.88499415526235,
    "mhz": 484.01745891409394
}