{
    "mh1": 514.4301384419902,
    "mh2": 525.0413140370196,
    "mhz": 534.7648290385439
}