{
    "mh1": 514.6192328858064,
    "mh2": 493.847388870642
}