{
    "mh1": 529.1179617451587,
    "mh2": 495.7772761501086,
    "mhz": 495.92091515829196
}