{
    "mh1": 515.3481671476286,
    "mh2": 512.0028533216052,
    "mhz": 476.4296258778065
}