{
    "mh1": 528.3431057016256,
    "mh2": 492.3897275688067,
    "mhz": 493.8909034679415
}