{
    "mh1": 515.9995288587172,
    "mh2": 530.3917004190433
}