{
    "mh1": 527.9508615682478,
    "mh2": 487.8803213058752,
    "mhz": 491.0148692167201
}