{
    "mh1": 505.3496010570628,
    "mh2": 502.51694482512954,
    "mhz": 494.5169553536803
}