{
    "mh1": 524.3155790042106,
    "mh2": 484.0036194604377,
    "mhz": 489.14274976831075
}