{
    "mh1": 507.715664186109,
    "mh2": 508.5792115697438,
    "mhz": 491.9851003687237
}