{
    "mh1": 526.9070685619723,
    "mh2": 491.82874580825285,
    "mhz": 494.55001749291534
}