{
    "mh1": 527.1053256798153,
    "mh2": 490.7124637640592,
    "mhz": 493.42940167949615
}