{
    "mh1": 518.5939785939786,
    "mh2": 550.3524361518565,
    "mhz": 592.9630177307695
}