{
    "mh1": 513.9072288545998,
    "mh2": 518.5772201143329,
    "mhz": 514.6693709202443
}