{
    "mh1": 503.5253438606639,
    "mh2": 564.7339634780427
}