{
    "mh1": 511.6740095003519,
    "mh2": 518.1420036206833,
    "mhz": 422.7760327234342
}