{
    "mh1": 516.7340861302243,
    "mh2": 536.4449002310552,
    "mhz": 562.2706652305997
}