{
    "mh1": 524.6351005311077,
    "mh2": 529.2385022849656,
    "mhz": 522.0433281346596
}