{
    "mh1": 520.8469891447585,
    "mh2": 525.8799101601319,
    "mhz": 521.8581083418451
}