{
    "mh1": 513.5181182567998,
    "mh2": 513.1734700103729,
    "mhz": 512.2940858719548
}