{
    "mh1": 529.0249508737455,
    "mh2": 488.3814596865032,
    "mhz": 490.81890658993615
}