{
    "mh1": 542.2756284993062,
    "mh2": 519.5572666598102,
    "mhz": 527.012128801302
}