{
    "mh1": 511.5440213767869,
    "mh2": 512.1582293198312,
    "mhz": 569.0629426130494
}