{
    "mh1": 517.4574353768879,
    "mh2": 529.1422581034703,
    "mhz": 553.9650048827955
}