{
    "mh1": 509.61285699362026,
    "mh2": 504.94191161107995,
    "mhz": 509.6276954881844
}