{
    "mh1": 524.9179293017535,
    "mh2": 528.0948750921651,
    "mhz": 521.0005608485761
}