{
    "mh1": 520.4927011068689,
    "mh2": 553.1086313769906,
    "mhz": 441.37060182753913
}