{
    "mh1": 517.2394795146704,
    "mh2": 521.0606488430242,
    "mhz": 532.5976086428533
}