{
    "mh1": 529.2419489577427,
    "mh2": 534.686994771291,
    "mhz": 491.7157954803614
}