{
    "mh1": 531.9879923982369,
    "mh2": 476.01892683586925,
    "mhz": 482.6980965742316
}