{
    "mh1": 519.7888958913222,
    "mh2": 520.2713206523167,
    "mhz": 556.4295331971452
}