{
    "mh1": 527.0053013685416,
    "mh2": 491.5813905694603,
    "mhz": 494.0906400924394
}