{
    "mh1": 513.1852266250818,
    "mh2": 522.7401102387807,
    "mhz": 501.78184414717236
}