{
    "mh1": 511.870605175723,
    "mh2": 516.6762947858812,
    "mhz": 424.75830615474746
}