{
    "mh1": 503.678578357554,
    "mh2": 456.23169807834444,
    "mhz": 517.8783614304225
}