{
    "mh1": 507.09891561448217,
    "mh2": 505.9339593235502,
    "mhz": 490.3682957411138
}