{
    "mh1": 516.3264109062309,
    "mh2": 516.830134860211,
    "mhz": 543.348804773565
}