{
    "mh1": 527.7166477971683,
    "mh2": 490.59200100814394,
    "mhz": 531.1605882723568
}