{
    "mh1": 516.2895106197099,
    "mh2": 513.5048238131128,
    "mhz": 475.3046703808201
}