{
    "mh1": 523.6560821437587,
    "mh2": 528.1354680976884,
    "mhz": 520.7814416866572
}