{
    "mh1": 512.6910269291889,
    "mh2": 525.3130398682936,
    "mhz": 515.9576812337866
}