{
    "mh1": 513.673009930664,
    "mh2": 544.7504626566221,
    "mhz": 578.9804332288356
}