{
    "mh1": 512.6678149509755,
    "mh2": 490.6373824698929,
    "mhz": 509.0204291013667
}