{
    "mh1": 519.3157317458761,
    "mh2": 517.2032433634687,
    "mhz": 474.6333528134186
}