{
    "mh1": 525.8931822442926,
    "mh2": 565.3200400952612
}