{
    "mh1": 502.4852796902571,
    "mh2": 559.1674063880412
}