{
    "mh1": 511.9780215064997,
    "mh2": 490.544080280287
}