{
    "mh1": 514.6437271673227,
    "mh2": 493.4816105683052
}