{
    "mh1": 504.3914678039876,
    "mh2": 523.8384123544581,
    "mhz": 495.68289556264773
}