{
    "mh1": 520.9994616698406,
    "mh2": 525.4140404713474,
    "mhz": 520.66658542017
}