{
    "mh1": 522.0975449840691,
    "mh2": 523.0266935308613,
    "mhz": 514.1950863751888
}