{
    "mh1": 513.6287040355217,
    "mh2": 538.3079548295618
}