{
    "mh1": 514.8069094687194,
    "mh2": 512.4799800264561,
    "mhz": 521.533675452075
}