{
    "mh1": 525.963126251787,
    "mh2": 568.3855410247223
}