{
    "mh1": 509.54748132481245,
    "mh2": 518.4357124875879,
    "mhz": 431.75414141625953
}