{
    "mh1": 508.85991523611546,
    "mh2": 510.3063962028023,
    "mhz": 479.17833286300464
}