{
    "mh1": 519.7471463204103,
    "mh2": 524.3609974262689,
    "mhz": 514.2776326430153
}