{
    "mh1": 510.39024302026553,
    "mh2": 536.5321400764119
}