{
    "mh1": 521.0195022971709,
    "mh2": 528.53812039495,
    "mhz": 522.3731991603382
}