{
    "mh1": 508.9553159140536,
    "mh2": 509.9867221439293,
    "mhz": 479.19538415408493
}