{
    "mh1": 520.220189753187,
    "mh2": 525.4060633269073,
    "mhz": 519.5987926120108
}