{
    "mh1": 525.8731352682695,
    "mh2": 494.1974726412718,
    "mhz": 496.1649815276106
}