{
    "mh1": 513.1668339142675,
    "mh2": 512.6257980014959,
    "mhz": 568.5899971998823
}