{
    "mh1": 551.0757261503928,
    "mh2": 554.3522380125393,
    "mhz": 583.2800704656588
}