{
    "mh1": 506.26250338839213,
    "mh2": 541.0945926792106,
    "mhz": 441.6920555730752
}