{
    "mh1": 509.14577014714104,
    "mh2": 510.9974473855362,
    "mhz": 478.1137595375231
}