{
    "mh1": 524.9783225539437,
    "mh2": 495.7381344874996,
    "mhz": 497.18619524958615
}