{
    "mh1": 520.0329634665941,
    "mh2": 519.2904268108045,
    "mhz": 517.2100279824525
}