{
    "mh1": 511.9856894613104,
    "mh2": 492.7524729570756
}