{
    "mh1": 508.5766398382928,
    "mh2": 519.6851310521015,
    "mhz": 488.39445822791026
}