{
    "mh1": 513.4454387586477,
    "mh2": 523.3198172332901,
    "mhz": 566.4955179675151
}