{
    "mh1": 521.0302943063338,
    "mh2": 513.0756087028378,
    "mhz": 519.0500502030335
}