{
    "mh1": 527.6176027393656,
    "mh2": 532.6999147455172,
    "mhz": 530.6611854396062
}