{
    "mh1": 522.0275836833453,
    "mh2": 528.6894041520626,
    "mhz": 518.8067965567287
}