{
    "mh1": 524.5075721606156,
    "mh2": 526.4566181138433,
    "mhz": 519.8889748603744
}