{
    "mh1": 523.1322084691928,
    "mh2": 527.7241749854027,
    "mhz": 519.0679053816391
}