{
    "mh1": 524.6136924061657,
    "mh2": 528.8645472813095,
    "mhz": 522.9348366325119
}