{
    "mh1": 513.643235196245,
    "mh2": 522.8481788360734,
    "mhz": 536.2217950963222
}