{
    "mh1": 515.4702461296597,
    "mh2": 538.8457784960054,
    "mhz": 446.49813117652724
}