{
    "mh1": 520.686447883627,
    "mh2": 515.4789922186716,
    "mhz": 519.7239569794646
}