{
    "mh1": 508.77995803699804,
    "mh2": 523.627668086385,
    "mhz": 560.9672970829417
}