{
    "mh1": 514.1918238658377,
    "mh2": 532.8245732854091,
    "mhz": 513.6827649311076
}