{
    "mh1": 521.6011330922172,
    "mh2": 521.976144696279,
    "mhz": 512.1501089069573
}