{
    "mh1": 520.4712713615811,
    "mh2": 551.1773407304183
}