{
    "mh1": 562.3879851994395,
    "mh2": 604.6661622868852,
    "mhz": 651.5628586433863
}