{
    "mh1": 512.7580483740863,
    "mh2": 518.3469987167742,
    "mhz": 603.2146383567592
}