{
    "mh1": 511.5816111559926,
    "mh2": 494.655144488544
}