{
    "mh1": 517.7525355905844,
    "mh2": 519.8302540641205,
    "mhz": 532.4585803963897
}