{
    "mh1": 515.8477959518112,
    "mh2": 504.046222296508,
    "mhz": 533.7172563895732
}