{
    "mh1": 518.3777229333343,
    "mh2": 523.4227240130831,
    "mhz": 465.8049147328307
}