{
    "mh1": 516.2064629007195,
    "mh2": 518.7439807734323,
    "mhz": 515.7930997114247
}