{
    "mh1": 508.89921004372974,
    "mh2": 537.4999163904617
}