{
    "mh1": 524.031062978412,
    "mh2": 528.8189284564003,
    "mhz": 521.763540822453
}