{
    "mh1": 518.9743637328143,
    "mh2": 557.7364597452835
}