{
    "mh1": 523.414365432893,
    "mh2": 529.4081997993056,
    "mhz": 522.0411947959316
}