{
    "mh1": 514.6430861754998,
    "mh2": 519.8954998913356,
    "mhz": 536.8931687991394
}