{
    "mh1": 517.9361548005693,
    "mh2": 520.354309747108,
    "mhz": 492.23179816918855
}