{
    "mh1": 516.0940781464342,
    "mh2": 512.9061237521029,
    "mhz": 477.06395653783204
}