{
    "mh1": 514.9828623215342,
    "mh2": 513.7564071474719,
    "mhz": 547.7559708506726
}