{
    "mh1": 515.150102765344,
    "mh2": 534.9948918080095,
    "mhz": 452.1499261662108
}