{
    "mh1": 509.43663221484496,
    "mh2": 517.8649473512895,
    "mhz": 611.4255267394652
}