{
    "mh1": 507.43475868782036,
    "mh2": 506.00263625655094,
    "mhz": 509.58951032550334
}