{
    "mh1": 513.9467676514507,
    "mh2": 518.3845910800683,
    "mhz": 600.4064953818777
}