{
    "mh1": 512.145509679279,
    "mh2": 516.3545251284346,
    "mhz": 589.762910214957
}