{
    "mh1": 502.49911122059626,
    "mh2": 497.1375251983094,
    "mhz": 524.6588642737754
}