{
    "mh1": 527.8087692890027,
    "mh2": 488.82957368333024,
    "mhz": 491.4041027880085
}