{
    "mh1": 505.8548221075407,
    "mh2": 503.13257778664735,
    "mhz": 491.649486033989
}