{
    "mh1": 504.6507771041981,
    "mh2": 553.1639374460531
}