{
    "mh1": 516.6776450890711,
    "mh2": 515.6661924618918,
    "mhz": 549.586859752421
}