{
    "mh1": 513.3517923191872,
    "mh2": 528.5758661254597,
    "mhz": 520.5565798444902
}