{
    "mh1": 529.5739990134444,
    "mh2": 535.3568495824884,
    "mhz": 533.271796604904
}