{
    "mh1": 523.0832018532981,
    "mh2": 536.6937812394699,
    "mhz": 531.7317773460466
}