{
    "mh1": 529.186480410766,
    "mh2": 498.26705212424446,
    "mhz": 526.1766074546288
}