{
    "mh1": 522.9711951427653,
    "mh2": 538.3583308705361,
    "mhz": 525.193021356663
}