{
    "mh1": 514.8333848736911,
    "mh2": 527.6986765438138,
    "mhz": 516.907748484372
}