{
    "mh1": 513.4028708351711,
    "mh2": 518.1031132456903,
    "mhz": 424.5047363004348
}