{
    "mh1": 517.3856002617335,
    "mh2": 520.6804668096354,
    "mhz": 491.7773322481028
}