{
    "mh1": 516.1140976169092,
    "mh2": 533.5597067659028
}