{
    "mh1": 519.7512992106682,
    "mh2": 525.3414202820394,
    "mhz": 519.12822829448
}