{
    "mh1": 522.3285182336282,
    "mh2": 562.3544941619269
}