{
    "mh1": 513.4218131510532,
    "mh2": 543.5315501186456
}