{
    "mh1": 499.814465573633,
    "mh2": 465.8295087638376
}