{
    "mh1": 510.6587402731494,
    "mh2": 515.9836910261317,
    "mhz": 438.0671602677885
}