{
    "mh1": 526.2921569624782,
    "mh2": 493.0334526588664,
    "mhz": 495.2584078898674
}