{
    "mh1": 510.77689970030286,
    "mh2": 516.9207484451132,
    "mhz": 431.41056342340295
}