{
    "mh1": 527.5829088309627,
    "mh2": 539.4880813675329,
    "mhz": 515.4959739299771
}