{
    "mh1": 517.268251890507,
    "mh2": 541.9795652303084,
    "mhz": 444.88451530260056
}