{
    "mh1": 514.0606348786409,
    "mh2": 520.2916239126782,
    "mhz": 540.8210139682029
}