{
    "mh1": 554.3058450236539,
    "mh2": 555.5348902022181,
    "mhz": 558.5895913034218
}