{
    "mh1": 501.0006692335256,
    "mh2": 463.6151061318269
}