{
    "mh1": 515.4088259722582,
    "mh2": 513.279870767801,
    "mhz": 476.10080056493246
}