{
    "mh1": 517.3278742672991,
    "mh2": 507.6563742530616,
    "mhz": 490.01346860760907
}