{
    "mh1": 516.68444041218,
    "mh2": 524.9773536498265,
    "mhz": 515.6782469070808
}