{
    "mh1": 527.9868352022464,
    "mh2": 489.2660274313838,
    "mhz": 491.9679982185587
}