{
    "mh1": 522.6840566772564,
    "mh2": 526.0373407595929,
    "mhz": 515.6505790221737
}