{
    "mh1": 521.6144664042843,
    "mh2": 519.6522580839779,
    "mhz": 509.8713131305962
}