{
    "mh1": 526.0333430126788,
    "mh2": 494.9167710403314,
    "mhz": 497.00072420162894
}