{
    "mh1": 509.81035834524744,
    "mh2": 517.8056552119469,
    "mhz": 454.6987456106254
}