{
    "mh1": 546.5579406163491,
    "mh2": 516.3215466177962,
    "mhz": 534.0487800087726
}