{
    "mh1": 513.2561167772922,
    "mh2": 516.8169609921293,
    "mhz": 588.4340332573368
}