{
    "mh1": 522.5501425024952,
    "mh2": 541.0917880923556
}