{
    "mh1": 517.2482061803569,
    "mh2": 524.7385946186514,
    "mhz": 512.664117689212
}