{
    "mh1": 511.16591854580145,
    "mh2": 498.4892825471748
}