{
    "mh1": 517.6522055174631,
    "mh2": 512.3973034556027,
    "mhz": 465.035331243513
}