{
    "mh1": 521.7537303523129,
    "mh2": 529.0515932781449,
    "mhz": 551.4848429784988
}