{
    "mh1": 515.3020626991646,
    "mh2": 512.2482189578257,
    "mhz": 547.2130819591541
}