{
    "mh1": 522.1946885144861,
    "mh2": 513.5550218959953,
    "mhz": 514.6819748944597
}