{
    "mh1": 520.5163262315947,
    "mh2": 545.1486407287107,
    "mhz": 441.03544987554943
}