{
    "mh1": 524.6843825598143,
    "mh2": 494.7731138852862,
    "mhz": 526.2035689502378
}