{
    "mh1": 520.6011002887694,
    "mh2": 528.636728802329
}