{
    "mh1": 501.15071048981343,
    "mh2": 452.09054730887686
}