{
    "mh1": 526.0214870479198,
    "mh2": 497.4429277444104,
    "mhz": 526.1254237288135
}