{
    "mh1": 513.8321651927301,
    "mh2": 518.703289674877,
    "mhz": 568.6586294504941
}