{
    "mh1": 516.2432856078988,
    "mh2": 512.653974508786,
    "mhz": 519.6892534874501
}