{
    "mh1": 518.6888532829012,
    "mh2": 520.8016881775038,
    "mhz": 530.7521466612259
}