{
    "mh1": 514.5408453509541,
    "mh2": 493.8781216093203
}