{
    "mh1": 502.9458776682709,
    "mh2": 488.4084559625688
}