{
    "mh1": 513.1178037606169,
    "mh2": 525.8565860104632,
    "mhz": 470.1797332158812
}