{
    "mh1": 525.5531122256943,
    "mh2": 526.651900429437,
    "mhz": 535.0112543063608
}