{
    "mh1": 519.9020371930144,
    "mh2": 517.1176143710901,
    "mhz": 510.43013291207814
}