{
    "mh1": 521.0170903690744,
    "mh2": 519.4022356221594,
    "mhz": 514.0429872553273
}