{
    "mh1": 526.9360504849798,
    "mh2": 495.35507503540066,
    "mhz": 496.95219748557616
}