{
    "mh1": 500.45841535295597,
    "mh2": 572.225529323468
}