{
    "mh1": 513.3854566167362,
    "mh2": 534.5610621234418
}