{
    "mh1": 520.7348866295633,
    "mh2": 552.4428429361119,
    "mhz": 586.6950312673583
}