{
    "mh1": 514.7205617251084,
    "mh2": 511.7433915909052,
    "mhz": 547.5981676462926
}