{
    "mh1": 508.9748370311543,
    "mh2": 509.22527500935826,
    "mhz": 481.6886315223461
}