{
    "mh1": 529.2786343963675,
    "mh2": 493.5671742574889,
    "mhz": 494.2409297544463
}