{
    "mh1": 524.8154044183356,
    "mh2": 493.42449423921954,
    "mhz": 499.4225295407974
}