{
    "mh1": 515.2561299612996,
    "mh2": 525.9095350210241,
    "mhz": 568.5564201144025
}