{
    "mh1": 518.312951565895,
    "mh2": 518.5653313411632,
    "mhz": 481.6562650804641
}