{
    "mh1": 516.4503996951664,
    "mh2": 521.20827940499,
    "mhz": 533.3370842336492
}