{
    "mh1": 511.95582348322324,
    "mh2": 492.09777685857705
}