{
    "mh1": 526.856222819482,
    "mh2": 492.09399322574495,
    "mhz": 495.01129277633027
}