{
    "mh1": 527.2399218629877,
    "mh2": 534.621946893996,
    "mhz": 492.1019205770118
}