{
    "mh1": 515.3985418421726,
    "mh2": 495.43475999914904
}