{
    "mh1": 511.8543673375254,
    "mh2": 493.03379400716346
}