{
    "mh1": 518.3063597608675,
    "mh2": 539.1476380142454,
    "mhz": 570.6795045230926
}