{
    "mh1": 529.1757759394702,
    "mh2": 488.17805336045694,
    "mhz": 491.10615354523225
}