{
    "mh1": 512.3590701514127,
    "mh2": 516.1871692173153,
    "mhz": 497.1213656079474
}