{
    "mh1": 518.1458604748897,
    "mh2": 524.6230325495355,
    "mhz": 530.3661306574859
}