{
    "mh1": 516.0068055704659,
    "mh2": 514.7515914150703,
    "mhz": 513.5747533038019
}