{
    "mh1": 509.67651823987404,
    "mh2": 504.9446244611164,
    "mhz": 509.21346789093553
}