{
    "mh1": 528.015314670269,
    "mh2": 535.1579630504864,
    "mhz": 491.5653741155889
}