{
    "mh1": 528.8262836713567,
    "mh2": 518.4909122915108,
    "mhz": 475.62694936777825
}