{
    "mh1": 513.3621454870784,
    "mh2": 525.2613820789484,
    "mhz": 489.6530831972185
}