{
    "mh1": 527.6925110906136,
    "mh2": 489.3517852185799,
    "mhz": 492.0896028757816
}