{
    "mh1": 524.6201434423365,
    "mh2": 527.6584139555692,
    "mhz": 521.3579423817971
}