{
    "mh1": 514.4521451720532,
    "mh2": 514.4099219829995,
    "mhz": 542.5589073328554
}