{
    "mh1": 514.613948887766,
    "mh2": 493.7869736387046
}