{
    "mh1": 512.9433945959959,
    "mh2": 536.2632713171038,
    "mhz": 574.3243789638927
}