{
    "mh1": 518.1322754864799,
    "mh2": 535.4387089187013,
    "mhz": 564.7673339786327
}