{
    "mh1": 507.64076942992494,
    "mh2": 508.91227514689905,
    "mhz": 482.0248495991351
}