{
    "mh1": 526.9019957932715,
    "mh2": 492.00687752061776,
    "mhz": 514.0276611317295
}