{
    "mh1": 519.6568795688429,
    "mh2": 527.7375676739406,
    "mhz": 522.7234283355286
}