{
    "mh1": 515.2953877019614,
    "mh2": 513.6680354810344,
    "mhz": 475.875340424987
}