{
    "mh1": 516.359694483655,
    "mh2": 513.4575488591239,
    "mhz": 476.82942181505626
}