{
    "mh1": 514.0212020635123,
    "mh2": 509.3048773848612,
    "mhz": 542.2315016623395
}