{
    "mh1": 526.9738014492143,
    "mh2": 490.89398213404905,
    "mhz": 493.82320818273894
}