{
    "mh1": 513.212888431956,
    "mh2": 491.41206059245013,
    "mhz": 508.9962437871608
}