{
    "mh1": 516.8469490414377,
    "mh2": 514.2040550914744,
    "mhz": 484.15579248467685
}