{
    "mh1": 527.8791594076655,
    "mh2": 489.5039915505073,
    "mhz": 532.3316316993896
}