{
    "mh1": 516.0073135932078,
    "mh2": 538.5526817814307,
    "mhz": 571.7116118327185
}