{
    "mh1": 510.89081447005077,
    "mh2": 533.9741056182218
}