{
    "mh1": 514.4531486463763,
    "mh2": 517.9092050824835,
    "mhz": 572.9966877963424
}