{
    "mh1": 512.0017025169982,
    "mh2": 492.1879819163632
}