{
    "mh1": 515.8989015754985,
    "mh2": 513.0670595641985,
    "mhz": 476.39130670490715
}