{
    "mh1": 518.9815692483124,
    "mh2": 573.8762015069749,
    "mhz": 718.6673607204584
}