{
    "mh1": 522.5597172018606,
    "mh2": 552.2089301569678
}