{
    "mh1": 518.3513139792427,
    "mh2": 515.2098761979015,
    "mhz": 533.8791360744003
}