{
    "mh1": 506.98659683741283,
    "mh2": 503.675953542904,
    "mhz": 492.31213230476226
}