{
    "mh1": 522.2212935973921,
    "mh2": 535.7861654523133,
    "mhz": 527.6937210332853
}