{
    "mh1": 521.9766838699079,
    "mh2": 554.3820315909963
}