{
    "mh1": 524.6397752954316,
    "mh2": 525.5851107526073,
    "mhz": 519.5300918845509
}