{
    "mh1": 501.87765387820417,
    "mh2": 570.0279679108885
}