{
    "mh1": 510.989265498025,
    "mh2": 517.3477425484868,
    "mhz": 427.67747776544473
}