{
    "mh1": 507.95027343860545,
    "mh2": 502.5201781275744,
    "mhz": 491.46956746178364
}