{
    "mh1": 535.1057503476906,
    "mh2": 547.8251388556442,
    "mhz": 577.0490397517611
}