{
    "mh1": 500.5814598300394,
    "mh2": 467.6640314479144
}