{
    "mh1": 512.7651280473275,
    "mh2": 535.9578571978539
}