{
    "mh1": 518.9020115291046,
    "mh2": 518.1780689003238,
    "mhz": 550.338690633316
}