{
    "mh1": 515.7863209463753,
    "mh2": 513.4291415236828,
    "mhz": 513.632741707577
}