{
    "mh1": 509.0673740462298,
    "mh2": 520.2608768835322,
    "mhz": 521.6450612468159
}