{
    "mh1": 511.96236150061236,
    "mh2": 491.1316903143524
}