{
    "mh1": 522.8584356227608,
    "mh2": 532.7507367400265,
    "mhz": 524.141981305726
}