{
    "mh1": 523.4151779362315,
    "mh2": 530.2040516761613,
    "mhz": 520.8413261602911
}