{
    "mh1": 507.7352512668919,
    "mh2": 514.3538762288347,
    "mhz": 480.8169779615537
}