{
    "mh1": 522.6597777448754,
    "mh2": 520.9200095417689,
    "mhz": 513.0864715692585
}