{
    "mh1": 502.17678327945237,
    "mh2": 506.78895116204984,
    "mhz": 524.910820711999
}