{
    "mh1": 531.0103116322448,
    "mh2": 476.1705816476517,
    "mhz": 482.8020654407503
}