{
    "mh1": 511.9867175164064,
    "mh2": 493.69109886305216
}