{
    "mh1": 526.7391693948347,
    "mh2": 491.71156678413377,
    "mhz": 494.44327765760937
}