{
    "mh1": 528.3010657038399,
    "mh2": 525.1231556181365,
    "mhz": 524.4460575693411
}