{
    "mh1": 519.295011937726,
    "mh2": 525.0675754188366,
    "mhz": 520.3103073777005
}