{
    "mh1": 511.10960998609534,
    "mh2": 495.43593605616564
}