{
    "mh1": 514.498643662592,
    "mh2": 512.0625706635481,
    "mhz": 510.70819362717884
}