{
    "mh1": 505.7667537993708,
    "mh2": 503.3180420055149,
    "mhz": 531.4145657822219
}