{
    "mh1": 517.9626976800972,
    "mh2": 541.8241500889775,
    "mhz": 584.9426734861868
}