{
    "mh1": 511.927395803824,
    "mh2": 516.9764029853878,
    "mhz": 409.0727508323774
}