{
    "mh1": 512.4946987823027,
    "mh2": 534.1896184197815,
    "mhz": 544.3981319706804
}