{
    "mh1": 513.7307200780724,
    "mh2": 518.6777213106819,
    "mhz": 576.6925280681378
}