{
    "mh1": 511.90714215405706,
    "mh2": 497.62513511789206
}