{
    "mh1": 509.17119669284483,
    "mh2": 511.1156455090574,
    "mhz": 477.31817498233806
}