{
    "mh1": 515.6206379478781,
    "mh2": 513.0090419810109,
    "mhz": 475.8646632474212
}