{
    "mh1": 526.9057876170612,
    "mh2": 491.645969525596,
    "mhz": 494.15521018519814
}