{
    "mh1": 530.0895869306726,
    "mh2": 520.8854066931226,
    "mhz": 512.0049465025002
}