{
    "mh1": 522.3136684830374,
    "mh2": 524.159524839076,
    "mhz": 515.4635369060509
}