{
    "mh1": 527.3111916777815,
    "mh2": 498.6016687089968,
    "mhz": 497.9391843819759
}