{
    "mh1": 525.4644003754044,
    "mh2": 526.7281178559693,
    "mhz": 520.1983879396072
}