{
    "mh1": 527.7796676996838,
    "mh2": 535.4744514035513,
    "mhz": 491.90652359482783
}