{
    "mh1": 506.9048551805674,
    "mh2": 505.29281882938926,
    "mhz": 490.1820590534587
}