{
    "mh1": 504.69225415533657,
    "mh2": 547.5888093415476
}