{
    "mh1": 521.5416496246065,
    "mh2": 521.0476282427123,
    "mhz": 511.47960193939565
}