{
    "mh1": 517.8113383879196,
    "mh2": 551.0490029881371,
    "mhz": 574.5300370115988
}