{
    "mh1": 527.9913365145526,
    "mh2": 537.135548999433,
    "mhz": 490.54713217306704
}