{
    "mh1": 519.8787305034974,
    "mh2": 519.5216470167917,
    "mhz": 514.1774152930608
}