{
    "mh1": 514.673265456733,
    "mh2": 523.007241966681,
    "mhz": 560.916074903957
}