{
    "mh1": 516.4864706036676,
    "mh2": 515.4590158773467,
    "mhz": 514.2153614747575
}