{
    "mh1": 535.5442260184703,
    "mh2": 501.8793948690712,
    "mhz": 525.9819730731734
}