{
    "mh1": 517.7946966632167,
    "mh2": 512.3874243222938,
    "mhz": 531.8732642507009
}