{
    "mh1": 513.8554708539848,
    "mh2": 525.3830874574344,
    "mhz": 572.2140514277696
}