{
    "mh1": 506.7872114250975,
    "mh2": 490.01566736069014
}