{
    "mh1": 524.7801265506473,
    "mh2": 524.940826355007,
    "mhz": 519.7267685081309
}