{
    "mh1": 526.0419748410469,
    "mh2": 496.065280135228,
    "mhz": 497.1764437703294
}