{
    "mh1": 516.6385434451165,
    "mh2": 513.816492571001,
    "mhz": 476.363923628188
}