{
    "mh1": 521.2688788265673,
    "mh2": 516.3264851617247,
    "mhz": 515.2478847914349
}