{
    "mh1": 522.2315931627754,
    "mh2": 542.6170202358137
}