{
    "mh1": 506.900606844853,
    "mh2": 503.5165582858354,
    "mhz": 492.2493293599966
}