{
    "mh1": 523.0303640683414,
    "mh2": 539.5656847467576
}