{
    "mh1": 515.6285275934256,
    "mh2": 513.5095758325557,
    "mhz": 476.06663241733855
}