{
    "mh1": 508.8790264210354,
    "mh2": 523.9846279286006,
    "mhz": 490.7187702516131
}