{
    "mh1": 551.1356367260584,
    "mh2": 516.6641494060337,
    "mhz": 525.6697767620619
}