{
    "mh1": 512.0200242885169,
    "mh2": 489.78948197509243,
    "mhz": 510.6705920064476
}