{
    "mh1": 521.9129102093434,
    "mh2": 532.1182054219971
}