{
    "mh1": 516.131849485802,
    "mh2": 518.852151750823,
    "mhz": 591.1672637205788
}