{
    "mh1": 512.0601059781843,
    "mh2": 518.3999630066764,
    "mhz": 603.8404580838481
}