{
    "mh1": 512.7272650793481,
    "mh2": 490.6866644352123,
    "mhz": 508.9922746473831
}