{
    "mh1": 519.7852757114181,
    "mh2": 540.8604855789008,
    "mhz": 439.10884817551613
}