{
    "mh1": 527.8046778288328,
    "mh2": 490.5494324500115,
    "mhz": 493.04816481679643
}