{
    "mh1": 522.8071006980366,
    "mh2": 525.4553109584118,
    "mhz": 520.1759547637456
}