{
    "mh1": 519.9174857858297,
    "mh2": 518.8519527685935,
    "mhz": 493.6454332286239
}