{
    "mh1": 514.4342774970793,
    "mh2": 513.0183596322493
}