{
    "mh1": 515.5627081098646,
    "mh2": 535.7336121637132,
    "mhz": 571.6822845423211
}