{
    "mh1": 515.7949114327005,
    "mh2": 512.7153710894571,
    "mhz": 476.3881380240053
}