{
    "mh1": 526.1230122927709,
    "mh2": 527.245392837885,
    "mhz": 526.4001325152163
}