{
    "mh1": 560.7968498610672,
    "mh2": 534.2153300891466
}