{
    "mh1": 515.0449262749671,
    "mh2": 512.3169907300733,
    "mhz": 475.62732944575407
}