{
    "mh1": 511.9852706390401,
    "mh2": 493.1611722320199
}