{
    "mh1": 524.9133528382913,
    "mh2": 527.4441410888097,
    "mhz": 521.8221954410363
}