{
    "mh1": 516.552013354433,
    "mh2": 547.1957968346007,
    "mhz": 508.38159428970397
}