{
    "mh1": 524.7498493606586,
    "mh2": 495.62723068838676,
    "mhz": 497.05336661411803
}