{
    "mh1": 526.5188798460698,
    "mh2": 496.6355660948904,
    "mhz": 497.52711321897806
}