{
    "mh1": 522.8163099516247,
    "mh2": 526.8534316337494,
    "mhz": 517.804608323914
}