{
    "mh1": 521.293008657479,
    "mh2": 521.213990992833,
    "mhz": 558.3895785930733
}