{
    "mh1": 518.0546086163185,
    "mh2": 518.3923584915592,
    "mhz": 533.5960965887259
}