{
    "mh1": 521.9857301786136,
    "mh2": 523.1097391167275,
    "mhz": 522.5948516308131
}