{
    "mh1": 522.7267063318797,
    "mh2": 543.1999196884333
}