{
    "mh1": 527.6184283294131,
    "mh2": 498.5655014420923,
    "mhz": 497.7574021246434
}