{
    "mh1": 518.3534061056652,
    "mh2": 520.0956452188767,
    "mhz": 516.9518673898547
}