{
    "mh1": 517.2911155869448,
    "mh2": 519.2812042596082,
    "mhz": 516.7472619164481
}