{
    "mh1": 515.9984561596747,
    "mh2": 512.6910805814922,
    "mhz": 561.0662525646263
}