{
    "mh1": 511.9732089197613,
    "mh2": 492.62529940093606
}