{
    "mh1": 518.5956284564729,
    "mh2": 517.4734276403775,
    "mhz": 547.8685167709257
}