{
    "mh1": 525.1190472029805,
    "mh2": 495.8233959863836,
    "mhz": 497.1006374813893
}