{
    "mh1": 517.2932183589567,
    "mh2": 543.0756101305257,
    "mhz": 586.7724104620534
}