{
    "mh1": 514.5818320640029,
    "mh2": 523.4150878455819,
    "mhz": 490.94104430805464
}