{
    "mh1": 502.69807956489814,
    "mh2": 498.08278143368597,
    "mhz": 524.6602172335832
}