{
    "mh1": 507.4380723683291,
    "mh2": 506.35045431269367,
    "mhz": 489.1975874809064
}