{
    "mh1": 510.3681779979808,
    "mh2": 518.7377866400798,
    "mhz": 443.94074295880085
}