{
    "mh1": 513.9000957744994,
    "mh2": 517.095625626874,
    "mhz": 467.7145556859136
}