{
    "mh1": 511.33188834533985,
    "mh2": 537.0397971449379
}