{
    "mh1": 507.45918069843964,
    "mh2": 506.4872691955994,
    "mhz": 489.7574165578084
}