{
    "mh1": 524.8224937978266,
    "mh2": 528.354319428211,
    "mhz": 521.2957772808275
}