{
    "mh1": 518.6315007515655,
    "mh2": 521.6117176473322,
    "mhz": 530.8353837776878
}