{
    "mh1": 523.0976576983219,
    "mh2": 529.108691836201,
    "mhz": 520.0970676582642
}