{
    "mh1": 549.4490042178006,
    "mh2": 525.3865287275487,
    "mhz": 552.8768513018101
}