{
    "mh1": 529.0018380583102,
    "mh2": 527.0764177003791,
    "mhz": 556.0721061190338
}