{
    "mh1": 520.2975210086978,
    "mh2": 532.9843652534711,
    "mhz": 525.8917990734446
}