{
    "mh1": 517.2705328446871,
    "mh2": 533.7224489296593,
    "mhz": 573.5632739728421
}