{
    "mh1": 518.2316377073669,
    "mh2": 519.6816142400883,
    "mhz": 492.08296584643125
}