{
    "mh1": 522.1399314839718,
    "mh2": 526.4015318970341,
    "mhz": 515.9165849128863
}