{
    "mh1": 519.2145067744905,
    "mh2": 533.2055241864132
}