{
    "mh1": 527.8475744305258,
    "mh2": 488.111877931741,
    "mhz": 491.5056952520928
}