{
    "mh1": 516.5751926456935,
    "mh2": 543.0816657484323,
    "mhz": 576.0047862535839
}