{
    "mh1": 524.4103134209859,
    "mh2": 525.8460116227154,
    "mhz": 519.9121905289992
}