{
    "mh1": 511.9680682663983,
    "mh2": 497.4828707408352
}