{
    "mh1": 515.7794090810189,
    "mh2": 512.5213626473891,
    "mhz": 476.5101161444261
}