{
    "mh1": 512.2345712877965,
    "mh2": 517.219622567665,
    "mhz": 420.9515626856388
}