{
    "mh1": 511.9545156751364,
    "mh2": 490.36964104243987
}