{
    "mh1": 513.7503941267526,
    "mh2": 520.4876220912315,
    "mhz": 521.0887938140145
}