{
    "mh1": 525.7291168594747,
    "mh2": 495.50535944947615,
    "mhz": 497.1185860028026
}