{
    "mh1": 529.9121685348741,
    "mh2": 536.0796617954363,
    "mhz": 535.5740225226489
}