{
    "mh1": 523.2081573278876,
    "mh2": 552.3960169254442
}