{
    "mh1": 514.0845069676818,
    "mh2": 519.0441103022281,
    "mhz": 602.6335445819236
}