{
    "mh1": 507.23852620948094,
    "mh2": 505.4516359912766,
    "mhz": 489.9739431916224
}