{
    "mh1": 502.12119855439886,
    "mh2": 495.40540929207515,
    "mhz": 528.691824351527
}