{
    "mh1": 506.0022412038866,
    "mh2": 503.449557355039,
    "mhz": 489.8842110783808
}