{
    "mh1": 526.1141545237479,
    "mh2": 495.58736074447006,
    "mhz": 497.06190262791205
}