{
    "mh1": 510.22203815125596,
    "mh2": 500.69916844890446,
    "mhz": 516.3982921671841
}