{
    "mh1": 525.2908011713707,
    "mh2": 494.51688746529703,
    "mhz": 526.9100125079815
}