{
    "mh1": 533.3284876592569,
    "mh2": 528.0920595546727,
    "mhz": 530.2847560087141
}