{
    "mh1": 506.353731256158,
    "mh2": 534.665046723683
}