{
    "mh1": 508.51539974248743,
    "mh2": 504.33921061287526,
    "mhz": 489.30291634419194
}