{
    "mh1": 520.6684863740452,
    "mh2": 533.3191037476117,
    "mhz": 526.6979689441971
}