{
    "mh1": 530.3444648293455,
    "mh2": 532.1762783449974,
    "mhz": 530.9131123374452
}