{
    "mh1": 522.7625909563653,
    "mh2": 552.1822196393073
}