{
    "mh1": 516.3283185558009,
    "mh2": 537.4774330943422,
    "mhz": 575.4724197472586
}