{
    "mh1": 517.058892800671,
    "mh2": 519.1805949887043,
    "mhz": 490.158189918756
}