{
    "mh1": 529.0193009245994,
    "mh2": 524.4177309846702,
    "mhz": 526.1243264587279
}