{
    "mh1": 507.07557831505454,
    "mh2": 518.7011306892127,
    "mhz": 490.23231008644893
}