{
    "mh1": 517.0246133208318,
    "mh2": 516.7214037884801,
    "mhz": 548.8536783645548
}