{
    "mh1": 528.7823591626518,
    "mh2": 512.7176395680972,
    "mhz": 495.73527601502644
}