{
    "mh1": 520.2650424439908,
    "mh2": 513.691819303772,
    "mhz": 506.9636346791223
}