{
    "mh1": 516.0076923517081,
    "mh2": 491.9743214199215,
    "mhz": 564.8914677824779
}