{
    "mh1": 515.0701978279866,
    "mh2": 539.0799283853013,
    "mhz": 576.2494607265347
}