{
    "mh1": 520.5239654884301,
    "mh2": 523.2423121375082,
    "mhz": 516.3494138649735
}