{
    "mh1": 517.6296777374139,
    "mh2": 519.8559472389786,
    "mhz": 491.93257179814367
}