{
    "mh1": 506.911880449297,
    "mh2": 503.90463616982015,
    "mhz": 492.3706145343497
}