{
    "mh1": 506.3333391759769,
    "mh2": 502.0422756161944,
    "mhz": 488.3253230830174
}