{
    "mh1": 527.1496692791734,
    "mh2": 491.811501511757,
    "mhz": 512.8558877639138
}