{
    "mh1": 527.9347919575686,
    "mh2": 488.57130999869037,
    "mhz": 491.707040174708
}