{
    "mh1": 522.0531017092014,
    "mh2": 525.7632478617533,
    "mhz": 517.040975780362
}