{
    "mh1": 514.6993638412173,
    "mh2": 524.1902742427209,
    "mhz": 529.8324509504042
}