{
    "mh1": 514.2738083039869,
    "mh2": 495.612948111554
}