{
    "mh1": 531.588893076068,
    "mh2": 475.9562300996868,
    "mhz": 482.35020088166294
}