{
    "mh1": 518.9296363198038,
    "mh2": 539.7320062192097,
    "mhz": 439.3751460890073
}