{
    "mh1": 523.4619847744398,
    "mh2": 522.0292584404114,
    "mhz": 535.5582654915485
}