{
    "mh1": 507.5862435757014,
    "mh2": 512.82072539042,
    "mhz": 485.0369308108981
}