{
    "mh1": 525.0287512833833,
    "mh2": 495.74581008518004,
    "mhz": 497.2285095613147
}