{
    "mh1": 510.86965252451046,
    "mh2": 493.1619666327327
}