{
    "mh1": 522.6352529989841,
    "mh2": 525.6369909883354,
    "mhz": 519.9971523218315
}