{
    "mh1": 505.8109264456989,
    "mh2": 501.96809714698196,
    "mhz": 491.5515642191869
}