{
    "mh1": 520.6067174328798,
    "mh2": 543.5313744679883,
    "mhz": 512.3659279090982
}