{
    "mh1": 512.8499409608942,
    "mh2": 512.8585239536905,
    "mhz": 468.8343393883209
}