{
    "mh1": 512.0133581547402,
    "mh2": 512.4246036069408
}