{
    "mh1": 507.90813473315836,
    "mh2": 506.54525863199933,
    "mhz": 529.1549489666512
}