{
    "mh1": 518.4088736650497,
    "mh2": 545.9721674258456,
    "mhz": 578.7891551356818
}