{
    "mh1": 515.5920927550414,
    "mh2": 519.0241293093356,
    "mhz": 594.6920757169664
}