{
    "mh1": 514.4181634895759,
    "mh2": 493.74313523032816
}