{
    "mh1": 523.5472262906185,
    "mh2": 529.6206473680737,
    "mhz": 523.0792252714318
}