{
    "mh1": 530.7084036095619,
    "mh2": 524.0960434005991,
    "mhz": 525.0613383484404
}