{
    "mh1": 516.3535708297186,
    "mh2": 547.3159512053759,
    "mhz": 592.4903532465071
}