{
    "mh1": 512.2609031812117,
    "mh2": 530.1908134261198
}