{
    "mh1": 510.8674693158528,
    "mh2": 517.62962743034,
    "mhz": 433.0574936841878
}