{
    "mh1": 503.56346314464264,
    "mh2": 566.2937916034023
}