{
    "mh1": 527.7231698276827,
    "mh2": 513.7238217286558,
    "mhz": 519.0423770594982
}