{
    "mh1": 516.045921837303,
    "mh2": 512.8582801322286,
    "mhz": 539.9728921430885
}