{
    "mh1": 524.3842740478686,
    "mh2": 528.358088619463,
    "mhz": 522.1254727681942
}