{
    "mh1": 512.8352959475903,
    "mh2": 492.0398839805292,
    "mhz": 509.8746230364959
}