{
    "mh1": 513.5877854723293,
    "mh2": 531.0575398732794,
    "mhz": 485.53365597204964
}