{
    "mh1": 512.5449928094486,
    "mh2": 495.491013647863
}