{
    "mh1": 511.90509982456075,
    "mh2": 489.7886416786772,
    "mhz": 510.0948331117435
}