{
    "mh1": 514.9689471704577,
    "mh2": 524.1807597779567,
    "mhz": 563.4623430666733
}