{
    "mh1": 516.1681813959113,
    "mh2": 517.0878196105515,
    "mhz": 533.5956453685153
}