{
    "mh1": 523.8662744421277,
    "mh2": 529.1712950408013,
    "mhz": 521.1739135794207
}