{
    "mh1": 526.2633851225756,
    "mh2": 495.9909918282888,
    "mhz": 526.4381864253711
}