{
    "mh1": 508.6824370855371,
    "mh2": 508.96625580289725,
    "mhz": 482.0724575619442
}