{
    "mh1": 526.923968962585,
    "mh2": 490.8177099480057,
    "mhz": 493.77736324357073
}