{
    "mh1": 512.0529217509098,
    "mh2": 517.4010692935188,
    "mhz": 423.0462366383818
}