{
    "mh1": 511.9751845263653,
    "mh2": 491.46367766106226
}