{
    "mh1": 508.88912677297986,
    "mh2": 511.959620783446,
    "mhz": 479.30010879147017
}