{
    "mh1": 512.2946229194259,
    "mh2": 516.9149462964937,
    "mhz": 438.780571630254
}