{
    "mh1": 525.4368447583397,
    "mh2": 525.2623810399145,
    "mhz": 519.6989414638231
}