{
    "mh1": 511.9621724495895,
    "mh2": 497.64192402267054
}