{
    "mh1": 512.0976971462159,
    "mh2": 517.7112360358843,
    "mhz": 448.25662754180047
}