{
    "mh1": 523.418587300879,
    "mh2": 528.4210261407811,
    "mhz": 520.843392417625
}