{
    "mh1": 527.4001760572735,
    "mh2": 531.7930839042431,
    "mhz": 529.5824524612464
}