{
    "mh1": 506.84416657854473,
    "mh2": 516.2359713751742,
    "mhz": 511.85670754735304
}