{
    "mh1": 506.7737607573752,
    "mh2": 505.1467356863514,
    "mhz": 492.03818366743167
}