{
    "mh1": 511.9818394783308,
    "mh2": 493.8941036202038
}