{
    "mh1": 511.5965659659381,
    "mh2": 495.615561670789
}