{
    "mh1": 512.0100155496041,
    "mh2": 531.2453900302778
}