{
    "mh1": 525.9677723776718,
    "mh2": 495.76765429596026,
    "mhz": 497.0536427995967
}