{
    "mh1": 517.7201858351876,
    "mh2": 519.6613128413621,
    "mhz": 491.5556780041215
}