{
    "mh1": 525.1330361287698,
    "mh2": 495.8956156100855,
    "mhz": 497.09466645182084
}