{
    "mh1": 511.9923006438571,
    "mh2": 518.381616100511,
    "mhz": 479.8796821456046
}