{
    "mh1": 527.5432027367965,
    "mh2": 488.6038039793971,
    "mhz": 491.78231949792786
}