{
    "mh1": 511.614727481091,
    "mh2": 519.1782054784223,
    "mhz": 415.53076636775165
}