{
    "mh1": 524.0872170544126,
    "mh2": 528.2281354469025,
    "mhz": 520.8067136283966
}