{
    "mh1": 512.6193144122217,
    "mh2": 492.5232259933686
}