{
    "mh1": 527.9145445559705,
    "mh2": 489.75412520357804,
    "mhz": 492.1352778334723
}