{
    "mh1": 515.7266809000296,
    "mh2": 534.81829730047
}