{
    "mh1": 516.9878482502701,
    "mh2": 524.7547158637151,
    "mhz": 505.77958399758984
}