{
    "mh1": 522.6636309565461,
    "mh2": 524.0727483608221,
    "mhz": 513.3496097371542
}