{
    "mh1": 518.5506700716479,
    "mh2": 523.7876085466978,
    "mhz": 502.29406490067385
}