{
    "mh1": 533.240594234466,
    "mh2": 523.8615857466386,
    "mhz": 473.5493736834186
}