{
    "mh1": 515.2507777387641,
    "mh2": 523.3671277469923,
    "mhz": 509.1011973829958
}