{
    "mh1": 544.6496737806317,
    "mh2": 513.7708608600211,
    "mhz": 523.4718826192203
}