{
    "mh1": 527.0068163923099,
    "mh2": 484.2311861898198,
    "mhz": 488.4925164270345
}