{
    "mh1": 512.0104739300491,
    "mh2": 491.4386303293739,
    "mhz": 509.4378435866603
}