{
    "mh1": 517.8937031875163,
    "mh2": 519.4652614558695,
    "mhz": 531.8643659575586
}