{
    "mh1": 513.836505344235,
    "mh2": 528.8911559352432,
    "mhz": 572.3921563100621
}