{
    "mh1": 522.3677270796961,
    "mh2": 524.5639327492554,
    "mhz": 515.705181486011
}