{
    "mh1": 518.6882724480952,
    "mh2": 538.843186480115
}