{
    "mh1": 506.5287675305145,
    "mh2": 504.3476392072927,
    "mhz": 491.64408608355495
}