{
    "mh1": 504.76662085942775,
    "mh2": 460.57629403370146
}