{
    "mh1": 516.4239627626997,
    "mh2": 505.6424447955875,
    "mhz": 489.8466358688995
}