{
    "mh1": 507.44168895856694,
    "mh2": 517.5868834307307,
    "mhz": 495.97596530625873
}