{
    "mh1": 519.5082262378498,
    "mh2": 555.6407444308816
}