{
    "mh1": 501.25500934004043,
    "mh2": 568.8788979879603
}