{
    "mh1": 513.0010949124891,
    "mh2": 491.6588186775086,
    "mhz": 508.78809411713183
}