{
    "mh1": 508.12227188191446,
    "mh2": 511.7819245711597,
    "mhz": 530.9861325002297
}