{
    "mh1": 509.89728820390604,
    "mh2": 504.3513575556638,
    "mhz": 509.06002081829206
}