{
    "mh1": 515.8671362908418,
    "mh2": 513.9143182511074,
    "mhz": 474.81723068094186
}