{
    "mh1": 520.4204884157796,
    "mh2": 553.9073431327646,
    "mhz": 589.2493291112065
}