{
    "mh1": 519.7834630784678,
    "mh2": 522.6993071674756,
    "mhz": 518.1789929590839
}