{
    "mh1": 522.2590109730716,
    "mh2": 519.2899592133454,
    "mhz": 552.9983293927273
}