{
    "mh1": 516.7804311858151,
    "mh2": 512.9601866487395,
    "mhz": 548.140647952057
}