{
    "mh1": 512.9164976045399,
    "mh2": 492.47794129231136
}