{
    "mh1": 528.2796888856748,
    "mh2": 495.9975279179703,
    "mhz": 496.2550431234633
}