{
    "mh1": 524.3584914240141,
    "mh2": 528.1618783109963,
    "mhz": 521.2779081725455
}