{
    "mh1": 516.1937801091399,
    "mh2": 541.0789433674745
}