{
    "mh1": 514.4919450834337,
    "mh2": 532.497322062806
}