{
    "mh1": 514.231665285655,
    "mh2": 519.3992075028303,
    "mhz": 557.9516660982356
}