{
    "mh1": 526.1864485278954,
    "mh2": 519.4788986688666,
    "mhz": 533.7578060575565
}