{
    "mh1": 525.8359387556866,
    "mh2": 527.3122965784117,
    "mhz": 521.7953979654053
}