{
    "mh1": 511.0415560322766,
    "mh2": 496.60182487079373
}