{
    "mh1": 514.4819758272714,
    "mh2": 529.7891786424921,
    "mhz": 522.8042855562248
}