{
    "mh1": 514.5694017124702,
    "mh2": 516.5006435283664,
    "mhz": 515.5253681723858
}