{
    "mh1": 514.4887356924421,
    "mh2": 512.8011673015762,
    "mhz": 552.3461373799294
}