{
    "mh1": 524.6409422594501,
    "mh2": 526.0893646825914,
    "mhz": 519.78712094682
}