{
    "mh1": 506.26393947331593,
    "mh2": 539.7670169420368,
    "mhz": 579.8687946952382
}