{
    "mh1": 527.3052254909517,
    "mh2": 492.86183093929037,
    "mhz": 494.9745677658693
}