{
    "mh1": 527.6880143696931,
    "mh2": 532.5535180346905,
    "mhz": 493.60017236374193
}