{
    "mh1": 500.05539551126725,
    "mh2": 573.1006118013725
}