{
    "mh1": 526.0811679913876,
    "mh2": 494.69460814126626,
    "mhz": 512.0652662116936
}