{
    "mh1": 525.2474767067179,
    "mh2": 493.8767919925629,
    "mhz": 527.9101589121143
}