{
    "mh1": 529.0729089328881,
    "mh2": 489.3504534698581,
    "mhz": 532.9863280975102
}