{
    "mh1": 512.2803553431424,
    "mh2": 516.4038746298124,
    "mhz": 443.46050776795227
}