{
    "mh1": 515.2981123956915,
    "mh2": 531.4005421908815,
    "mhz": 514.2155846085014
}