{
    "mh1": 511.2402494109092,
    "mh2": 491.0541674387059
}