{
    "mh1": 517.3521817473204,
    "mh2": 542.8361209274037,
    "mhz": 579.805934516881
}