{
    "mh1": 528.2310908152776,
    "mh2": 528.6056362919837,
    "mhz": 513.456150828717
}