{
    "mh1": 524.8505768896886,
    "mh2": 495.7762945139895,
    "mhz": 526.3857287415667
}