{
    "mh1": 507.1563677790572,
    "mh2": 505.64191609442435,
    "mhz": 489.6448609235189
}