{
    "mh1": 521.0091544613238,
    "mh2": 516.8443234090794,
    "mhz": 512.2758841205303
}