{
    "mh1": 518.8423741943991,
    "mh2": 520.5953667769815,
    "mhz": 564.706299597633
}