{
    "mh1": 512.297119077206,
    "mh2": 511.6793629064104,
    "mhz": 449.6771809689607
}