{
    "mh1": 516.3071775376504,
    "mh2": 512.5475428825055,
    "mhz": 485.8960541271989
}