{
    "mh1": 527.2183235142656,
    "mh2": 533.9288923130748,
    "mhz": 510.1113790504898
}