{
    "mh1": 509.33236811467077,
    "mh2": 505.21839827526077,
    "mhz": 491.01227659503263
}