{
    "mh1": 518.6009182165355,
    "mh2": 550.0952810213622,
    "mhz": 441.0344065546277
}