{
    "mh1": 529.2241635850228,
    "mh2": 496.10933410265153,
    "mhz": 496.1175935769037
}