{
    "mh1": 514.6765297521656,
    "mh2": 495.4279759680849
}