{
    "mh1": 527.7907214771718,
    "mh2": 486.97185037447696,
    "mhz": 490.6149227663271
}