{
    "mh1": 519.2200226422215,
    "mh2": 497.1615837785519
}