{
    "mh1": 514.587245890852,
    "mh2": 510.4468855878812,
    "mhz": 545.092494329796
}