{
    "mh1": 515.9630218095822,
    "mh2": 515.9431356165271,
    "mhz": 544.1195021764454
}