{
    "mh1": 524.5994694171113,
    "mh2": 528.4604104288907,
    "mhz": 520.6973299688163
}