{
    "mh1": 502.7954006471582,
    "mh2": 507.7284815448253,
    "mhz": 525.9923336439791
}