{
    "mh1": 510.83997393262666,
    "mh2": 518.610970272466,
    "mhz": 560.0794628630531
}