{
    "mh1": 543.7634454794984,
    "mh2": 525.3395213882277,
    "mhz": 528.7073447282612
}