{
    "mh1": 509.23896755246625,
    "mh2": 511.4262100003814,
    "mhz": 475.45163314187204
}