{
    "mh1": 514.5765426835021,
    "mh2": 512.2239997064385,
    "mhz": 547.2004466329537
}