{
    "mh1": 515.9580322631687,
    "mh2": 512.8370679847199,
    "mhz": 475.03313529886003
}