{
    "mh1": 511.2746700683486,
    "mh2": 490.91248733558126
}