{
    "mh1": 514.7536509046412,
    "mh2": 520.500203659579,
    "mhz": 568.3423540742787
}