{
    "mh1": 517.4494328086266,
    "mh2": 539.0367969501438,
    "mhz": 451.5150342415955
}