{
    "mh1": 511.0692310527156,
    "mh2": 493.3885232840557
}