{
    "mh1": 523.6136017013628,
    "mh2": 510.67614704368907,
    "mhz": 496.20342070497435
}