{
    "mh1": 511.978285356477,
    "mh2": 534.3897517700725,
    "mhz": 510.84460255993173
}