{
    "mh1": 520.2904734213791,
    "mh2": 509.8912791952424,
    "mhz": 505.55340271449813
}