{
    "mh1": 512.0933011419982,
    "mh2": 517.5783014322632,
    "mhz": 420.15539990083727
}