{
    "mh1": 524.8475574371093,
    "mh2": 527.0894554505634,
    "mhz": 520.9148657246534
}