{
    "mh1": 546.4855196279485,
    "mh2": 538.392003873332,
    "mhz": 582.5642704936325
}