{
    "mh1": 512.3276387453809,
    "mh2": 528.2854278273875,
    "mhz": 513.6622451176542
}