{
    "mh1": 525.182572425591,
    "mh2": 526.1862140187357,
    "mhz": 520.8581079192004
}