{
    "mh1": 511.7092116281642,
    "mh2": 518.0939371704221,
    "mhz": 399.35385522795735
}