{
    "mh1": 511.9958248828589,
    "mh2": 493.40464126611135
}