{
    "mh1": 506.0859808040855,
    "mh2": 520.1993649539845,
    "mhz": 492.36808435343823
}