{
    "mh1": 523.9146784566768,
    "mh2": 526.978472748336,
    "mhz": 520.2308932579607
}