{
    "mh1": 508.34471589647086,
    "mh2": 512.2243364627202,
    "mhz": 478.43424591889914
}