{
    "mh1": 508.69433630805986,
    "mh2": 518.242844093105,
    "mhz": 532.2429204845691
}