{
    "mh1": 509.1498138404796,
    "mh2": 508.5264652877437,
    "mhz": 484.19050357549264
}