{
    "mh1": 521.3492820771595,
    "mh2": 525.702384320142,
    "mhz": 519.861933123588
}