{
    "mh1": 515.3907977737849,
    "mh2": 522.420458585296,
    "mhz": 492.9275619426562
}