{
    "mh1": 506.83190986575227,
    "mh2": 504.76471279137644,
    "mhz": 492.354808681765
}