{
    "mh1": 509.2504961972628,
    "mh2": 520.1155101072271,
    "mhz": 449.04188828472564
}