{
    "mh1": 514.2169319238242,
    "mh2": 538.6982016591504,
    "mhz": 587.4108406406153
}