{
    "mh1": 522.4539624522929,
    "mh2": 523.0093623983751,
    "mhz": 514.1149189194883
}