{
    "mh1": 512.4927944340312,
    "mh2": 518.2152854001774,
    "mhz": 419.95090561604684
}