{
    "mh1": 526.6205459084817,
    "mh2": 495.04833803604345,
    "mhz": 496.81173868377465
}