{
    "mh1": 514.6734187577105,
    "mh2": 524.6923902676361,
    "mhz": 562.3490935205689
}