{
    "mh1": 506.27073518713405,
    "mh2": 504.32671356478687,
    "mhz": 492.71265997570345
}