{
    "mh1": 521.3840880462376,
    "mh2": 532.5735210379235
}