{
    "mh1": 511.1443569747725,
    "mh2": 568.2945730133897
}