{
    "mh1": 514.1208015988575,
    "mh2": 513.9941793821324,
    "mhz": 540.8934160721129
}