{
    "mh1": 510.8620209958443,
    "mh2": 497.4895798717414
}