{
    "mh1": 514.7641493601845,
    "mh2": 509.61233587220454,
    "mhz": 542.3718111654007
}