{
    "mh1": 523.4297503351956,
    "mh2": 560.278283503669
}