{
    "mh1": 523.2203978255498,
    "mh2": 569.0796014983957,
    "mhz": 519.8769758558825
}