{
    "mh1": 517.5906853769775,
    "mh2": 520.9678749268492,
    "mhz": 513.6117892767097
}