{
    "mh1": 522.9872219816971,
    "mh2": 526.8023347531156,
    "mhz": 520.4897626505453
}