{
    "mh1": 519.0642515211989,
    "mh2": 519.6782334936598,
    "mhz": 513.3196023422906
}