{
    "mh1": 523.2060476327401,
    "mh2": 572.3666958941845,
    "mhz": 519.3494983989947
}