{
    "mh1": 517.9062059849617,
    "mh2": 546.0522448699521,
    "mhz": 582.3657592326416
}