{
    "mh1": 511.95845588633335,
    "mh2": 491.52581110830414
}