{
    "mh1": 512.3172642293348,
    "mh2": 526.7507307886897,
    "mhz": 570.8485593093818
}