{
    "mh1": 520.8160845341429,
    "mh2": 516.5482592868563,
    "mhz": 508.03632024554935
}