{
    "mh1": 514.7474704897793,
    "mh2": 534.5883903669306,
    "mhz": 574.6965449174777
}