{
    "mh1": 506.93384709320384,
    "mh2": 520.9185732052605,
    "mhz": 491.896361567569
}