{
    "mh1": 522.4791444878551,
    "mh2": 527.9488140043458,
    "mhz": 530.6104149914345
}