{
    "mh1": 500.75344251068304,
    "mh2": 568.3887647516138
}