{
    "mh1": 524.2105603191986,
    "mh2": 530.5726456587257,
    "mhz": 522.7460393245465
}