{
    "mh1": 524.5707589359948,
    "mh2": 526.5583551544515,
    "mhz": 520.8142709113696
}