{
    "mh1": 516.4863981256195,
    "mh2": 568.8251160443086
}