{
    "mh1": 519.4120468765866,
    "mh2": 513.2927784080564,
    "mhz": 531.7925825834761
}