{
    "mh1": 512.0151546131842,
    "mh2": 492.5940828942719
}