{
    "mh1": 526.0655650811209,
    "mh2": 494.37008837163955,
    "mhz": 496.5012967765839
}