{
    "mh1": 516.0121495784626,
    "mh2": 518.0558296818774,
    "mhz": 510.7688687491696
}