{
    "mh1": 508.39666095003713,
    "mh2": 533.4943379188811
}