{
    "mh1": 525.1653854620548,
    "mh2": 530.2460786129349,
    "mhz": 524.5349035078218
}