{
    "mh1": 521.4546812052372,
    "mh2": 521.5410462963125,
    "mhz": 517.2301688051449
}