{
    "mh1": 518.3152254844043,
    "mh2": 523.7990750580274,
    "mhz": 518.9912067437687
}