{
    "mh1": 526.7782333717431,
    "mh2": 491.8757796339589,
    "mhz": 494.4351514770013
}