{
    "mh1": 502.0635956530048,
    "mh2": 455.7153080017027,
    "mhz": 518.9905095111204
}