{
    "mh1": 511.1333971987777,
    "mh2": 497.7875318599943
}