{
    "mh1": 511.59406453629316,
    "mh2": 491.3809360291653
}