{
    "mh1": 507.0523445924183,
    "mh2": 520.6535010485115,
    "mhz": 491.85321341800693
}