{
    "mh1": 512.5074953975629,
    "mh2": 525.1385059375718,
    "mhz": 537.69627397145
}