{
    "mh1": 505.9801655839842,
    "mh2": 503.30567292446415,
    "mhz": 489.7627198939929
}