{
    "mh1": 527.0570349928557,
    "mh2": 497.1093036449724,
    "mhz": 497.7473699324798
}