{
    "mh1": 535.7322686674438,
    "mh2": 520.4108943782092,
    "mhz": 528.1799689013626
}