{
    "mh1": 518.3322348288686,
    "mh2": 502.3001343730077,
    "mhz": 493.1072492201448
}