{
    "mh1": 523.0868002135905,
    "mh2": 565.1801004759386,
    "mhz": 517.9632797631634
}