{
    "mh1": 512.0256065450822,
    "mh2": 494.0015020766966
}