{
    "mh1": 517.9770888925573,
    "mh2": 519.229046864059,
    "mhz": 516.4356569094128
}