{
    "mh1": 512.8709702783456,
    "mh2": 516.5337904331116,
    "mhz": 486.2596119998785
}