{
    "mh1": 504.3815908325149,
    "mh2": 525.0716460709901,
    "mhz": 519.8812349458049
}