{
    "mh1": 521.6857077920943,
    "mh2": 543.580676294655
}