{
    "mh1": 508.1699309523679,
    "mh2": 532.7511692419514,
    "mhz": 563.0491296757558
}