{
    "mh1": 526.7614061768835,
    "mh2": 525.1547290075456,
    "mhz": 521.3822201582155
}