{
    "mh1": 545.3704273095001,
    "mh2": 511.2294405570487,
    "mhz": 526.4170055572658
}