{
    "mh1": 511.95881744047057,
    "mh2": 490.7647349727104
}