{
    "mh1": 517.457160310489,
    "mh2": 515.0309405571267,
    "mhz": 562.547615871255
}