{
    "mh1": 529.2141005920163,
    "mh2": 533.2169666700499,
    "mhz": 532.2820131421222
}