{
    "mh1": 515.1256059969298,
    "mh2": 530.8963726652154,
    "mhz": 569.1177966593559
}