{
    "mh1": 523.3516676008969,
    "mh2": 541.0596661972127
}