{
    "mh1": 511.15200064220346,
    "mh2": 496.6643951205763
}