{
    "mh1": 513.5979887088549,
    "mh2": 521.3579551757578,
    "mhz": 488.59375894543996
}