{
    "mh1": 529.2745110450029,
    "mh2": 491.9137111350226,
    "mhz": 492.9896248707724
}