{
    "mh1": 524.8614225917993,
    "mh2": 528.0779858722767,
    "mhz": 522.391415316472
}