{
    "mh1": 512.3995635522292,
    "mh2": 521.2317630870895,
    "mhz": 603.8000743107416
}