{
    "mh1": 511.9555216790159,
    "mh2": 491.1501640599656,
    "mhz": 511.26298986761964
}