{
    "mh1": 518.4041551420889,
    "mh2": 543.2916691434865,
    "mhz": 581.1896426629555
}