{
    "mh1": 507.6559880438625,
    "mh2": 519.454437430765,
    "mhz": 495.71963774773593
}