{
    "mh1": 529.5653162474842,
    "mh2": 489.4888948097623,
    "mhz": 491.7792017250781
}