{
    "mh1": 518.0638093464355,
    "mh2": 521.3145665443415,
    "mhz": 531.0472587456434
}