{
    "mh1": 510.56590821005216,
    "mh2": 518.9532583009573,
    "mhz": 453.93773245852316
}