{
    "mh1": 505.9889161485582,
    "mh2": 535.02489580876
}