{
    "mh1": 511.97431123150983,
    "mh2": 533.9005291080928
}