{
    "mh1": 515.9785476125963,
    "mh2": 515.8454835013706,
    "mhz": 562.4177195424787
}