{
    "mh1": 515.7886734610054,
    "mh2": 520.6180115429926,
    "mhz": 563.0225625538503
}