{
    "mh1": 514.9552173989796,
    "mh2": 518.9202949462996,
    "mhz": 597.3198323677177
}