{
    "mh1": 513.779620518789,
    "mh2": 515.6610332380517,
    "mhz": 512.8977608571449
}