{
    "mh1": 503.1285919176285,
    "mh2": 567.6954818714044
}