{
    "mh1": 508.96616471073327,
    "mh2": 510.8381877870784,
    "mhz": 478.05501248338027
}