{
    "mh1": 527.7767319018471,
    "mh2": 487.60530606784795,
    "mhz": 491.2151270834087
}