{
    "mh1": 528.1385242453982,
    "mh2": 486.969878021912,
    "mhz": 490.066032275057
}