{
    "mh1": 519.777566000766,
    "mh2": 547.9932084408326,
    "mhz": 585.5661457604397
}