{
    "mh1": 525.2413105098997,
    "mh2": 556.3774044574377
}