{
    "mh1": 529.4687814373758,
    "mh2": 532.9161472017896,
    "mhz": 511.2900606456767
}