{
    "mh1": 513.8393993113439,
    "mh2": 518.4361273998477,
    "mhz": 542.6679969693766
}