{
    "mh1": 527.7213377756854,
    "mh2": 488.5370930358889,
    "mhz": 491.7597377317527
}