{
    "mh1": 508.5660090225144,
    "mh2": 509.4097696148833,
    "mhz": 487.74320997576643
}