{
    "mh1": 519.121409921671,
    "mh2": 522.967663556006,
    "mhz": 519.2661580768831
}