{
    "mh1": 509.309952343002,
    "mh2": 511.64030223826046,
    "mhz": 476.07665399619174
}