{
    "mh1": 519.6786761471283,
    "mh2": 520.8892559579099,
    "mhz": 517.6098088459779
}