{
    "mh1": 522.7912423772759,
    "mh2": 495.5577299129452,
    "mhz": 498.32983841906736
}