{
    "mh1": 515.6526332401398,
    "mh2": 513.638656140376,
    "mhz": 475.03794228941376
}