{
    "mh1": 527.1408014287789,
    "mh2": 491.97670532078376,
    "mhz": 494.18458288728823
}