{
    "mh1": 514.2282670049927,
    "mh2": 497.03275783425
}