{
    "mh1": 518.6407734857073,
    "mh2": 523.7828041990897,
    "mhz": 532.5835799716968
}