{
    "mh1": 525.1373371565165,
    "mh2": 524.452427976822,
    "mhz": 517.3309653655236
}