{
    "mh1": 511.07595001266213,
    "mh2": 497.8338072853191
}