{
    "mh1": 514.1671413273791,
    "mh2": 535.510210555464,
    "mhz": 537.7241489904256
}