{
    "mh1": 507.37247371403384,
    "mh2": 507.9431205271884,
    "mhz": 489.9426833022029
}