{
    "mh1": 512.2324003288841,
    "mh2": 518.3265453209597,
    "mhz": 596.5766226723692
}