{
    "mh1": 511.1669567077478,
    "mh2": 494.50017157397957
}