{
    "mh1": 511.37352427927067,
    "mh2": 491.0831622410205
}