{
    "mh1": 530.7583283324308,
    "mh2": 519.9985582684585,
    "mhz": 512.936760505916
}