{
    "mh1": 516.0468484146079,
    "mh2": 508.278313327286,
    "mhz": 531.9356277906454
}