{
    "mh1": 507.06793203825816,
    "mh2": 503.52197347179805,
    "mhz": 492.3511317814289
}