{
    "mh1": 524.5152040989923,
    "mh2": 495.50524084678153,
    "mhz": 497.1605768999832
}