{
    "mh1": 528.307502067499,
    "mh2": 534.6570627637286,
    "mhz": 510.01842235046087
}