{
    "mh1": 506.5622046939711,
    "mh2": 519.9569260288799,
    "mhz": 492.57058942393013
}