{
    "mh1": 525.082706858869,
    "mh2": 528.6968603190521,
    "mhz": 520.8941549728853
}