{
    "mh1": 512.2456922450284,
    "mh2": 491.17706509557524,
    "mhz": 510.00000450070326
}