{
    "mh1": 505.93880433186746,
    "mh2": 503.39165262561784,
    "mhz": 490.6240692707277
}