{
    "mh1": 512.3780088543315,
    "mh2": 490.83741622105435,
    "mhz": 508.96012941322067
}