{
    "mh1": 520.7720996673138,
    "mh2": 549.496880944179,
    "mhz": 435.0325309798797
}