{
    "mh1": 506.8339222303483,
    "mh2": 504.6027315181954,
    "mhz": 492.1723541187915
}