{
    "mh1": 514.8755775816289,
    "mh2": 512.0285566590155,
    "mhz": 488.68230584524076
}