{
    "mh1": 517.0221538833252,
    "mh2": 520.6534827611938,
    "mhz": 517.4542505201329
}