{
    "mh1": 504.02259667541557,
    "mh2": 537.0977910529244
}