{
    "mh1": 512.5220715002606,
    "mh2": 518.9373751997678,
    "mhz": 602.8225289510817
}