{
    "mh1": 526.1000119840851,
    "mh2": 496.89669958295383,
    "mhz": 497.3540793825799
}