{
    "mh1": 511.9804218138841,
    "mh2": 511.7169086341213
}