{
    "mh1": 514.8188030800688,
    "mh2": 514.5834828310036,
    "mhz": 513.7149313014581
}