{
    "mh1": 531.384039373064,
    "mh2": 532.3854650218127,
    "mhz": 532.2882318923632
}