{
    "mh1": 524.3936606479256,
    "mh2": 519.0934739765218,
    "mhz": 490.5854318622069
}