{
    "mh1": 526.0732184705506,
    "mh2": 525.1053776707479,
    "mhz": 520.9392209290133
}