{
    "mh1": 511.94414774191176,
    "mh2": 490.9676605555269
}