{
    "mh1": 510.2280956935257,
    "mh2": 499.1737408399566,
    "mhz": 514.1702168642689
}