{
    "mh1": 546.0645913886648,
    "mh2": 520.9936510364873,
    "mhz": 528.6889198103672
}