{
    "mh1": 511.5409850500939,
    "mh2": 512.5765636892332,
    "mhz": 463.95681506468475
}