{
    "mh1": 503.0921313573994,
    "mh2": 533.8330199947884
}