{
    "mh1": 524.744467117721,
    "mh2": 495.69489796096946,
    "mhz": 497.0791708741908
}