{
    "mh1": 514.5372570194385,
    "mh2": 493.53119285429733
}