{
    "mh1": 530.8130603252451,
    "mh2": 496.126118003652,
    "mhz": 529.5951353162291
}