{
    "mh1": 510.11142050068605,
    "mh2": 502.30955431403845,
    "mhz": 514.8267847764434
}