{
    "mh1": 515.3916511144758,
    "mh2": 513.1832244388456,
    "mhz": 547.697377200998
}