{
    "mh1": 513.5349808868771,
    "mh2": 514.9536623612502,
    "mhz": 555.4917587396776
}