{
    "mh1": 509.70037924914243,
    "mh2": 499.78335044530934,
    "mhz": 479.93352633935234
}