{
    "mh1": 515.0745987985824,
    "mh2": 523.1375755041922,
    "mhz": 567.1692366360137
}