{
    "mh1": 515.8157281407413,
    "mh2": 523.560254298633,
    "mhz": 535.3650542641619
}