{
    "mh1": 517.3319915861268,
    "mh2": 520.1800198117708,
    "mhz": 492.0584376332138
}