{
    "mh1": 516.0930747767565,
    "mh2": 538.5091603506896,
    "mhz": 477.5343971178928
}