{
    "mh1": 514.1571100292388,
    "mh2": 519.0414129389277,
    "mhz": 434.00451858048734
}