{
    "mh1": 518.4971886848497,
    "mh2": 549.0536672786388
}