{
    "mh1": 502.71267427823534,
    "mh2": 535.4349480493777
}