{
    "mh1": 514.073669914565,
    "mh2": 512.781845043831,
    "mhz": 540.6653559747898
}