{
    "mh1": 513.7206990596601,
    "mh2": 527.7470225872689,
    "mhz": 519.0903045428697
}