{
    "mh1": 516.6247853833377,
    "mh2": 517.1741439242401,
    "mhz": 547.6062698411312
}