{
    "mh1": 525.7955831442817,
    "mh2": 496.4218012731724,
    "mhz": 497.26686589649904
}