{
    "mh1": 512.087984050881,
    "mh2": 512.028688324648,
    "mhz": 511.9991462600647
}