{
    "mh1": 527.0748094845416,
    "mh2": 525.0772897130098,
    "mhz": 498.6985754331582
}