{
    "mh1": 523.8092292285257,
    "mh2": 526.1822088616602,
    "mhz": 520.3939016462568
}