{
    "mh1": 527.2947047722984,
    "mh2": 492.0679869741477,
    "mhz": 494.20061631772893
}