{
    "mh1": 525.0283264160583,
    "mh2": 495.2631526455767,
    "mhz": 497.0485512318029
}