{
    "mh1": 528.5054402291875,
    "mh2": 486.68196454088013,
    "mhz": 490.3623613486825
}