{
    "mh1": 527.6729938917467,
    "mh2": 491.2831839653878,
    "mhz": 511.5010189233671
}