{
    "mh1": 516.318100750118,
    "mh2": 512.7365573724628,
    "mhz": 476.7023837625085
}