{
    "mh1": 515.4123265314681,
    "mh2": 527.5068801968466
}