{
    "mh1": 524.2282092994154,
    "mh2": 564.6026535301428,
    "mhz": 518.8014414105231
}