{
    "mh1": 512.0324965061752,
    "mh2": 519.3429306047487,
    "mhz": 422.65142035566174
}