{
    "mh1": 523.5183514575722,
    "mh2": 542.7682429793731
}