{
    "mh1": 506.0503358805758,
    "mh2": 503.223011277808,
    "mhz": 488.8126035187489
}