{
    "mh1": 508.52032619747246,
    "mh2": 507.04800704382825,
    "mhz": 490.6228922818909
}