{
    "mh1": 506.25898101590917,
    "mh2": 504.237082332387,
    "mhz": 491.38965644960655
}