{
    "mh1": 505.95208181486083,
    "mh2": 546.7238101755347
}