{
    "mh1": 512.7342360879397,
    "mh2": 491.0247117029776,
    "mhz": 509.00003707376754
}