{
    "mh1": 516.4039348959925,
    "mh2": 520.4196919528581,
    "mhz": 533.5150965550499
}