{
    "mh1": 524.0438893017969,
    "mh2": 495.2263821973506,
    "mhz": 527.0147265849747
}