{
    "mh1": 526.3445443273404,
    "mh2": 512.0197355176965,
    "mhz": 523.8449701063913
}