{
    "mh1": 517.5957008040575,
    "mh2": 536.5216365099005,
    "mhz": 493.17374437754324
}