{
    "mh1": 522.9498100666427,
    "mh2": 525.3158555038738,
    "mhz": 517.7293113661025
}