{
    "mh1": 512.1974204754349,
    "mh2": 516.3292949944519,
    "mhz": 424.2904697001468
}