{
    "mh1": 512.9258975049206,
    "mh2": 522.2933949732583,
    "mhz": 564.5002926576988
}