{
    "mh1": 522.7243029044482,
    "mh2": 558.4360227513589
}