{
    "mh1": 527.4292812924099,
    "mh2": 492.615236351795,
    "mhz": 515.2210297860656
}