{
    "mh1": 522.8654729160403,
    "mh2": 504.62071257002634
}