{
    "mh1": 512.0995683563963,
    "mh2": 516.50700377604,
    "mhz": 605.6430886275195
}