{
    "mh1": 522.2069499143649,
    "mh2": 526.6981212453162,
    "mhz": 520.897953018092
}