{
    "mh1": 513.9081681219269,
    "mh2": 526.5267781672578,
    "mhz": 513.2275498745921
}