{
    "mh1": 527.6691614383802,
    "mh2": 535.5151628998467,
    "mhz": 532.9139508930637
}