{
    "mh1": 500.4123698989946,
    "mh2": 477.19328566498774
}