{
    "mh1": 513.6865448751773,
    "mh2": 518.6144475309881,
    "mhz": 511.28604104645126
}