{
    "mh1": 517.8331636131643,
    "mh2": 517.9831891535689,
    "mhz": 531.9071469743664
}