{
    "mh1": 527.9026106359593,
    "mh2": 487.1380608456498,
    "mhz": 491.0423012602634
}