{
    "mh1": 513.6609106415106,
    "mh2": 518.5917950420734,
    "mhz": 604.052920575447
}