{
    "mh1": 513.2393103766913,
    "mh2": 530.0826770254325,
    "mhz": 519.7573128668428
}