{
    "mh1": 522.0888442868986,
    "mh2": 545.0170606890587,
    "mhz": 513.9433860150673
}