{
    "mh1": 517.9216592531219,
    "mh2": 525.0165023048108,
    "mhz": 519.2085087260433
}