{
    "mh1": 507.83816557369835,
    "mh2": 519.7894025231417,
    "mhz": 489.8845109748111
}