{
    "mh1": 506.010265034377,
    "mh2": 501.76566673659187,
    "mhz": 535.1981644640234
}