{
    "mh1": 520.5943395731418,
    "mh2": 551.108813256352,
    "mhz": 442.9826748214751
}