{
    "mh1": 528.0485227346808,
    "mh2": 486.70003259481126,
    "mhz": 490.35653614059817
}