{
    "mh1": 525.0825758601088,
    "mh2": 495.3936886668856,
    "mhz": 526.8461173379435
}