{
    "mh1": 517.8421285495938,
    "mh2": 515.2216115070171,
    "mhz": 492.3264081255771
}