{
    "mh1": 511.55417293476114,
    "mh2": 517.6626183736939,
    "mhz": 427.4184022196441
}