{
    "mh1": 514.5902679176376,
    "mh2": 494.60164747644836
}