{
    "mh1": 519.6609075810265,
    "mh2": 524.6078647221585,
    "mhz": 520.1824378838235
}