{
    "mh1": 508.0656364109906,
    "mh2": 508.32260545506665,
    "mhz": 486.0073344846633
}