{
    "mh1": 511.7278643944571,
    "mh2": 503.22524358380593,
    "mhz": 525.9007104345623
}