{
    "mh1": 512.0199851431069,
    "mh2": 524.2890691910522,
    "mhz": 540.3415834922255
}