{
    "mh1": 512.1758607962714,
    "mh2": 519.3105582568719,
    "mhz": 528.0465158223363
}