{
    "mh1": 523.8600602447531,
    "mh2": 559.1816417034184
}