{
    "mh1": 516.2163653416164,
    "mh2": 513.974346030457,
    "mhz": 549.3069829854059
}