{
    "mh1": 504.68684616164336,
    "mh2": 489.98556033654097
}