{
    "mh1": 516.157081184708,
    "mh2": 519.886209636301,
    "mhz": 559.2936055417197
}