{
    "mh1": 525.2521081142444,
    "mh2": 527.108753880266,
    "mhz": 521.7007781970025
}