{
    "mh1": 518.3686206357268,
    "mh2": 543.5475832328764,
    "mhz": 441.9815688527845
}