{
    "mh1": 524.3372190811349,
    "mh2": 520.7231354059384,
    "mhz": 523.6973961689037
}