{
    "mh1": 519.9633030129241,
    "mh2": 538.5959902600288
}