{
    "mh1": 517.9358417190118,
    "mh2": 458.14042792025447
}