{
    "mh1": 506.40232790866116,
    "mh2": 503.263688816266,
    "mhz": 491.85140307907625
}