{
    "mh1": 516.0032483304036,
    "mh2": 542.7751362138321,
    "mhz": 443.53998144339624
}