{
    "mh1": 517.9360845168195,
    "mh2": 557.04069876969,
    "mhz": 512.6511226938869
}