{
    "mh1": 515.4299894228625,
    "mh2": 536.7002800868503,
    "mhz": 511.8427034805288
}