{
    "mh1": 509.25840578117857,
    "mh2": 520.0618149079573,
    "mhz": 455.04253328560947
}