{
    "mh1": 510.4088154781237,
    "mh2": 518.89421609157,
    "mhz": 418.63518178275154
}