{
    "mh1": 525.9511563583977,
    "mh2": 495.2257294114356,
    "mhz": 497.0559069738167
}