{
    "mh1": 530.8246684261635,
    "mh2": 510.63174714661983,
    "mhz": 529.1433086738859
}