{
    "mh1": 524.3552556294183,
    "mh2": 534.5403680186649,
    "mhz": 544.8090196504343
}