{
    "mh1": 512.2111855336564,
    "mh2": 495.1557542614605
}