{
    "mh1": 527.1237652659615,
    "mh2": 490.6422112783374,
    "mhz": 493.3830247933018
}