{
    "mh1": 512.7838974576172,
    "mh2": 514.4966902607505,
    "mhz": 501.9516759891541
}