{
    "mh1": 515.7396514852044,
    "mh2": 511.5157786444846,
    "mhz": 479.6685280833163
}