{
    "mh1": 517.1877239641658,
    "mh2": 539.6232262895816,
    "mhz": 578.1088849930364
}