{
    "mh1": 508.49313878406093,
    "mh2": 503.7552016510385,
    "mhz": 489.24398509538986
}