{
    "mh1": 512.1789539676399,
    "mh2": 516.355035314954,
    "mhz": 437.70790194660896
}