{
    "mh1": 524.8802684795077,
    "mh2": 495.17855610586236,
    "mhz": 497.0539040397513
}