{
    "mh1": 523.1327060253008,
    "mh2": 526.71481351969,
    "mhz": 519.7527316782845
}