{
    "mh1": 510.5077073912599,
    "mh2": 518.0280539231296,
    "mhz": 419.88072519820594
}