{
    "mh1": 516.5947471433044,
    "mh2": 519.0649889457924,
    "mhz": 516.0078236640915
}