{
    "mh1": 514.0808860020306,
    "mh2": 518.5265427444103,
    "mhz": 593.8920096656987
}