{
    "mh1": 522.3469553597542,
    "mh2": 567.241843057448,
    "mhz": 516.9810105743937
}