{
    "mh1": 511.77109568371264,
    "mh2": 516.6365057414928,
    "mhz": 412.29543242637686
}