{
    "mh1": 519.4986800201513,
    "mh2": 488.47764780857204,
    "mhz": 527.4791440442325
}