{
    "mh1": 511.6069968856073,
    "mh2": 503.45163768065225,
    "mhz": 515.1795622353641
}