{
    "mh1": 514.0257238444274,
    "mh2": 485.69616591903497
}