{
    "mh1": 511.3817675397387,
    "mh2": 518.9745856353591,
    "mhz": 417.14711114317333
}