{
    "mh1": 516.0184785583461,
    "mh2": 530.432554475872,
    "mhz": 453.45705960571604
}