{
    "mh1": 523.6861138603817,
    "mh2": 535.5799496482966,
    "mhz": 525.286060571846
}