{
    "mh1": 535.5271412229898,
    "mh2": 488.20041036837677,
    "mhz": 532.8263484920274
}