{
    "mh1": 520.5570530607622,
    "mh2": 515.4323564336111,
    "mhz": 509.5525451923162
}