{
    "mh1": 511.99833837360006,
    "mh2": 493.1578870960689
}