{
    "mh1": 516.4189027646623,
    "mh2": 531.1235371301048,
    "mhz": 512.1192367883573
}