{
    "mh1": 525.5173355173355,
    "mh2": 496.11706986706986,
    "mhz": 497.1832619332619
}