{
    "mh1": 521.2330262271454,
    "mh2": 521.3426831845364,
    "mhz": 511.963145318164
}