{
    "mh1": 512.0092042609592,
    "mh2": 492.10008503028655
}