{
    "mh1": 516.4442513292956,
    "mh2": 513.836710757108,
    "mhz": 475.2297453395177
}