{
    "mh1": 509.4526752604626,
    "mh2": 499.8103091699054,
    "mhz": 480.0297374516069
}