{
    "mh1": 508.08568599875457,
    "mh2": 511.83139638615336,
    "mhz": 479.2343354801244
}