{
    "mh1": 516.0693655680066,
    "mh2": 534.1154189447451,
    "mhz": 463.53865593279664
}