{
    "mh1": 506.27835494315565,
    "mh2": 503.8080844918382,
    "mhz": 492.34260862679395
}