{
    "mh1": 524.6916649956554,
    "mh2": 526.4903604813164,
    "mhz": 520.5511787547681
}