{
    "mh1": 524.0893769838603,
    "mh2": 527.5940215199981,
    "mhz": 520.0320230537526
}