{
    "mh1": 522.6558623344192,
    "mh2": 512.7470521967705,
    "mhz": 565.2561441322364
}