{
    "mh1": 517.3882676132527,
    "mh2": 515.8916803815538,
    "mhz": 547.7223797486256
}