{
    "mh1": 505.6991977370906,
    "mh2": 503.41457636956125,
    "mhz": 492.88649614427794
}