{
    "mh1": 508.64357387633476,
    "mh2": 508.8593017134343,
    "mhz": 517.8009944812844
}