{
    "mh1": 524.0573765211586,
    "mh2": 494.2154598906054,
    "mhz": 496.0365955152325
}