{
    "mh1": 517.4832755702425,
    "mh2": 518.8766193523991,
    "mhz": 532.7860424077758
}