{
    "mh1": 527.8474106348893,
    "mh2": 487.2540797590492,
    "mhz": 491.0704997737592
}