{
    "mh1": 518.7443847450674,
    "mh2": 526.4315694803752,
    "mhz": 520.3875214315275
}