{
    "mh1": 516.2307909540106,
    "mh2": 509.3616236809609,
    "mhz": 477.7903771811045
}