{
    "mh1": 521.3155986189764,
    "mh2": 526.8182674596073
}