{
    "mh1": 524.0657475658271,
    "mh2": 527.9892779521011,
    "mhz": 520.8412023690969
}