{
    "mh1": 514.5344636396495,
    "mh2": 512.4190706463855,
    "mhz": 512.4569899548186
}