{
    "mh1": 509.22142056904556,
    "mh2": 508.27771291544906,
    "mhz": 486.0450929123729
}