{
    "mh1": 509.1610596985292,
    "mh2": 501.1579477250046,
    "mhz": 491.7064366386248
}