{
    "mh1": 517.0559160899866,
    "mh2": 518.0402581422093,
    "mhz": 478.15511345648287
}