{
    "mh1": 515.0080700977758,
    "mh2": 523.0482172154905,
    "mhz": 560.638894255595
}