{
    "mh1": 512.3657562397477,
    "mh2": 516.8601172633141,
    "mhz": 559.8503584375051
}