{
    "mh1": 523.7809571613959,
    "mh2": 571.4544047431659,
    "mhz": 519.6921111449228
}