{
    "mh1": 525.8759011301372,
    "mh2": 495.82859935380213,
    "mhz": 497.1980494596286
}