{
    "mh1": 513.9793464599916,
    "mh2": 530.7584799080763,
    "mhz": 520.5258095414996
}