{
    "mh1": 506.6440166245688,
    "mh2": 503.67454284025035,
    "mhz": 488.7646681196889
}