{
    "mh1": 513.0842110623871,
    "mh2": 525.3430579402263,
    "mhz": 534.2439097137224
}