{
    "mh1": 521.1330187011512,
    "mh2": 515.4512686176719,
    "mhz": 506.46725460821057
}