{
    "mh1": 505.95732829998553,
    "mh2": 503.72230115083477,
    "mhz": 492.6513923928708
}