{
    "mh1": 511.9777086645816,
    "mh2": 494.32322143382567
}