{
    "mh1": 514.2811182192621,
    "mh2": 519.0141056874945,
    "mhz": 604.4466257475165
}