{
    "mh1": 514.3583407564004,
    "mh2": 511.4339566507118,
    "mhz": 548.4200929623705
}