{
    "mh1": 513.0441399320091,
    "mh2": 541.5472007160126
}