{
    "mh1": 516.0867460921659,
    "mh2": 554.466064453125,
    "mhz": 512.4298354959571
}