{
    "mh1": 526.756600131033,
    "mh2": 491.36228060673614,
    "mhz": 495.5942513112056
}