{
    "mh1": 527.818074622505,
    "mh2": 488.10196308950856,
    "mhz": 491.66848341480994
}