{
    "mh1": 513.8206641576422,
    "mh2": 520.989049985323,
    "mhz": 562.6412629144234
}