{
    "mh1": 329.2275359116797,
    "mh2": 318.0250206035526
}