{
    "mh1": 511.6776202726771,
    "mh2": 490.19126518572835
}