{
    "mh1": 524.2739429813113,
    "mh2": 526.9427365532227,
    "mhz": 520.6997751223599
}