{
    "mh1": 511.9198106548633,
    "mh2": 515.7756788729173,
    "mhz": 453.6409972338768
}