{
    "mh1": 505.9731194952018,
    "mh2": 503.2735551602359,
    "mhz": 489.3075092441687
}