{
    "mh1": 528.2620495758425,
    "mh2": 487.2944837918823,
    "mhz": 490.62203006948243
}