{
    "mh1": 511.9690291663166,
    "mh2": 490.07876893349345
}