{
    "mh1": 526.7122852338624,
    "mh2": 492.4710947661926,
    "mhz": 495.01543920163124
}