{
    "mh1": 523.4619085541673,
    "mh2": 494.62149688408505,
    "mhz": 526.5370741262839
}