{
    "mh1": 514.1874756509815,
    "mh2": 517.838587161605,
    "mhz": 594.9230652315573
}