{
    "mh1": 527.2352874372544,
    "mh2": 489.6990331124902,
    "mhz": 492.7102080537851
}