{
    "mh1": 506.8218330628259,
    "mh2": 517.8736271745661,
    "mhz": 532.0893636160008
}