{
    "mh1": 513.7223256204477,
    "mh2": 528.4703342913167,
    "mhz": 520.302320455905
}