{
    "mh1": 512.215201712261,
    "mh2": 529.0911426712598
}