{
    "mh1": 513.7882757244995,
    "mh2": 515.7248678729691,
    "mhz": 438.8495701078448
}