{
    "mh1": 527.0948918127377,
    "mh2": 493.34489420889656,
    "mhz": 528.3575257724749
}