{
    "mh1": 522.4840825649454,
    "mh2": 527.0819977268609,
    "mhz": 517.8319173779997
}