{
    "mh1": 525.8165629730747,
    "mh2": 497.0148951250886,
    "mhz": 526.2610912960234
}