{
    "mh1": 514.9868526134696,
    "mh2": 512.2029834833461,
    "mhz": 551.6321653894388
}