{
    "mh1": 512.9858209437677,
    "mh2": 516.697138124501,
    "mhz": 582.7562472699317
}