{
    "mh1": 514.7877286032592,
    "mh2": 536.3577833506637,
    "mhz": 575.9828802790321
}