{
    "mh1": 512.0737873879938,
    "mh2": 493.201693590229
}