{
    "mh1": 522.0016391064947,
    "mh2": 522.3317664985086,
    "mhz": 517.0188227235635
}