{
    "mh1": 516.6559821860212,
    "mh2": 541.8794308047779
}