{
    "mh1": 516.0880025717136,
    "mh2": 539.4628822105053,
    "mhz": 449.4898252969951
}