{
    "mh1": 524.1944738669342,
    "mh2": 494.53885503984634,
    "mhz": 527.4844950705904
}