{
    "mh1": 515.6977220242136,
    "mh2": 524.0684898002587,
    "mhz": 561.1733696528672
}