{
    "mh1": 501.2304638949357,
    "mh2": 485.9543215952238,
    "mhz": 524.8496747287011
}