{
    "mh1": 515.9018255852101,
    "mh2": 522.9398815805466,
    "mhz": 490.97160550989696
}