{
    "mh1": 515.541970770981,
    "mh2": 518.8136668574418,
    "mhz": 508.35401790714604
}