{
    "mh1": 512.5711545047218,
    "mh2": 517.1626952536684,
    "mhz": 440.6930041594951
}