{
    "mh1": 515.8339717191851,
    "mh2": 512.476304107522,
    "mhz": 477.02585931605637
}