{
    "mh1": 526.1663421486764,
    "mh2": 530.2862661124407,
    "mhz": 528.0115952576306
}