{
    "mh1": 507.0971372579704,
    "mh2": 525.7989733888303,
    "mhz": 540.5779712938056
}