{
    "mh1": 510.88005915663183,
    "mh2": 511.1286437477555,
    "mhz": 545.0477982345718
}