{
    "mh1": 512.2386420981557,
    "mh2": 515.0292744208195,
    "mhz": 514.7683720831053
}