{
    "mh1": 510.4023819139934,
    "mh2": 506.1486117454746,
    "mhz": 463.8471093652335
}