{
    "mh1": 516.4959301542782,
    "mh2": 515.0686757269058,
    "mhz": 475.72890463392497
}