{
    "mh1": 500.1187405987781,
    "mh2": 451.3554841595125
}