{
    "mh1": 506.8070018498893,
    "mh2": 504.4232027136877,
    "mhz": 492.2679190383669
}