{
    "mh1": 527.1809718183852,
    "mh2": 527.8919147493662,
    "mhz": 497.13106733346615
}