{
    "mh1": 516.9141842662659,
    "mh2": 519.2979727580018,
    "mhz": 532.8224800274211
}