{
    "mh1": 522.6027494393097,
    "mh2": 524.5839221810593,
    "mhz": 513.6834526202265
}