{
    "mh1": 515.9440988927176,
    "mh2": 544.3060909833932,
    "mhz": 448.1342783969595
}