{
    "mh1": 517.0816027190607,
    "mh2": 504.323104716105,
    "mhz": 492.1040793144498
}