{
    "mh1": 512.6709677419356,
    "mh2": 516.6902437959137,
    "mhz": 429.4810996743673
}