{
    "mh1": 528.0446107711095,
    "mh2": 491.6087353602934,
    "mhz": 493.4442953419366
}