{
    "mh1": 509.32313699849254,
    "mh2": 505.68328175173997,
    "mhz": 490.972111633381
}