{
    "mh1": 528.0333774681538,
    "mh2": 514.0254280866843,
    "mhz": 491.3121392540561
}