{
    "mh1": 520.0878817962908,
    "mh2": 515.9976535862461,
    "mhz": 517.8233697517597
}