{
    "mh1": 530.2173598591254,
    "mh2": 523.7971640101463,
    "mhz": 558.3296456234867
}