{
    "mh1": 511.93333840306934,
    "mh2": 491.76101592128964,
    "mhz": 510.98433627405365
}