{
    "mh1": 513.4031109301072,
    "mh2": 520.7149497168934,
    "mhz": 528.9567254954995
}