{
    "mh1": 511.480176322192,
    "mh2": 499.5427058532013,
    "mhz": 509.1010889960229
}