{
    "mh1": 523.7549112859292,
    "mh2": 528.5430702556503,
    "mhz": 522.1125325158747
}