{
    "mh1": 511.8872228926617,
    "mh2": 490.4434256241269
}