{
    "mh1": 523.6358885750135,
    "mh2": 538.5088321574647,
    "mhz": 530.2771858560299
}