{
    "mh1": 515.5076495156627,
    "mh2": 538.6485646025744
}