{
    "mh1": 516.4488551115126,
    "mh2": 522.1314289415727,
    "mhz": 514.9809819763829
}