{
    "mh1": 530.6819080266182,
    "mh2": 492.35856270987034,
    "mhz": 530.669653455466
}