{
    "mh1": 514.5553656260159,
    "mh2": 493.45006982690967
}