{
    "mh1": 522.9455139180036,
    "mh2": 493.8536790083245,
    "mhz": 496.9439791876763
}