{
    "mh1": 511.4435059026778,
    "mh2": 495.51100023725775
}