{
    "mh1": 523.9367761958769,
    "mh2": 566.9561269374138
}