{
    "mh1": 517.8622836696013,
    "mh2": 532.3450875632855,
    "mhz": 564.9780824829932
}