{
    "mh1": 523.4094731338664,
    "mh2": 525.9025672679456,
    "mhz": 519.9248491842837
}