{
    "mh1": 515.9790820542819,
    "mh2": 514.0173263879217,
    "mhz": 474.5302199128668
}