{
    "mh1": 503.51959204432904,
    "mh2": 522.5753967120902,
    "mhz": 533.1642170596864
}