{
    "mh1": 508.09779965196975,
    "mh2": 511.71943001605615,
    "mhz": 479.4053039303385
}