{
    "mh1": 515.8869317873882,
    "mh2": 513.1605074896153,
    "mhz": 476.54021559742097
}