{
    "mh1": 509.46697754574484,
    "mh2": 500.93828793951144,
    "mhz": 486.2830818223448
}