{
    "mh1": 527.3212221045965,
    "mh2": 535.662757385855,
    "mhz": 491.0352346890359
}