{
    "mh1": 523.2587215526596,
    "mh2": 527.9532089782439,
    "mhz": 519.4326175631637
}