{
    "mh1": 525.9932486266616,
    "mh2": 494.65553084163423,
    "mhz": 496.9366866552047
}