{
    "mh1": 524.4510220176652,
    "mh2": 526.3506954523675,
    "mhz": 522.0017941485576
}