{
    "mh1": 515.8342833448514,
    "mh2": 513.3020879977445,
    "mhz": 476.55627971254836
}