{
    "mh1": 511.0098688125223,
    "mh2": 500.44767280077707,
    "mhz": 509.35138852914616
}