{
    "mh1": 521.2466956036438,
    "mh2": 525.2007305974419,
    "mhz": 519.232834196719
}