{
    "mh1": 523.2326884752908,
    "mh2": 525.723203654742,
    "mhz": 521.0622957483278
}