{
    "mh1": 527.5266971746596,
    "mh2": 488.34868745576597,
    "mhz": 491.6995442603614
}