{
    "mh1": 514.6467705205954,
    "mh2": 493.7871189029756
}