{
    "mh1": 515.9057270181888,
    "mh2": 521.0173498430837,
    "mhz": 555.3964250219963
}