{
    "mh1": 506.07403148160273,
    "mh2": 520.3974431104459,
    "mhz": 492.1696472170128
}