{
    "mh1": 513.3957879092538,
    "mh2": 524.700890835497,
    "mhz": 566.6917003099614
}