{
    "mh1": 507.0273979368641,
    "mh2": 503.84926700804164,
    "mhz": 492.29388719848305
}