{
    "mh1": 516.4681247791666,
    "mh2": 538.0159619879358,
    "mhz": 580.8019153137725
}