{
    "mh1": 509.0715060667208,
    "mh2": 508.8620566155416,
    "mhz": 543.083272331482
}