{
    "mh1": 524.5534425238792,
    "mh2": 527.68557334022,
    "mhz": 520.4010748078944
}