{
    "mh1": 515.8309329643683,
    "mh2": 512.8327603194901,
    "mhz": 476.9515487997261
}