{
    "mh1": 506.96329263668497,
    "mh2": 503.52781669840493,
    "mhz": 492.2133747501712
}