{
    "mh1": 520.7020378042148,
    "mh2": 526.7326296535286,
    "mhz": 536.8844206079132
}