{
    "mh1": 529.5875418462236,
    "mh2": 530.682373007932,
    "mhz": 539.7241229333956
}