{
    "mh1": 508.67162218347875,
    "mh2": 505.7533838316784,
    "mhz": 489.656099981133
}