{
    "mh1": 515.3618510534783,
    "mh2": 540.0149629256098,
    "mhz": 557.1535311998409
}