{
    "mh1": 504.81449043238945,
    "mh2": 500.89691136385,
    "mhz": 495.0990324042133
}