{
    "mh1": 517.9018076757192,
    "mh2": 526.981199819576,
    "mhz": 532.6637358519122
}