{
    "mh1": 511.34634877272003,
    "mh2": 500.1547767587821,
    "mhz": 510.60639438611565
}