{
    "mh1": 512.4426415397625,
    "mh2": 522.2261631655365,
    "mhz": 556.3310550986856
}