{
    "mh1": 527.7319647891469,
    "mh2": 537.2965645179275,
    "mhz": 532.778306820393
}