{
    "mh1": 512.979158817386,
    "mh2": 535.9370532567716,
    "mhz": 568.0341786280158
}