{
    "mh1": 521.3211282090883,
    "mh2": 522.9859482722306,
    "mhz": 520.3912984667706
}