{
    "mh1": 515.4847249022721,
    "mh2": 534.0969580564599,
    "mhz": 577.6926017956184
}