{
    "mh1": 514.4264722597703,
    "mh2": 517.7009862553772,
    "mhz": 515.130208670319
}