{
    "mh1": 501.49405880644133,
    "mh2": 489.3353586403377,
    "mhz": 525.1111739166196
}