{
    "mh1": 518.0450443538891,
    "mh2": 519.1905693064449,
    "mhz": 499.3312637156774
}