{
    "mh1": 516.047707853689,
    "mh2": 527.4430495344662,
    "mhz": 459.5518118490062
}