{
    "mh1": 527.0712538946261,
    "mh2": 512.038713892666,
    "mhz": 511.9853342131674
}