{
    "mh1": 527.8048604926139,
    "mh2": 488.1961738836655,
    "mhz": 491.417276765319
}