{
    "mh1": 522.9166724911584,
    "mh2": 523.8100143441442,
    "mhz": 535.0375542891484
}