{
    "mh1": 524.1395380569614,
    "mh2": 495.1171298248847,
    "mhz": 497.12267924133766
}