{
    "mh1": 527.908250933496,
    "mh2": 508.54005158025694,
    "mhz": 490.9431340652198
}