{
    "mh1": 510.3722429203617,
    "mh2": 518.5667359318263,
    "mhz": 401.81058035401946
}