{
    "mh1": 503.8147683881668,
    "mh2": 533.1473497947593
}