{
    "mh1": 514.7445268846752,
    "mh2": 512.0242441017635,
    "mhz": 476.25528792350184
}