{
    "mh1": 518.1315040882297,
    "mh2": 538.2116866324396,
    "mhz": 539.169132271792
}