{
    "mh1": 527.8199743758564,
    "mh2": 490.8386381512683,
    "mhz": 493.1120638412227
}