{
    "mh1": 517.2956231141675,
    "mh2": 517.4649252684022,
    "mhz": 515.8966686548313
}