{
    "mh1": 524.35171046836,
    "mh2": 526.9822871804911,
    "mhz": 522.364115910517
}