{
    "mh1": 521.3705255014256,
    "mh2": 517.8940191483816,
    "mhz": 524.0182948909707
}