{
    "mh1": 529.2469713487757,
    "mh2": 555.0519023512758,
    "mhz": 571.8635986631436
}