{
    "mh1": 523.3134355652384,
    "mh2": 528.2116780491922,
    "mhz": 519.4795122971934
}