{
    "mh1": 523.8559799943413,
    "mh2": 524.6757761770283,
    "mhz": 520.1233744552228
}