{
    "mh1": 522.6314625015182,
    "mh2": 529.9802054089257,
    "mhz": 522.2191876060463
}