{
    "mh1": 525.810614970352,
    "mh2": 496.53961656070186,
    "mhz": 497.27616919466305
}