{
    "mh1": 516.0759787767804,
    "mh2": 514.2156431866773,
    "mhz": 547.7151180983981
}