{
    "mh1": 511.73772322013554,
    "mh2": 497.0146306775992
}