{
    "mh1": 518.9340511025043,
    "mh2": 535.2182314578818,
    "mhz": 526.8248263901487
}