{
    "mh1": 513.2838714337051,
    "mh2": 520.4371052840194,
    "mhz": 552.034853779334
}