{
    "mh1": 513.2479112205074,
    "mh2": 525.1637893502426
}