{
    "mh1": 524.2966437301827,
    "mh2": 533.0228332121499,
    "mhz": 538.8940762674924
}