{
    "mh1": 512.9222153504267,
    "mh2": 479.46810938119705
}