{
    "mh1": 512.7296784207083,
    "mh2": 532.4281195942182,
    "mhz": 577.8421889774168
}