{
    "mh1": 526.8791194572667,
    "mh2": 527.0455782919549,
    "mhz": 526.7158244071661
}