{
    "mh1": 518.0864308176101,
    "mh2": 519.7855031446541,
    "mhz": 531.941677148847
}