{
    "mh1": 506.02665620022833,
    "mh2": 503.902152477657,
    "mhz": 492.3623861872194
}