{
    "mh1": 518.6283285282354,
    "mh2": 551.6559297982762,
    "mhz": 431.0128701264323
}