{
    "mh1": 524.6992090019775,
    "mh2": 495.8121802982337,
    "mhz": 497.13147344123786
}