{
    "mh1": 520.7148331727822,
    "mh2": 513.0420596513536,
    "mhz": 505.5089481814647
}