{
    "mh1": 512.297598269678,
    "mh2": 517.4798769344734,
    "mhz": 419.55686314932484
}