{
    "mh1": 512.4952983314406,
    "mh2": 527.1809330295682,
    "mhz": 520.0560621281875
}