{
    "mh1": 514.7068188777396,
    "mh2": 494.0222267128222
}