{
    "mh1": 512.9186082656431,
    "mh2": 493.45127676771267
}