{
    "mh1": 515.4624385980246,
    "mh2": 517.2133478542846,
    "mhz": 490.9196467435482
}