{
    "mh1": 518.3291986900556,
    "mh2": 520.4455995582257,
    "mhz": 531.4332198603373
}