{
    "mh1": 515.3500689742543,
    "mh2": 531.0830506893462
}