{
    "mh1": 523.8237233653019,
    "mh2": 569.7633202240663,
    "mhz": 519.6129705161133
}