{
    "mh1": 515.6443185208636,
    "mh2": 513.4581897523612,
    "mhz": 476.09269820302
}