{
    "mh1": 515.6508452914553,
    "mh2": 520.0983285995194,
    "mhz": 560.9125544782287
}