{
    "mh1": 526.4100244602636,
    "mh2": 518.5131551468428,
    "mhz": 432.50445155844363
}