{
    "mh1": 514.7878277402264,
    "mh2": 512.0939346333502,
    "mhz": 476.0183694974076
}