{
    "mh1": 518.9278539674551,
    "mh2": 520.6114204132416,
    "mhz": 515.6030175253426
}