{
    "mh1": 511.46933348718164,
    "mh2": 517.007217060796,
    "mhz": 423.4169423076923
}