{
    "mh1": 526.7110093367903,
    "mh2": 491.29135142602115,
    "mhz": 500.8030911348152
}