{
    "mh1": 515.0473996407975,
    "mh2": 526.9429843332327,
    "mhz": 567.9864940467526
}