{
    "mh1": 502.24819633404786,
    "mh2": 514.5840564570176,
    "mhz": 521.3586999506549
}