{
    "mh1": 527.1656545709818,
    "mh2": 533.5949886130766,
    "mhz": 520.1358503693621
}