{
    "mh1": 512.645000739786,
    "mh2": 516.2533505159233,
    "mhz": 574.0867208527173
}