{
    "mh1": 502.47923451202064,
    "mh2": 500.8584258383164,
    "mhz": 522.5837836892457
}