{
    "mh1": 520.8271610984782,
    "mh2": 514.0736692414256,
    "mhz": 508.0724323341018
}