{
    "mh1": 515.8247481102771,
    "mh2": 533.9209409753129,
    "mhz": 572.8427336084462
}