{
    "mh1": 511.9925378873953,
    "mh2": 492.4742801806715
}