{
    "mh1": 554.7139341741002,
    "mh2": 518.4334637708262,
    "mhz": 526.5391467875638
}