{
    "mh1": 524.128356162467,
    "mh2": 530.5916573829065,
    "mhz": 522.8676516367783
}