{
    "mh1": 522.914494715268,
    "mh2": 526.106469709741,
    "mhz": 520.7396241922933
}