{
    "mh1": 509.93975511688876,
    "mh2": 517.2140725946084,
    "mhz": 422.71708095119004
}