{
    "mh1": 512.0288795582342,
    "mh2": 492.49252628106086
}