{
    "mh1": 507.54877691337924,
    "mh2": 506.08790475366504,
    "mhz": 489.22728966154096
}