{
    "mh1": 512.2479378784176,
    "mh2": 516.4116834643845,
    "mhz": 586.9631091755541
}