{
    "mh1": 523.3872375892796,
    "mh2": 528.4115876822884,
    "mhz": 550.5367019609971
}