{
    "mh1": 515.0089693001685,
    "mh2": 517.3698077324037,
    "mhz": 533.2001137984521
}