{
    "mh1": 506.90686974539904,
    "mh2": 502.1477248266122,
    "mhz": 511.2931440921938
}