{
    "mh1": 515.4241119577703,
    "mh2": 513.6909345669833,
    "mhz": 557.3897143137674
}