{
    "mh1": 526.2915103879635,
    "mh2": 494.24380765197293,
    "mhz": 496.20483401790284
}