{
    "mh1": 518.9101605706167,
    "mh2": 521.7552731432397,
    "mhz": 531.0999025486808
}