{
    "mh1": 508.36760529389954,
    "mh2": 508.9482711584602,
    "mhz": 484.0659727504997
}