{
    "mh1": 514.7562546648884,
    "mh2": 505.13903867633155,
    "mhz": 503.1359947422055
}