{
    "mh1": 523.9399633054871,
    "mh2": 530.0123359961956,
    "mhz": 522.7667994640782
}