{
    "mh1": 527.78117825177,
    "mh2": 490.56908937079754,
    "mhz": 493.31645188582627
}