{
    "mh1": 517.4330062100936,
    "mh2": 510.54548569171146,
    "mhz": 483.05123095532764
}