{
    "mh1": 514.41197997945,
    "mh2": 514.8487523456123,
    "mhz": 513.9828459071823
}