{
    "mh1": 517.7243299631999,
    "mh2": 529.8333851718535,
    "mhz": 521.8637879094995
}