{
    "mh1": 526.7580618871099,
    "mh2": 496.83378493960277,
    "mhz": 497.5566429938516
}