{
    "mh1": 525.0515330775112,
    "mh2": 527.8291734318028,
    "mhz": 521.5792591053151
}