{
    "mh1": 521.8588693868406,
    "mh2": 519.3409068234923,
    "mhz": 512.7553099320014
}