{
    "mh1": 524.2811407189818,
    "mh2": 557.5489606045612
}