{
    "mh1": 511.9570652837534,
    "mh2": 494.8743921622146
}