{
    "mh1": 527.2669795451604,
    "mh2": 496.3692655256587,
    "mhz": 526.5804945006907
}