{
    "mh1": 529.8167865076634,
    "mh2": 512.3706705052977,
    "mhz": 517.6696441440142
}