{
    "mh1": 512.6537679738391,
    "mh2": 533.4961820320433,
    "mhz": 571.2594509403764
}