{
    "mh1": 515.4084025180982,
    "mh2": 519.4028512989056,
    "mhz": 605.7557419923289
}