{
    "mh1": 507.1286286107093,
    "mh2": 505.36343749552464,
    "mhz": 490.35740293869134
}