{
    "mh1": 529.7158144419498,
    "mh2": 534.5496955420401,
    "mhz": 510.60640027520276
}