{
    "mh1": 505.9750454630067,
    "mh2": 503.4732349493015,
    "mhz": 492.30709724071767
}