{
    "mh1": 521.1494045382659,
    "mh2": 513.3564655759935,
    "mhz": 507.74467583167467
}