{
    "mh1": 512.175893676328,
    "mh2": 516.9613491540705,
    "mhz": 438.99987768738293
}