{
    "mh1": 527.9123271917763,
    "mh2": 485.5212171087337,
    "mhz": 511.44480218607293
}