{
    "mh1": 501.1914306962647,
    "mh2": 569.7122988131157
}