{
    "mh1": 511.68879480369213,
    "mh2": 502.1425008893819,
    "mhz": 490.92216304505934
}