{
    "mh1": 517.4403285702541,
    "mh2": 533.8983351175108,
    "mhz": 569.3655820689801
}