{
    "mh1": 505.21678597125134,
    "mh2": 545.3460448075066
}