{
    "mh1": 527.643894575557,
    "mh2": 497.02716851573365,
    "mhz": 526.6606418295833
}