{
    "mh1": 517.4222051634277,
    "mh2": 504.084203888117,
    "mhz": 492.68717272198694
}