{
    "mh1": 512.2095986913735,
    "mh2": 516.5644817968291,
    "mhz": 436.36617530124164
}