{
    "mh1": 511.0403672518591,
    "mh2": 518.5787504309734,
    "mhz": 417.01046933492944
}