{
    "mh1": 522.4302547982279,
    "mh2": 523.8399197876856,
    "mhz": 516.1056674761313
}