{
    "mh1": 515.5344384707288,
    "mh2": 511.6393656047733,
    "mhz": 476.8971451963435
}