{
    "mh1": 515.8413937551001,
    "mh2": 520.6315484980349,
    "mhz": 531.0401554866726
}