{
    "mh1": 516.6829551024497,
    "mh2": 534.7724214544719,
    "mhz": 560.4541281613699
}