{
    "mh1": 517.7998836461726,
    "mh2": 521.3718605431243,
    "mhz": 518.4598123656947
}