{
    "mh1": 503.3349394998655,
    "mh2": 544.9008916950811
}