{
    "mh1": 508.35240082484904,
    "mh2": 523.9934060821458,
    "mhz": 555.3208140506997
}