{
    "mh1": 508.6616364748473,
    "mh2": 511.7225156024964,
    "mhz": 478.68346093802785
}