{
    "mh1": 518.6655089144663,
    "mh2": 523.4199928683947,
    "mhz": 511.51525840668023
}