{
    "mh1": 507.91174973938547,
    "mh2": 515.0617364877997,
    "mhz": 476.5294518829487
}