{
    "mh1": 532.5926968991259,
    "mh2": 525.9511778805836,
    "mhz": 467.1940957681913
}