{
    "mh1": 523.0568325250781,
    "mh2": 525.3860014405192,
    "mhz": 517.4119392182708
}