{
    "mh1": 522.5995693428101,
    "mh2": 529.0849641737377,
    "mhz": 522.446498624938
}