{
    "mh1": 520.8898023665571,
    "mh2": 526.4963684034461,
    "mhz": 520.1911856142275
}