{
    "mh1": 520.073884726438,
    "mh2": 526.4600616806661,
    "mhz": 552.6935179934416
}