{
    "mh1": 512.3624644351924,
    "mh2": 515.5440497986085,
    "mhz": 591.9534649513116
}