{
    "mh1": 527.1584573449766,
    "mh2": 489.94368056593436,
    "mhz": 493.0002704400166
}