{
    "mh1": 524.9008577712218,
    "mh2": 557.2284727732858
}