{
    "mh1": 511.95395431255633,
    "mh2": 516.717666240845,
    "mhz": 450.56941774717785
}