{
    "mh1": 524.4731255090863,
    "mh2": 525.3787797663457,
    "mhz": 518.1344870322972
}