{
    "mh1": 527.5341764839743,
    "mh2": 490.49676073177176,
    "mhz": 493.0580985206671
}