{
    "mh1": 524.1729772409253,
    "mh2": 527.9650574911105,
    "mhz": 521.2066061151079
}