{
    "mh1": 512.1674898050403,
    "mh2": 532.1462319941579
}