{
    "mh1": 511.94858816191106,
    "mh2": 492.45489473895714
}