{
    "mh1": 516.0043533944543,
    "mh2": 538.1190510144783,
    "mhz": 509.62655089057165
}