{
    "mh1": 516.4774759035408,
    "mh2": 512.7685730658225,
    "mhz": 476.97968685576916
}