{
    "mh1": 525.0553251023049,
    "mh2": 525.8728172878671,
    "mhz": 520.4958973390413
}