{
    "mh1": 522.5110315196264,
    "mh2": 522.3085108986348,
    "mhz": 512.2288129964202
}