{
    "mh1": 520.9454850991203,
    "mh2": 512.2781734827306,
    "mhz": 519.6658795398371
}