{
    "mh1": 522.093051039888,
    "mh2": 526.1888834111217,
    "mhz": 519.6214963528603
}