{
    "mh1": 526.5304127456651,
    "mh2": 527.3114092326359,
    "mhz": 495.9169817576433
}