{
    "mh1": 517.4226437057671,
    "mh2": 530.022872419687,
    "mhz": 548.2767086450745
}