{
    "mh1": 505.9787646947753,
    "mh2": 503.86134286293736,
    "mhz": 489.7402774961012
}