{
    "mh1": 518.7179703285661,
    "mh2": 521.5741027353029,
    "mhz": 531.166216799
}