{
    "mh1": 527.1114642806369,
    "mh2": 489.7192787853152,
    "mhz": 492.6103680015726
}