{
    "mh1": 522.3465908792243,
    "mh2": 522.8633823769048,
    "mhz": 512.5105962829343
}