{
    "mh1": 508.3873563148471,
    "mh2": 504.9636641964295,
    "mhz": 488.9808339551028
}