{
    "mh1": 514.2520718530136,
    "mh2": 523.9995288066399,
    "mhz": 534.9496885998594
}