{
    "mh1": 517.8431688248616,
    "mh2": 540.2643544669095,
    "mhz": 450.03400444829214
}