{
    "mh1": 515.4951684762063,
    "mh2": 511.85088680045226,
    "mhz": 512.5322096835738
}