{
    "mh1": 505.0935076748152,
    "mh2": 520.2657572873956,
    "mhz": 492.91246455603425
}