{
    "mh1": 519.1167904563035,
    "mh2": 522.5451609094738,
    "mhz": 518.3109918342749
}