{
    "mh1": 517.2668823284474,
    "mh2": 530.054752698707,
    "mhz": 523.6214168742827
}