{
    "mh1": 508.45043651792207,
    "mh2": 523.6012610115704,
    "mhz": 550.4655202240928
}