{
    "mh1": 512.2822108467412,
    "mh2": 524.6398538278183,
    "mhz": 510.9740680911901
}