{
    "mh1": 514.1170974118256,
    "mh2": 513.1625530023886,
    "mhz": 551.2701230956509
}