{
    "mh1": 509.2639511985927,
    "mh2": 534.9717597592761,
    "mhz": 449.34892696425663
}