{
    "mh1": 511.45522787664567,
    "mh2": 516.1007270387,
    "mhz": 460.04376407770894
}