{
    "mh1": 505.98897082611256,
    "mh2": 503.83723065300796,
    "mhz": 490.92889019459716
}