{
    "mh1": 524.8383998955518,
    "mh2": 529.6445249370134,
    "mhz": 522.6478969654199
}