{
    "mh1": 502.82789365223914,
    "mh2": 555.4941181627697,
    "mhz": 514.078562040785
}