{
    "mh1": 518.5778189434685,
    "mh2": 508.52735016060484,
    "mhz": 487.49369583246397
}