{
    "mh1": 524.6799972724507,
    "mh2": 526.8158522789859,
    "mhz": 521.3055321946417
}