{
    "mh1": 523.9488781899666,
    "mh2": 526.6171616988249,
    "mhz": 520.1298263748971
}