{
    "mh1": 524.3135344493244,
    "mh2": 127.50614247180329,
    "mhz": 15.642564394627584
}