{
    "mh1": 512.1503261775852,
    "mh2": 530.1481816164682
}