{
    "mh1": 511.98984318350585,
    "mh2": 490.8582765766364
}