{
    "mh1": 514.4910228133357,
    "mh2": 493.7964870485716
}