{
    "mh1": 539.8892299459949,
    "mh2": 524.6767180874263,
    "mhz": 528.1122356791664
}