{
    "mh1": 511.3381725948788,
    "mh2": 497.83851620373207
}