{
    "mh1": 527.4045596500001,
    "mh2": 489.36904493370196,
    "mhz": 492.45461508062795
}