{
    "mh1": 521.6167958258728,
    "mh2": 524.500673189906,
    "mhz": 519.5641681121307
}