{
    "mh1": 508.91747519137067,
    "mh2": 505.64857962246924,
    "mhz": 508.8296680072409
}