{
    "mh1": 524.0645195860205,
    "mh2": 529.6919479488203,
    "mhz": 521.7324220294051
}