{
    "mh1": 512.0453499364801,
    "mh2": 519.4324006004254,
    "mhz": 418.36136706374515
}