{
    "mh1": 512.0734833490942,
    "mh2": 515.7234228422675,
    "mhz": 573.1610287759163
}