{
    "mh1": 391.5084920163516,
    "mh2": 351.91963767862757,
    "mhz": 364.56927954998076
}