{
    "mh1": 508.0726996208378,
    "mh2": 511.1953613205118,
    "mhz": 480.6876456263906
}