{
    "mh1": 527.0642523752357,
    "mh2": 492.8051168959618,
    "mhz": 496.4817216589604
}