{
    "mh1": 512.9633361868656,
    "mh2": 497.8921558864482
}