{
    "mh1": 513.2283621849226,
    "mh2": 518.4726067757017,
    "mhz": 514.8326727672575
}