{
    "mh1": 512.8949737946687,
    "mh2": 519.4485521762884,
    "mhz": 466.35169898790775
}