{
    "mh1": 511.1166941553229,
    "mh2": 517.8115361810865,
    "mhz": 418.94717280774324
}