{
    "mh1": 511.5956450685258,
    "mh2": 491.2102500977561
}