{
    "mh1": 527.6543455775467,
    "mh2": 487.7926957536621,
    "mhz": 491.03814261153974
}