{
    "mh1": 517.9918687678903,
    "mh2": 541.3229717497143,
    "mhz": 581.3988480720234
}