{
    "mh1": 520.2270656138826,
    "mh2": 517.7909425633887,
    "mhz": 513.0851430982502
}