{
    "mh1": 545.7132245490111,
    "mh2": 516.650107044515,
    "mhz": 524.7724157237101
}