{
    "mh1": 524.2315705422212,
    "mh2": 526.1241099992836,
    "mhz": 520.0206978129788
}