{
    "mh1": 511.99360315741137,
    "mh2": 490.45511374689147,
    "mhz": 510.0530262659692
}