{
    "mh1": 507.16765492811294,
    "mh2": 504.13570719568287,
    "mhz": 491.9367686532735
}