{
    "mh1": 521.5674646859406,
    "mh2": 512.1490080771487,
    "mhz": 518.733832352097
}