{
    "mh1": 527.7717722463673,
    "mh2": 537.3944253820192,
    "mhz": 490.54632102589494
}