{
    "mh1": 529.0379001804416,
    "mh2": 533.7417265370452,
    "mhz": 531.8874869518133
}