{
    "mh1": 510.8559281267438,
    "mh2": 502.02521564051926,
    "mhz": 510.4941006484476
}