{
    "mh1": 513.0324997112771,
    "mh2": 529.835075863493,
    "mhz": 576.1275243977743
}