{
    "mh1": 512.0600935708188,
    "mh2": 533.9717811783353
}