{
    "mh1": 516.440847278069,
    "mh2": 545.1346098936046,
    "mhz": 567.6483201865103
}