{
    "mh1": 523.3516790897911,
    "mh2": 527.7970383976209,
    "mhz": 521.3017666496982
}