{
    "mh1": 535.8823524268518,
    "mh2": 521.2932205790548,
    "mhz": 512.6383315438447
}