{
    "mh1": 517.7536593593085,
    "mh2": 544.8504878871506,
    "mhz": 580.3641603646463
}