{
    "mh1": 527.3054616885343,
    "mh2": 495.0744575549816,
    "mhz": 495.96796736044234
}