{
    "mh1": 505.08411177386574,
    "mh2": 556.0886513884312
}