{
    "mh1": 508.25839832584194,
    "mh2": 508.31015818403057,
    "mhz": 484.9909142085903
}