{
    "mh1": 512.3881174542415,
    "mh2": 508.8294952550136,
    "mhz": 513.750068290318
}