{
    "mh1": 525.2240901061616,
    "mh2": 496.0746889926212,
    "mhz": 497.33570900136243
}