{
    "mh1": 524.156892786639,
    "mh2": 524.4488994795697,
    "mhz": 15.040767838549868
}