{
    "mh1": 511.99402576661174,
    "mh2": 492.26042877087895
}