{
    "mh1": 505.23121085960184,
    "mh2": 502.566745967883,
    "mhz": 494.45262218801383
}