{
    "mh1": 509.52616491592596,
    "mh2": 511.79546488036937,
    "mhz": 476.12006897962965
}