{
    "mh1": 518.9079656852105,
    "mh2": 521.4539372574218,
    "mhz": 532.463452383795
}