{
    "mh1": 506.6780918419075,
    "mh2": 504.4312924552036,
    "mhz": 491.7641271760324
}