{
    "mh1": 521.9345024594528,
    "mh2": 520.2105454602964,
    "mhz": 512.1039842289474
}