{
    "mh1": 512.9834134937037,
    "mh2": 528.500730361092,
    "mhz": 519.4845157165848
}