{
    "mh1": 511.0550422102302,
    "mh2": 518.9236428368883,
    "mhz": 419.0523300489938
}