{
    "mh1": 521.1561322502395,
    "mh2": 517.2689622991045,
    "mhz": 513.4659839217056
}