{
    "mh1": 514.9360591923454,
    "mh2": 512.1108129708847,
    "mhz": 515.2085418923924
}