{
    "mh1": 519.3627639390202,
    "mh2": 551.0516012711635,
    "mhz": 430.8574485927427
}