{
    "mh1": 514.457251015809,
    "mh2": 514.4270210945277,
    "mhz": 514.0143246015539
}