{
    "mh1": 506.9865566484824,
    "mh2": 503.4472854720895,
    "mhz": 530.7794275604979
}