{
    "mh1": 512.1372587392059,
    "mh2": 522.4399015277526,
    "mhz": 539.897064192937
}