{
    "mh1": 518.9821390185548,
    "mh2": 539.9903331236018
}