{
    "mh1": 505.9454195791914,
    "mh2": 503.79961010221643,
    "mhz": 489.69380203027856
}