{
    "mh1": 527.4416725222234,
    "mh2": 489.17367435161026,
    "mhz": 492.2979645406724
}