{
    "mh1": 511.67258857613695,
    "mh2": 495.2189743771485
}