{
    "mh1": 511.8772055384204,
    "mh2": 490.08348294908023,
    "mhz": 510.050400396704
}