{
    "mh1": 512.1298356047715,
    "mh2": 494.5619324335218
}