{
    "mh1": 525.2236618161273,
    "mh2": 512.2199237315463,
    "mhz": 497.33676134365874
}