{
    "mh1": 527.7999193732485,
    "mh2": 488.0444307372501,
    "mhz": 491.29960876882393
}