{
    "mh1": 513.2402599674604,
    "mh2": 532.3230465208273
}