{
    "mh1": 515.7532729844017,
    "mh2": 515.7929096509959,
    "mhz": 515.2394769498426
}