{
    "mh1": 529.155318581221,
    "mh2": 528.8212504046855
}