{
    "mh1": 516.0852763154437,
    "mh2": 513.9300774153538,
    "mhz": 512.8102130447655
}