{
    "mh1": 508.9593833263217,
    "mh2": 505.67550303865323,
    "mhz": 509.0226930115481
}