{
    "mh1": 524.7000510792145,
    "mh2": 526.8594043726431,
    "mhz": 520.9463824228073
}