{
    "mh1": 512.0006400111915,
    "mh2": 516.169718409608,
    "mhz": 424.4459018514762
}