{
    "mh1": 509.57809603482355,
    "mh2": 518.0407299799936,
    "mhz": 591.0976222535469
}