{
    "mh1": 511.94517289681124,
    "mh2": 490.6463252070035,
    "mhz": 509.9048797905261
}