{
    "mh1": 522.4442311024608,
    "mh2": 528.1252093795016,
    "mhz": 518.6072014296441
}