{
    "mh1": 520.5378028781647,
    "mh2": 525.7660137230415,
    "mhz": 520.5269787705735
}