{
    "mh1": 508.0472037695646,
    "mh2": 512.8774678477215,
    "mhz": 477.8680101446295
}