{
    "mh1": 517.5212283853018,
    "mh2": 530.1100098592811,
    "mhz": 463.0151864426224
}