{
    "mh1": 507.61940344150884,
    "mh2": 508.43250327654,
    "mhz": 489.79334803548085
}