{
    "mh1": 515.7415706067056,
    "mh2": 524.7606056508446,
    "mhz": 532.5783195157373
}