{
    "mh1": 501.9144178801982,
    "mh2": 564.6126496458054,
    "mhz": 516.8818479333756
}