{
    "mh1": 518.6293688449002,
    "mh2": 549.7831054326593,
    "mhz": 432.1862609659736
}