{
    "mh1": 510.9750803802089,
    "mh2": 497.8616677928027
}