{
    "mh1": 512.4735931862631,
    "mh2": 511.83746949275934,
    "mhz": 513.028550257088
}