{
    "mh1": 512.031187581672,
    "mh2": 515.5688062056081,
    "mhz": 511.60022246213236
}