{
    "mh1": 505.30373408918217,
    "mh2": 515.8518760982669,
    "mhz": 485.36626269623514
}