{
    "mh1": 526.2242754437206,
    "mh2": 495.5446533727202,
    "mhz": 497.1267508231941
}