{
    "mh1": 524.0905013063447,
    "mh2": 529.4012216303635,
    "mhz": 521.3503651487791
}