{
    "mh1": 527.3264335664336,
    "mh2": 488.4312954545455,
    "mhz": 491.8066063052558
}