{
    "mh1": 545.7739414235743,
    "mh2": 527.4957256462997,
    "mhz": 530.0216035579408
}