{
    "mh1": 501.6123482348655,
    "mh2": 484.25600360102214
}