{
    "mh1": 511.25630696311435,
    "mh2": 512.39605201566,
    "mhz": 575.1802559661312
}