{
    "mh1": 522.7498047976022,
    "mh2": 526.506741059627,
    "mhz": 520.8009905392819
}