{
    "mh1": 511.94445463582696,
    "mh2": 493.3820314233451
}