{
    "mh1": 511.9480427623746,
    "mh2": 517.4874344293813,
    "mhz": 405.9408867863959
}