{
    "mh1": 515.30234604003,
    "mh2": 517.2467666024797,
    "mhz": 515.0464702219797
}