{
    "mh1": 511.9345411028904,
    "mh2": 491.76664669267365
}