{
    "mh1": 516.9320529789715,
    "mh2": 503.3200255218303,
    "mhz": 492.0322878633042
}