{
    "mh1": 524.8268582904435,
    "mh2": 495.7642888372456,
    "mhz": 497.3401116803576
}