{
    "mh1": 514.4003528636031,
    "mh2": 523.3675781734288,
    "mhz": 556.58687137991
}