{
    "mh1": 522.7200567642623,
    "mh2": 526.785749863245,
    "mhz": 515.4011538085118
}