{
    "mh1": 516.4914533581534,
    "mh2": 514.4928202182654,
    "mhz": 475.17802099659394
}