{
    "mh1": 522.0149010823628,
    "mh2": 512.6868061555962,
    "mhz": 513.6359034821583
}