{
    "mh1": 512.3059430185766,
    "mh2": 490.4666293255851,
    "mhz": 509.0436131891521
}