{
    "mh1": 524.1496155777924,
    "mh2": 527.9678062332837,
    "mhz": 522.8319392369496
}