{
    "mh1": 522.6923234172814,
    "mh2": 545.5304529682471,
    "mhz": 579.3445807717371
}