{
    "mh1": 515.450201575457,
    "mh2": 513.1556316292621,
    "mhz": 475.2417676664676
}