{
    "mh1": 515.3139562865911,
    "mh2": 533.2215915778231,
    "mhz": 574.1535228534094
}