{
    "mh1": 524.634436607869,
    "mh2": 526.7001978816671,
    "mhz": 519.703032023879
}