{
    "mh1": 524.5197245048178,
    "mh2": 527.8390968431623,
    "mhz": 522.4930362969188
}