{
    "mh1": 512.7365945150406,
    "mh2": 516.7013090278588,
    "mhz": 524.685321923829
}