{
    "mh1": 512.0055384043418,
    "mh2": 490.1109136801436,
    "mhz": 510.8073976337486
}