{
    "mh1": 518.7756067370169,
    "mh2": 517.5369231425899,
    "mhz": 517.430122171972
}