{
    "mh1": 526.8268575202761,
    "mh2": 491.55767253823086,
    "mhz": 494.35404031078224
}