{
    "mh1": 517.9566025993963,
    "mh2": 520.1217509671102,
    "mhz": 532.9236735821173
}