{
    "mh1": 520.4478406570727,
    "mh2": 515.9920051911164,
    "mhz": 508.96315878765404
}