{
    "mh1": 512.000560081194,
    "mh2": 492.3144592046608
}