{
    "mh1": 506.23054633663816,
    "mh2": 547.25921731471,
    "mhz": 585.3407829430269
}