{
    "mh1": 505.98738268010777,
    "mh2": 504.0329709324957,
    "mhz": 531.9475227896114
}