{
    "mh1": 521.1126822056942,
    "mh2": 516.8225006510716,
    "mhz": 512.3204197643852
}