{
    "mh1": 511.6800709991572,
    "mh2": 517.5838516935046,
    "mhz": 405.3079252159591
}