{
    "mh1": 515.9835160091656,
    "mh2": 522.1740486408127,
    "mhz": 533.5197897107173
}