{
    "mh1": 507.31119926431506,
    "mh2": 506.12919592156425,
    "mhz": 489.59553763741644
}