{
    "mh1": 507.98509395589775,
    "mh2": 509.4786630295632,
    "mhz": 481.9776467501828
}