{
    "mh1": 512.5474707429853,
    "mh2": 517.7837056523858,
    "mhz": 599.4066651155889
}