{
    "mh1": 501.6181876943503,
    "mh2": 453.4373934341458
}