{
    "mh1": 511.6264092314711,
    "mh2": 497.0575491011751
}