{
    "mh1": 501.764420738854,
    "mh2": 456.1247168111404
}