{
    "mh1": 504.1019557866536,
    "mh2": 552.4500118816063
}