{
    "mh1": 510.57678749141473,
    "mh2": 521.7641324306519,
    "mhz": 509.0582557442767
}