{
    "mh1": 512.2164649595829,
    "mh2": 518.9633729524954,
    "mhz": 482.7271292824167
}