{
    "mh1": 517.8405763808186,
    "mh2": 520.6981672097406,
    "mhz": 532.173423408208
}