{
    "mh1": 512.2517132475414,
    "mh2": 514.4218739622985,
    "mhz": 554.092351028268
}