{
    "mh1": 522.1134663930598,
    "mh2": 544.4581906859495
}