{
    "mh1": 520.0929249378514,
    "mh2": 552.7729573163808,
    "mhz": 582.4359870235821
}