{
    "mh1": 512.580147103738,
    "mh2": 528.1116273303977,
    "mhz": 536.2006690405269
}