{
    "mh1": 526.4646771547216,
    "mh2": 494.3628861290887,
    "mhz": 496.1146092611672
}