{
    "mh1": 514.7338467892434,
    "mh2": 519.1983555933726,
    "mhz": 598.1576674444402
}