{
    "mh1": 527.6864495240238,
    "mh2": 488.3006240168349,
    "mhz": 491.53668445989024
}