{
    "mh1": 511.99510016180864,
    "mh2": 492.4118290540754
}