{
    "mh1": 516.834416625069,
    "mh2": 532.4532549125385,
    "mhz": 461.08520271264337
}