{
    "mh1": 507.82602328436866,
    "mh2": 508.11859090403965,
    "mhz": 500.82421153187835
}