{
    "mh1": 517.0603615849197,
    "mh2": 539.2754068375608,
    "mhz": 571.1130892606088
}