{
    "mh1": 508.11741172195474,
    "mh2": 518.8761801270449,
    "mhz": 488.8630817610063
}