{
    "mh1": 524.3732139381644,
    "mh2": 526.0159419832445,
    "mhz": 520.4153815671581
}