{
    "mh1": 513.1210127414025,
    "mh2": 523.6108257419307,
    "mhz": 541.4407360947076
}