{
    "mh1": 525.3918094443666,
    "mh2": 495.85278859941644,
    "mhz": 497.46877445263016
}