{
    "mh1": 514.6902377442856,
    "mh2": 495.15210690947816
}