{
    "mh1": 527.4047639237959,
    "mh2": 534.7668534663183,
    "mhz": 488.97803867228873
}