{
    "mh1": 511.7162870468407,
    "mh2": 512.6451107243216,
    "mhz": 448.7443863609362
}