{
    "mh1": 526.8805394612867,
    "mh2": 492.97600846382926,
    "mhz": 495.2327199281867
}