{
    "mh1": 515.3783619415115,
    "mh2": 513.5256494051198,
    "mhz": 476.41378575148457
}