{
    "mh1": 511.9504892178668,
    "mh2": 490.3052335396736
}