{
    "mh1": 525.0625504347232,
    "mh2": 495.1181218415391,
    "mhz": 497.0275677246343
}