{
    "mh1": 525.7583349083686,
    "mh2": 553.9383147507895
}