{
    "mh1": 526.4192676682785,
    "mh2": 496.1700351315308,
    "mhz": 497.48595102993767
}