{
    "mh1": 515.1357111196269,
    "mh2": 536.1143366770274,
    "mhz": 573.7960103766937
}