{
    "mh1": 515.9945854495878,
    "mh2": 512.3467684825281,
    "mhz": 475.5838813814344
}