{
    "mh1": 512.4884797462134,
    "mh2": 518.4235515908061,
    "mhz": 590.7745207424689
}