{
    "mh1": 515.2893852219418,
    "mh2": 543.3682563848411
}