{
    "mh1": 515.6552852102323,
    "mh2": 520.6201547538412,
    "mhz": 547.0168907152695
}