{
    "mh1": 512.0639283227366,
    "mh2": 503.8328327084999,
    "mhz": 491.61664823937747
}