{
    "mh1": 515.6923706649088,
    "mh2": 522.7365981162669,
    "mhz": 515.2844147678466
}