{
    "mh1": 511.92449580901035,
    "mh2": 493.7899922004215
}