{
    "mh1": 522.0246481960073,
    "mh2": 563.6602221134979,
    "mhz": 515.5923770118167
}