{
    "mh1": 521.9893702377144,
    "mh2": 542.3671701959166
}