{
    "mh1": 528.0872013392178,
    "mh2": 524.8496438542111,
    "mhz": 526.0456779714384
}