{
    "mh1": 506.0873374962764,
    "mh2": 518.7873897436282,
    "mhz": 491.45751718478635
}