{
    "mh1": 507.18847229818397,
    "mh2": 506.07118356791517,
    "mhz": 489.96919601045613
}