{
    "mh1": 515.502481318009,
    "mh2": 512.4293802593353,
    "mhz": 485.0516242597137
}