{
    "mh1": 525.7959442511172,
    "mh2": 495.7353371877147,
    "mhz": 511.60441618088674
}