{
    "mh1": 512.0436891316947,
    "mh2": 516.9603771118013,
    "mhz": 515.1800433226264
}