{
    "mh1": 522.0214099189328,
    "mh2": 520.1914532662192,
    "mhz": 565.7018584710852
}