{
    "mh1": 518.3813430222378,
    "mh2": 525.9022388530125,
    "mhz": 520.2719690841152
}