{
    "mh1": 510.7913073045412,
    "mh2": 500.3420395033921,
    "mhz": 509.3927677679929
}