{
    "mh1": 514.4949292400514,
    "mh2": 493.60478346973684
}