{
    "mh1": 523.8881404459441,
    "mh2": 554.3866131162642
}