{
    "mh1": 516.5137748733775,
    "mh2": 513.5609076377054,
    "mhz": 548.3318281205438
}