{
    "mh1": 508.67796026854734,
    "mh2": 511.82081394138027,
    "mhz": 478.79803955482294
}