{
    "mh1": 525.158316321537,
    "mh2": 524.8799644147396,
    "mhz": 519.6860333828541
}