{
    "mh1": 519.919977770632,
    "mh2": 551.4144647898177
}