{
    "mh1": 511.90898587461334,
    "mh2": 491.4713271436374
}