{
    "mh1": 526.2493119025107,
    "mh2": 493.77216933977377,
    "mhz": 527.9741317277205
}