{
    "mh1": 516.7263843192404,
    "mh2": 522.8236938307883,
    "mhz": 518.6443123240995
}