{
    "mh1": 514.0039447525008,
    "mh2": 518.8120273299174,
    "mhz": 596.7839518681826
}