{
    "mh1": 512.8487138868711,
    "mh2": 494.8398641670605
}