{
    "mh1": 508.4020730765602,
    "mh2": 527.2330227528046,
    "mhz": 467.71858894397917
}