{
    "mh1": 521.4187798706776,
    "mh2": 565.5462684993145
}