{
    "mh1": 516.8493995864349,
    "mh2": 524.1180036718317,
    "mhz": 495.6772840477127
}