{
    "mh1": 503.7344138673281,
    "mh2": 538.2275376755474
}