{
    "mh1": 505.8399916559152,
    "mh2": 503.57404148202164,
    "mhz": 490.57232884108373
}