{
    "mh1": 513.9194770309123,
    "mh2": 518.5385997382002,
    "mhz": 596.0867412737967
}