{
    "mh1": 512.4349161512532,
    "mh2": 516.3974752530697,
    "mhz": 514.2845011804775
}