{
    "mh1": 514.4406225656078,
    "mh2": 507.47095680874475,
    "mhz": 516.855054255725
}