{
    "mh1": 514.8217054557736,
    "mh2": 528.3480903980101,
    "mhz": 519.8880911497121
}