{
    "mh1": 515.7094910649264,
    "mh2": 502.58723425858494,
    "mhz": 499.7319158098913
}