{
    "mh1": 529.8494325076234,
    "mh2": 536.3605045829611,
    "mhz": 490.18863023648026
}