{
    "mh1": 516.4089122144908,
    "mh2": 514.1482188382694,
    "mhz": 476.35434013444984
}