{
    "mh1": 514.4345627975232,
    "mh2": 511.25798704320124,
    "mhz": 541.1554079326247
}