{
    "mh1": 511.48426803488684,
    "mh2": 513.673736251236,
    "mhz": 445.6838933432258
}