{
    "mh1": 521.3899463999635,
    "mh2": 542.3925418593329
}