{
    "mh1": 519.7106422697384,
    "mh2": 516.3100462957054,
    "mhz": 516.1418480137223
}