{
    "mh1": 525.6699695508976,
    "mh2": 494.4076488437611,
    "mhz": 496.3745279004901
}