{
    "mh1": 516.103785047063,
    "mh2": 525.4992182963327,
    "mhz": 549.9991781047095
}