{
    "mh1": 523.8716755582257,
    "mh2": 527.2058730949584,
    "mhz": 520.5400300022663
}