{
    "mh1": 522.2451044304139,
    "mh2": 521.8203724479965,
    "mhz": 517.1045428434054
}