{
    "mh1": 523.2774668977178,
    "mh2": 526.7238067955142,
    "mhz": 520.970732556055
}