{
    "mh1": 505.92943749868965,
    "mh2": 503.56639912504454,
    "mhz": 488.7773825414241
}