{
    "mh1": 501.1417277769097,
    "mh2": 471.8922961053918
}