{
    "mh1": 522.855413503166,
    "mh2": 531.2331888492861,
    "mhz": 522.8165106296566
}