{
    "mh1": 526.609692440638,
    "mh2": 525.0344154412923,
    "mhz": 521.6727722131454
}