{
    "mh1": 507.501740214358,
    "mh2": 531.2579831932773,
    "mhz": 454.56778266410834
}