{
    "mh1": 514.8197893784118,
    "mh2": 512.0164583525809,
    "mhz": 475.88818141365994
}