{
    "mh1": 515.5566102552658,
    "mh2": 514.3705518734317,
    "mhz": 547.6417518889475
}