{
    "mh1": 531.5091706788573,
    "mh2": 533.939196207182,
    "mhz": 532.6424310142933
}