{
    "mh1": 511.78883348964047,
    "mh2": 494.90412758967835
}