{
    "mh1": 528.0666016402159,
    "mh2": 486.8206963334654,
    "mhz": 490.1206547459752
}