{
    "mh1": 512.6640992688256,
    "mh2": 528.8612773332867,
    "mhz": 571.7457556790825
}