{
    "mh1": 514.952743233624,
    "mh2": 507.8594631791272,
    "mhz": 507.09088327386587
}