{
    "mh1": 520.7996460015861,
    "mh2": 549.5645515678973,
    "mhz": 573.9061977517154
}