{
    "mh1": 506.1394505640438,
    "mh2": 504.0511564763725,
    "mhz": 492.51214479403995
}