{
    "mh1": 525.0168616973875,
    "mh2": 495.4634300192207,
    "mhz": 497.1420346529117
}