{
    "mh1": 514.7420890353008,
    "mh2": 493.9757532341107
}