{
    "mh1": 512.292735893888,
    "mh2": 518.9258513182745,
    "mhz": 418.44830532163945
}