{
    "mh1": 514.4565281213138,
    "mh2": 513.0129036794824,
    "mhz": 548.2123175692543
}