{
    "mh1": 526.532263081375,
    "mh2": 496.92562698335036,
    "mhz": 497.79918708847663
}