{
    "mh1": 527.0171291003584,
    "mh2": 484.60178566105753,
    "mhz": 488.6797522798564
}