{
    "mh1": 512.2121161683235,
    "mh2": 512.5493619832046,
    "mhz": 505.9866038816685
}