{
    "mh1": 518.2983299365842,
    "mh2": 513.636212922703,
    "mhz": 515.4985501993476
}