{
    "mh1": 526.9378213680325,
    "mh2": 509.71554376732917,
    "mhz": 530.1254251023607
}