{
    "mh1": 511.9806732143294,
    "mh2": 492.73060152057246
}