{
    "mh1": 507.1414130993555,
    "mh2": 505.66569113366376,
    "mhz": 490.20270806562996
}