{
    "mh1": 507.32175258543066,
    "mh2": 512.5709108011428,
    "mhz": 536.1466194136972
}