{
    "mh1": 518.624019026217,
    "mh2": 549.5429901495652,
    "mhz": 431.5009270148375
}