{
    "mh1": 510.4938121887807,
    "mh2": 501.82380915449266,
    "mhz": 513.1992931391464
}