{
    "mh1": 526.0670463216273,
    "mh2": 525.8046862205017,
    "mhz": 521.7001084992305
}