{
    "mh1": 518.1710279705542,
    "mh2": 549.2192264411551,
    "mhz": 593.4313532148072
}