{
    "mh1": 527.5231542524001,
    "mh2": 492.50043206896,
    "mhz": 494.76678824248404
}