{
    "mh1": 511.9282351767363,
    "mh2": 495.5389919907118
}