{
    "mh1": 513.2809009086449,
    "mh2": 531.7951935818917,
    "mhz": 521.0879589833957
}