{
    "mh1": 547.7923347528917,
    "mh2": 511.1683629374508,
    "mhz": 521.5015534989661
}