{
    "mh1": 524.8588105784604,
    "mh2": 526.3069273713731,
    "mhz": 521.1915459831976
}