{
    "mh1": 511.26165642885593,
    "mh2": 500.23021043528394,
    "mhz": 509.35331104076255
}