{
    "mh1": 520.4953184322208,
    "mh2": 554.1252812954266,
    "mhz": 486.83885057752417
}