{
    "mh1": 527.0339882163,
    "mh2": 494.79503980318566,
    "mhz": 495.90336265867575
}