{
    "mh1": 516.3399580644418,
    "mh2": 517.2536888841624,
    "mhz": 516.0178589785855
}