{
    "mh1": 527.5313024755394,
    "mh2": 488.97236008388626,
    "mhz": 491.6915253478318
}