{
    "mh1": 514.023396121647,
    "mh2": 537.7024909144625,
    "mhz": 581.5583333481635
}