{
    "mh1": 515.8080227898683,
    "mh2": 508.54228432473707,
    "mhz": 533.6986860956708
}