{
    "mh1": 521.4677291213966,
    "mh2": 533.1152801894239
}