{
    "mh1": 518.7219718093321,
    "mh2": 545.1054756634269,
    "mhz": 577.0600306433889
}