{
    "mh1": 505.6630404385033,
    "mh2": 503.0392849152637,
    "mhz": 490.4719695592595
}