{
    "mh1": 514.989312279141,
    "mh2": 524.9558268304436,
    "mhz": 514.7141866166792
}