{
    "mh1": 523.6262946660904,
    "mh2": 514.094028191874,
    "mhz": 527.0917541086562
}