{
    "mh1": 516.3245938903042,
    "mh2": 543.1895319892645,
    "mhz": 576.2655239044095
}