{
    "mh1": 523.5474907737213,
    "mh2": 527.1163787713689,
    "mhz": 520.0687416712218
}