{
    "mh1": 512.0026383415468,
    "mh2": 504.8827116121008
}