{
    "mh1": 517.8134676356569,
    "mh2": 518.7125161457213,
    "mhz": 515.5399809485524
}