{
    "mh1": 515.8243975503701,
    "mh2": 517.3259286151421,
    "mhz": 490.78987461517397
}