{
    "mh1": 517.0075392165087,
    "mh2": 518.6737712223553,
    "mhz": 490.5726588782189
}