{
    "mh1": 526.5130460786124,
    "mh2": 494.93894782763186,
    "mhz": 496.62233081608997
}