{
    "mh1": 522.425919629274,
    "mh2": 526.2853785283008,
    "mhz": 519.8414425751407
}