{
    "mh1": 505.5739650142205,
    "mh2": 535.9718402439066
}