{
    "mh1": 512.0646419717714,
    "mh2": 514.8671119271696,
    "mhz": 512.9008681007479
}