{
    "mh1": 522.2974605622386,
    "mh2": 551.3114607654411
}