{
    "mh1": 515.329562304355,
    "mh2": 512.3160790135988,
    "mhz": 547.8111945188255
}