{
    "mh1": 527.8319980573569,
    "mh2": 532.6828402470236,
    "mhz": 493.4338942307692
}