{
    "mh1": 597.7533344922035,
    "mh2": 602.9393395566037,
    "mhz": 626.364760712331
}