{
    "mh1": 527.3943947738849,
    "mh2": 489.03162411913894,
    "mhz": 492.255817422958
}