{
    "mh1": 525.8604708356654,
    "mh2": 495.6986528774233,
    "mhz": 497.44112222052615
}