{
    "mh1": 508.5536943335743,
    "mh2": 512.5431833559489,
    "mhz": 477.1018274252438
}