{
    "mh1": 509.17079231745197,
    "mh2": 507.9896504715388,
    "mhz": 487.0404338611931
}