{
    "mh1": 529.4851698173886,
    "mh2": 530.4953387164429,
    "mhz": 523.7272690740599
}