{
    "mh1": 511.96913752995295,
    "mh2": 492.3319113210022
}