{
    "mh1": 525.6626515294595,
    "mh2": 495.5713336387833,
    "mhz": 497.0854773046818
}