{
    "mh1": 528.0255458312827,
    "mh2": 486.15632478236216,
    "mhz": 534.0382385720272
}