{
    "mh1": 529.8752920049056,
    "mh2": 490.2274637772412,
    "mhz": 531.9758175493414
}