{
    "mh1": 512.9614004696869,
    "mh2": 532.4701813623833,
    "mhz": 515.3252189527238
}