{
    "mh1": 512.7503628038346,
    "mh2": 518.4785471542409,
    "mhz": 434.48363487501166
}