{
    "mh1": 518.2611947742844,
    "mh2": 546.3401476384
}