{
    "mh1": 521.9933083934875,
    "mh2": 526.4712231849721,
    "mhz": 520.9026733576311
}