{
    "mh1": 511.6251960767112,
    "mh2": 518.5606587521888,
    "mhz": 423.3455954858248
}