{
    "mh1": 507.5746099912358,
    "mh2": 521.1996610003121,
    "mhz": 487.22841963376436
}