{
    "mh1": 531.3809176717357,
    "mh2": 555.3634784219753,
    "mhz": 580.4055931711648
}