{
    "mh1": 501.27083402764015,
    "mh2": 506.12050158125436
}