{
    "mh1": 513.8187182024361,
    "mh2": 517.4022468215503,
    "mhz": 434.56472246067557
}