{
    "mh1": 527.5623008617296,
    "mh2": 533.6513902886257,
    "mhz": 531.0647466405376
}