{
    "mh1": 531.1040455712476,
    "mh2": 475.99323347137437,
    "mhz": 482.83934092955263
}