{
    "mh1": 524.0207738780759,
    "mh2": 518.4200208310033,
    "mhz": 553.1284833021687
}