{
    "mh1": 525.8590210850741,
    "mh2": 552.6316041436257
}