{
    "mh1": 523.12770319505,
    "mh2": 525.2501137995646,
    "mhz": 517.5246259137127
}