{
    "mh1": 516.2460989086052,
    "mh2": 522.968626074417,
    "mhz": 563.9460333783641
}