{
    "mh1": 508.9389780350992,
    "mh2": 507.7764639688007,
    "mhz": 483.11048403203256
}