{
    "mh1": 512.1793610546748,
    "mh2": 517.1212521590355,
    "mhz": 591.8444871365008
}