{
    "mh1": 522.9575251119619,
    "mh2": 556.5849584490968
}