{
    "mh1": 511.9947410027353,
    "mh2": 490.5823094637651,
    "mhz": 509.1879656553923
}