{
    "mh1": 528.4049799556435,
    "mh2": 496.15356670607906,
    "mhz": 496.27712809498155
}