{
    "mh1": 515.9166551650037,
    "mh2": 517.7886901694134,
    "mhz": 455.33262636727176
}