{
    "mh1": 521.438630154238,
    "mh2": 520.6633882266514,
    "mhz": 512.41700570565
}