{
    "mh1": 514.5557528464947,
    "mh2": 528.1325151410705
}