{
    "mh1": 511.43106810038347,
    "mh2": 538.1161285357745
}