{
    "mh1": 515.9072352225362,
    "mh2": 536.7022767963297,
    "mhz": 574.3328711822269
}