{
    "mh1": 512.9765162815668,
    "mh2": 520.1514530440652,
    "mhz": 562.7459017396733
}