{
    "mh1": 508.59600188804586,
    "mh2": 505.7352103073319,
    "mhz": 489.7563629879427
}