{
    "mh1": 521.7873286686818,
    "mh2": 534.3478013622826
}