{
    "mh1": 521.4418182669992,
    "mh2": 513.5665923088288,
    "mhz": 506.31240123322203
}