{
    "mh1": 528.1411748975534,
    "mh2": 489.31205556225143,
    "mhz": 492.04251733028
}