{
    "mh1": 528.2432497121682,
    "mh2": 492.9598555512655,
    "mhz": 494.21751344816323
}