{
    "mh1": 521.5449862841368,
    "mh2": 542.9122549533494,
    "mhz": 572.1428601381007
}