{
    "mh1": 516.2184862186263,
    "mh2": 523.2548626421698,
    "mhz": 520.202698872087
}