{
    "mh1": 528.2002589951068,
    "mh2": 536.8543757106276,
    "mhz": 490.6181347988977
}