{
    "mh1": 519.4012764839783,
    "mh2": 553.1231916540303,
    "mhz": 435.9944616332841
}