{
    "mh1": 515.5179953461377,
    "mh2": 521.7972542847766,
    "mhz": 553.6791072662409
}