{
    "mh1": 519.7992909953502,
    "mh2": 545.0144424536908,
    "mhz": 436.2885000808587
}