{
    "mh1": 512.0122885416138,
    "mh2": 517.7881296261914,
    "mhz": 421.3201340248258
}