{
    "mh1": 517.5711095891368,
    "mh2": 519.1532298080216,
    "mhz": 532.3691120149838
}