{
    "mh1": 506.9005970201516,
    "mh2": 518.798158519953,
    "mhz": 490.69146838944624
}