{
    "mh1": 519.7042768071702,
    "mh2": 525.2855765620402,
    "mhz": 519.4155031773963
}