{
    "mh1": 522.5527540401049,
    "mh2": 547.6167069150905
}