{
    "mh1": 544.5778203376298,
    "mh2": 513.2783529266942,
    "mhz": 519.608485372897
}