{
    "mh1": 515.1380740923155,
    "mh2": 531.3081239447811,
    "mhz": 514.4131699190011
}