{
    "mh1": 524.4857822393498,
    "mh2": 525.4870853422703,
    "mhz": 520.9860625958153
}