{
    "mh1": 514.1938231081717,
    "mh2": 534.1558449510421
}