{
    "mh1": 511.93759319493483,
    "mh2": 490.6190987580399
}