{
    "mh1": 507.7958643551494,
    "mh2": 506.10280819254746,
    "mhz": 488.7322869633771
}