{
    "mh1": 505.85937900408965,
    "mh2": 503.41157565864535,
    "mhz": 491.89780948870515
}