{
    "mh1": 519.7297511882275,
    "mh2": 523.231668896309,
    "mhz": 530.083188920712
}