{
    "mh1": 507.7505193793701,
    "mh2": 510.88604943003713,
    "mhz": 481.76644642997786
}