{
    "mh1": 512.1801327019554,
    "mh2": 513.4678895533568,
    "mhz": 443.2575895831905
}