{
    "mh1": 536.9649091236279,
    "mh2": 514.0768464656363,
    "mhz": 519.0058279377546
}