{
    "mh1": 523.9710541776826,
    "mh2": 528.7498583658568,
    "mhz": 521.918408242058
}