{
    "mh1": 513.53892796465,
    "mh2": 526.4310033508539,
    "mhz": 514.33167033017
}