{
    "mh1": 521.6496530676983,
    "mh2": 525.0595778504575,
    "mhz": 520.1259550543363
}