{
    "mh1": 524.0980028528104,
    "mh2": 559.2554935365924
}