{
    "mh1": 528.6599952384454,
    "mh2": 489.346694330637,
    "mhz": 532.3540057289733
}