{
    "mh1": 527.9828127238609,
    "mh2": 487.97462710297845,
    "mhz": 491.31650417583955
}