{
    "mh1": 522.986597385171,
    "mh2": 528.5674552284441,
    "mhz": 520.0241285504874
}