{
    "mh1": 522.90914630943,
    "mh2": 527.9588616738669,
    "mhz": 520.1611327184437
}