{
    "mh1": 522.7474415184572,
    "mh2": 569.4766990647349
}