{
    "mh1": 514.5399026606441,
    "mh2": 518.4673683769033,
    "mhz": 592.9257278627522
}