{
    "mh1": 526.7279823650026,
    "mh2": 567.619890306632,
    "mhz": 519.6790467744536
}