{
    "mh1": 501.2746541968899,
    "mh2": 455.91646604794863
}