{
    "mh1": 527.3750626918984,
    "mh2": 487.8299690512847,
    "mhz": 491.5125811936538
}