{
    "mh1": 514.9613024862261,
    "mh2": 508.2563789757199,
    "mhz": 533.0342733790153
}