{
    "mh1": 506.75154842170184,
    "mh2": 504.58490737456736,
    "mhz": 491.96527173552215
}