{
    "mh1": 523.5603541406742,
    "mh2": 567.3058606126524
}