{
    "mh1": 512.6582265306729,
    "mh2": 523.0497600113023,
    "mhz": 559.9019237490426
}