{
    "mh1": 527.2127189226785,
    "mh2": 523.4316582844322,
    "mhz": 492.5885710191578
}