{
    "mh1": 524.5722998160595,
    "mh2": 527.3686230489069,
    "mhz": 520.828055524957
}