{
    "mh1": 527.0428639511088,
    "mh2": 494.136826834123,
    "mhz": 495.63756209098796
}