{
    "mh1": 509.37505957011757,
    "mh2": 511.43167025107124,
    "mhz": 475.37506593484926
}