{
    "mh1": 524.1755722861287,
    "mh2": 525.1150334611463,
    "mhz": 519.5544405869323
}