{
    "mh1": 518.351035359403,
    "mh2": 519.8430841903262,
    "mhz": 492.20885603610645
}