{
    "mh1": 498.8573435959816,
    "mh2": 575.5144242784365
}