{
    "mh1": 516.0780322576097,
    "mh2": 519.9556194299591,
    "mhz": 489.57519262084185
}