{
    "mh1": 507.5097164769256,
    "mh2": 518.144343798449,
    "mhz": 512.7017651055851
}