{
    "mh1": 525.3510934930888,
    "mh2": 494.33978742557525,
    "mhz": 498.9968852654631
}