{
    "mh1": 512.0121939276933,
    "mh2": 512.1905384821208,
    "mhz": 553.1870718684108
}