{
    "mh1": 512.3835129834032,
    "mh2": 515.8114359038011,
    "mhz": 583.3583562917797
}