{
    "mh1": 506.07250433324407,
    "mh2": 503.9373793385285,
    "mhz": 492.46750771528826
}