{
    "mh1": 525.0495158350221,
    "mh2": 528.7575057250032,
    "mhz": 526.8749736579609
}