{
    "mh1": 507.33357332336095,
    "mh2": 506.14472162130994,
    "mhz": 489.0400429836977
}