{
    "mh1": 527.7917865065535,
    "mh2": 497.9316370303501,
    "mhz": 497.90526000881744
}