{
    "mh1": 524.4659686687359,
    "mh2": 496.42822540055363,
    "mhz": 497.54722853792424
}