{
    "mh1": 503.40472642074786,
    "mh2": 563.435106018554
}