{
    "mh1": 516.1761880468755,
    "mh2": 512.274168833752,
    "mhz": 537.5237249802937
}