{
    "mh1": 514.6697796225867,
    "mh2": 495.8485284931931
}