{
    "mh1": 511.99371420784695,
    "mh2": 511.80151258125886
}