{
    "mh1": 514.4842461034896,
    "mh2": 529.1398128089326,
    "mhz": 534.8679643121272
}