{
    "mh1": 506.1228134377516,
    "mh2": 519.9993467759643,
    "mhz": 531.6736276805973
}