{
    "mh1": 522.7649541960858,
    "mh2": 525.3713194439591,
    "mhz": 520.0822739249247
}