{
    "mh1": 512.9656623988051,
    "mh2": 516.2551015054426,
    "mhz": 583.482351192298
}