{
    "mh1": 503.7301000263917,
    "mh2": 556.7230472233074
}