{
    "mh1": 520.6134611842385,
    "mh2": 554.4651889766569,
    "mhz": 584.9173224093074
}