{
    "mh1": 527.9350905824671,
    "mh2": 488.08956618021335,
    "mhz": 491.27704350259756
}