{
    "mh1": 512.2575883619484,
    "mh2": 516.7823219965745,
    "mhz": 595.3395042957309
}