{
    "mh1": 516.9551218310451,
    "mh2": 530.7717936175834,
    "mhz": 461.51473399896815
}