{
    "mh1": 511.82984556721357,
    "mh2": 519.0065109455314,
    "mhz": 420.5389297982079
}