{
    "mh1": 504.7059124675557,
    "mh2": 500.2261480683238,
    "mhz": 518.3240818971381
}