{
    "mh1": 520.7977507720523,
    "mh2": 512.9522519635908,
    "mhz": 513.8538784871391
}