{
    "mh1": 510.1990355099732,
    "mh2": 503.88147349140837,
    "mhz": 509.3365535476641
}