{
    "mh1": 515.5210424626036,
    "mh2": 512.9455245162408,
    "mhz": 539.3851547228138
}