{
    "mh1": 518.7824063495882,
    "mh2": 521.1552634693186,
    "mhz": 530.2858634035105
}