{
    "mh1": 512.0924501140798,
    "mh2": 494.5521816758793
}