{
    "mh1": 521.2170403715766,
    "mh2": 518.931053233143,
    "mhz": 520.6125633757478
}