{
    "mh1": 516.2937426879109,
    "mh2": 518.1490967595264,
    "mhz": 489.30701849494255
}