{
    "mh1": 525.8747277611074,
    "mh2": 495.73796401606813,
    "mhz": 497.13170312651243
}