{
    "mh1": 508.3112751104545,
    "mh2": 511.91927705570873,
    "mhz": 477.39651831429694
}