{
    "mh1": 512.0590983178406,
    "mh2": 518.265532656794,
    "mhz": 606.671533688315
}