{
    "mh1": 516.7806152283908,
    "mh2": 524.3677111673687,
    "mhz": 552.6450664673143
}