{
    "mh1": 512.2145995120263,
    "mh2": 507.21422661905257,
    "mhz": 511.8187801690521
}