{
    "mh1": 518.2629920159332,
    "mh2": 545.1039288447225,
    "mhz": 579.5176557324351
}