{
    "mh1": 507.8995224761326,
    "mh2": 509.0603137426262,
    "mhz": 482.05148534233837
}