{
    "mh1": 510.4504511942551,
    "mh2": 501.73881668051496,
    "mhz": 513.4874474744688
}