{
    "mh1": 526.3238472962348,
    "mh2": 533.1281950933151,
    "mhz": 530.8891327175107
}