{
    "mh1": 524.3207934264746,
    "mh2": 526.3432980963642,
    "mhz": 520.277270461482
}