{
    "mh1": 526.2884432111223,
    "mh2": 493.75508745375043,
    "mhz": 495.8619415012894
}