{
    "mh1": 511.99027206607974,
    "mh2": 493.6445684124024
}