{
    "mh1": 524.2890575928138,
    "mh2": 530.7782303498569,
    "mhz": 523.5102581419518
}