{
    "mh1": 512.7405098552651,
    "mh2": 524.0484788321633,
    "mhz": 563.4895945029214
}