{
    "mh1": 524.3984840039732,
    "mh2": 548.3777139396408
}