{
    "mh1": 512.9667760755644,
    "mh2": 512.4383250717453
}