{
    "mh1": 527.445978784344,
    "mh2": 489.3493241943539,
    "mhz": 492.5302925755792
}