{
    "mh1": 516.0412467870817,
    "mh2": 522.2554908912934,
    "mhz": 532.7057288791739
}