{
    "mh1": 526.0919671704196,
    "mh2": 494.50950521497816,
    "mhz": 496.6601022756868
}