{
    "mh1": 509.150395838803,
    "mh2": 519.5960215188289,
    "mhz": 569.0700335288449
}