{
    "mh1": 518.3170123071166,
    "mh2": 521.7028595212684,
    "mhz": 518.0949079731174
}