{
    "mh1": 511.48405579026564,
    "mh2": 490.9816287234453
}