{
    "mh1": 524.1109861694887,
    "mh2": 525.8016577638607,
    "mhz": 519.6352468147139
}