{
    "mh1": 512.1175852002955,
    "mh2": 515.7265004158908,
    "mhz": 426.6953121702798
}