{
    "mh1": 511.2068911720006,
    "mh2": 517.2514476946394,
    "mhz": 588.7365668451446
}