{
    "mh1": 546.2375656922571,
    "mh2": 500.6840550783357,
    "mhz": 528.1418054418374
}