{
    "mh1": 512.1282116689495,
    "mh2": 512.7162362427595
}