{
    "mh1": 511.9659505507818,
    "mh2": 508.2825589235048
}