{
    "mh1": 511.9822742170748,
    "mh2": 492.3056860972116
}