{
    "mh1": 527.8889484941043,
    "mh2": 488.327845964591,
    "mhz": 491.4028943671324
}