{
    "mh1": 508.88636519422175,
    "mh2": 508.20389023539315,
    "mhz": 482.92445189661174
}