{
    "mh1": 520.0314770320609,
    "mh2": 553.8417959964585,
    "mhz": 586.4714921632894
}