{
    "mh1": 512.8519806209608,
    "mh2": 513.8981131086534,
    "mhz": 512.5127278699294
}