{
    "mh1": 518.3132853552661,
    "mh2": 502.8036599201128,
    "mhz": 530.7515495654127
}