{
    "mh1": 556.3512664823088,
    "mh2": 533.355257999706
}