{
    "mh1": 518.359703806897,
    "mh2": 544.362096877226,
    "mhz": 461.82643903463486
}