{
    "mh1": 518.4074217463826,
    "mh2": 521.4970466012849,
    "mhz": 530.575311487451
}