{
    "mh1": 513.5839070186452,
    "mh2": 514.6340040719616,
    "mhz": 559.0024964893119
}