{
    "mh1": 515.6277022694433,
    "mh2": 512.0260385362649,
    "mhz": 476.79984240247126
}