{
    "mh1": 508.5349709547645,
    "mh2": 511.97726200104916,
    "mhz": 478.11917749335487
}