{
    "mh1": 507.085651547799,
    "mh2": 544.423962278956
}