{
    "mh1": 526.3155274369165,
    "mh2": 564.1746057507642
}