{
    "mh1": 512.0479619340804,
    "mh2": 514.6724861979413,
    "mhz": 587.576571321138
}