{
    "mh1": 521.4021086342581,
    "mh2": 526.4646984931226,
    "mhz": 519.8322103205054
}