{
    "mh1": 508.19792194135636,
    "mh2": 512.4946390039152,
    "mhz": 477.25731722593815
}