{
    "mh1": 524.3444483624589,
    "mh2": 558.4856981699675
}