{
    "mh1": 526.0289762709727,
    "mh2": 495.33269311240167,
    "mhz": 497.0477176788625
}