{
    "mh1": 507.2729580137861,
    "mh2": 505.87152916191894,
    "mhz": 489.70163332980565
}