{
    "mh1": 526.7545059151618,
    "mh2": 497.11714457154756,
    "mhz": 497.8248904843879
}