{
    "mh1": 521.003822269732,
    "mh2": 514.4525163729066,
    "mhz": 516.177420715991
}