{
    "mh1": 506.71304212080923,
    "mh2": 502.46905914544305,
    "mhz": 488.15055059163603
}