{
    "mh1": 524.6728084780808,
    "mh2": 524.920043140427,
    "mhz": 519.4459220975672
}