{
    "mh1": 523.1023244241321,
    "mh2": 525.9579558579724,
    "mhz": 521.5119992666606
}