{
    "mh1": 511.9057556725904,
    "mh2": 490.06866439481416,
    "mhz": 510.1068816089882
}