{
    "mh1": 524.2409730167268,
    "mh2": 494.52530485668234,
    "mhz": 527.6451355745712
}