{
    "mh1": 527.39085738479,
    "mh2": 496.81977928158045,
    "mhz": 526.4266769538145
}