{
    "mh1": 511.98942415670444,
    "mh2": 494.199716774283
}