{
    "mh1": 562.3042528413646,
    "mh2": 528.0866903014135
}