{
    "mh1": 520.7242962293844,
    "mh2": 516.827546480076,
    "mhz": 509.20468772053636
}