{
    "mh1": 527.1515104265923,
    "mh2": 483.490124345827,
    "mhz": 487.63403354063576
}