{
    "mh1": 525.235123719883,
    "mh2": 522.3897073348962,
    "mhz": 531.9959263207563
}