{
    "mh1": 527.1750502842305,
    "mh2": 490.3606705484335,
    "mhz": 493.13698081950486
}