{
    "mh1": 525.2862138510374,
    "mh2": 495.96466577343165,
    "mhz": 497.5745021150028
}