{
    "mh1": 531.5653074735861,
    "mh2": 531.9428258768171,
    "mhz": 531.4863722250188
}