{
    "mh1": 511.5039597019708,
    "mh2": 511.99152530493484
}