{
    "mh1": 508.0638047273375,
    "mh2": 513.3863061671353,
    "mhz": 480.8814814555927
}