{
    "mh1": 525.7067727550931,
    "mh2": 495.48941501937577,
    "mhz": 497.2031827084499
}