{
    "mh1": 517.495727573002,
    "mh2": 519.4999694165228,
    "mhz": 516.4602255771495
}