{
    "mh1": 511.3626529916919,
    "mh2": 521.1204788121601,
    "mhz": 481.95174748935995
}