{
    "mh1": 509.69679929769615,
    "mh2": 519.2942626960255,
    "mhz": 568.0202086751483
}