{
    "mh1": 523.9038094720015,
    "mh2": 513.8505530101899,
    "mhz": 516.0421486327139
}