{
    "mh1": 522.0029806833505,
    "mh2": 521.6382607964665,
    "mhz": 523.2100823265075
}