{
    "mh1": 511.04886705976025,
    "mh2": 496.5028294392269
}