{
    "mh1": 499.99524602393933,
    "mh2": 452.7121047730366
}