{
    "mh1": 517.031861407339,
    "mh2": 519.29510164305,
    "mhz": 511.57323794614354
}