{
    "mh1": 500.09689173955974,
    "mh2": 450.66926779310296
}