{
    "mh1": 516.4201964754616,
    "mh2": 539.1609575938211,
    "mhz": 447.2612395570914
}