{
    "mh1": 511.3317881458277,
    "mh2": 516.5511703259249,
    "mhz": 584.3783311321383
}