{
    "mh1": 507.16900654131354,
    "mh2": 505.85487513564556,
    "mhz": 489.25673090473504
}