{
    "mh1": 512.2713968957871,
    "mh2": 517.2528045763705,
    "mhz": 514.3345604211636
}