{
    "mh1": 514.6140954176412,
    "mh2": 493.4428098679795
}