{
    "mh1": 519.3963929440708,
    "mh2": 542.170349774184,
    "mhz": 576.663199888018
}