{
    "mh1": 500.0612026620187,
    "mh2": 571.145706662259
}