{
    "mh1": 520.2608415294227,
    "mh2": 550.4593906494763,
    "mhz": 439.40965679411676
}