{
    "mh1": 512.6326231315923,
    "mh2": 545.8946235715447
}