{
    "mh1": 527.1152501359534,
    "mh2": 495.39928172429967,
    "mhz": 527.993014305345
}