{
    "mh1": 518.2840626483487,
    "mh2": 542.5519812809645,
    "mhz": 581.5768003145768
}