{
    "mh1": 527.0157717739752,
    "mh2": 489.86537191613064,
    "mhz": 531.4100706479204
}