{
    "mh1": 523.9316067356605,
    "mh2": 528.4607302291723,
    "mhz": 522.7253312611605
}