{
    "mh1": 517.7135733517747,
    "mh2": 522.5222659273652,
    "mhz": 540.1695282058483
}