{
    "mh1": 511.518121227474,
    "mh2": 518.5867576996924,
    "mhz": 435.11683848797253
}