{
    "mh1": 511.4599651505768,
    "mh2": 517.7866923450986,
    "mhz": 419.8406488165727
}