{
    "mh1": 526.8709219961179,
    "mh2": 492.04003413650975,
    "mhz": 494.7876436729432
}