{
    "mh1": 538.563303150054,
    "mh2": 512.9963627834745,
    "mhz": 519.3211872989925
}