{
    "mh1": 512.4613698476152,
    "mh2": 510.99164357145116,
    "mhz": 454.07302669576103
}