{
    "mh1": 518.0354756675943,
    "mh2": 503.84180180695745,
    "mhz": 492.08179951785854
}