{
    "mh1": 523.9546769003875,
    "mh2": 570.2026984894344
}