{
    "mh1": 524.8520457372902,
    "mh2": 526.8961421325118,
    "mhz": 521.6291917695244
}