{
    "mh1": 513.8588572577332,
    "mh2": 518.6513435464175,
    "mhz": 605.0460664696059
}