{
    "mh1": 514.2711239487171,
    "mh2": 518.6985874097036,
    "mhz": 599.4701947641198
}