{
    "mh1": 512.4640325033097,
    "mh2": 519.6775184652632,
    "mhz": 414.9840496786234
}