{
    "mh1": 514.2094026493731,
    "mh2": 500.8099678365373,
    "mhz": 511.16611523062795
}