{
    "mh1": 513.4845311502282,
    "mh2": 519.599921467266,
    "mhz": 461.4870226650708
}