{
    "mh1": 510.88718979331134,
    "mh2": 519.0175774603723,
    "mhz": 417.6337245763316
}