{
    "mh1": 522.0394077403978,
    "mh2": 521.8614868667667,
    "mhz": 513.0482085074677
}