{
    "mh1": 527.2677831950643,
    "mh2": 489.7825091679185,
    "mhz": 492.8835479651366
}