{
    "mh1": 512.0242602403412,
    "mh2": 527.3891104283468,
    "mhz": 538.3459907433828
}