{
    "mh1": 511.8757581635274,
    "mh2": 519.8726154383819,
    "mhz": 412.23768642698
}