{
    "mh1": 525.6381831840021,
    "mh2": 528.304104513716,
    "mhz": 522.4004092001421
}