{
    "mh1": 505.6347401035352,
    "mh2": 516.6634260101611,
    "mhz": 478.11079289990516
}