{
    "mh1": 527.5141172240201,
    "mh2": 489.6724337871877,
    "mhz": 492.6030151024811
}