{
    "mh1": 505.26484392418115,
    "mh2": 513.7702624162263,
    "mhz": 539.8627680393611
}