{
    "mh1": 511.97739416503174,
    "mh2": 492.48534560491424
}