{
    "mh1": 533.8955291620015,
    "mh2": 519.3229327651658,
    "mhz": 581.460460877197
}