{
    "mh1": 515.6690866692029,
    "mh2": 541.2883620575776,
    "mhz": 582.6401561184556
}