{
    "mh1": 511.3834055105512,
    "mh2": 494.30619448431014
}