{
    "mh1": 522.3199076020696,
    "mh2": 493.94937521660273,
    "mhz": 523.3970392132717
}