{
    "mh1": 516.7180340088516,
    "mh2": 515.8917071043628,
    "mhz": 474.3011641146337
}