{
    "mh1": 524.609771642705,
    "mh2": 570.4162831302286,
    "mhz": 520.605657413193
}