{
    "mh1": 511.5054815461891,
    "mh2": 526.0642364204973
}