{
    "mh1": 512.0480544437509,
    "mh2": 517.2072804592516,
    "mhz": 442.72356917546176
}