{
    "mh1": 349.2974275853396,
    "mh2": 337.3837645668568
}