{
    "mh1": 517.9306021981711,
    "mh2": 521.4258849402814,
    "mhz": 518.7665878807162
}