{
    "mh1": 511.4170696773696,
    "mh2": 490.4114495329312
}