{
    "mh1": 528.3456441893882,
    "mh2": 527.2565833884053,
    "mhz": 488.15752370392283
}