{
    "mh1": 517.9647925769457,
    "mh2": 512.1334418759875,
    "mhz": 485.3476077671851
}