{
    "mh1": 523.4011270115847,
    "mh2": 527.4777234556338,
    "mhz": 521.780413693326
}