{
    "mh1": 519.6182911874971,
    "mh2": 516.4597588270224,
    "mhz": 550.2293071735132
}