{
    "mh1": 509.0535315378296,
    "mh2": 510.86427875632774,
    "mhz": 477.36033030869737
}