{
    "mh1": 512.0798797223824,
    "mh2": 492.46726994905436
}