{
    "mh1": 510.859687725908,
    "mh2": 497.9005827278276
}