{
    "mh1": 517.0425534466013,
    "mh2": 503.95654979822564,
    "mhz": 492.5746546761873
}