{
    "mh1": 513.1164405766829,
    "mh2": 529.1370369461839,
    "mhz": 569.4997317107386
}