{
    "mh1": 515.0863968936582,
    "mh2": 521.0654360051303,
    "mhz": 488.7556508074092
}