{
    "mh1": 524.5489749869824,
    "mh2": 527.0615180553532,
    "mhz": 521.2904073249492
}