{
    "mh1": 520.2352198927625,
    "mh2": 546.7955756496451,
    "mhz": 581.9149034336076
}