{
    "mh1": 517.3268746392158,
    "mh2": 538.3835833832939,
    "mhz": 456.9016186840049
}