{
    "mh1": 522.6757989590725,
    "mh2": 524.6977921244925,
    "mhz": 515.1411875737318
}