{
    "mh1": 524.1820258607465,
    "mh2": 495.6994185003729,
    "mhz": 497.6535828324236
}