{
    "mh1": 512.1460821303826,
    "mh2": 515.556095178236,
    "mhz": 556.4055551860189
}