{
    "mh1": 522.2626875930805,
    "mh2": 551.2397781835396
}