{
    "mh1": 501.7922868907228,
    "mh2": 510.79835786851754,
    "mhz": 526.0958812098017
}