{
    "mh1": 508.94707160776807,
    "mh2": 511.83316911250876,
    "mhz": 476.49560356047834
}