{
    "mh1": 506.77233417281684,
    "mh2": 546.2714915722072,
    "mhz": 440.7561182779504
}