{
    "mh1": 514.0089370129899,
    "mh2": 513.9416462976116,
    "mhz": 547.718450343233
}