{
    "mh1": 525.2469922052501,
    "mh2": 495.98329371875985,
    "mhz": 497.11870390436576
}