{
    "mh1": 512.0045747734919,
    "mh2": 491.97170271844965
}