{
    "mh1": 551.4241345140429,
    "mh2": 512.2199696781897,
    "mhz": 521.0972431095245
}