{
    "mh1": 516.7203825379468,
    "mh2": 518.4173101002632,
    "mhz": 534.9796372997754
}