{
    "mh1": 514.6462456532755,
    "mh2": 493.00268408526165
}