{
    "mh1": 515.0020460468222,
    "mh2": 512.1695634382202,
    "mhz": 475.4679524455644
}