{
    "mh1": 509.0207355736521,
    "mh2": 508.10012993867804,
    "mhz": 485.1313711049152
}