{
    "mh1": 511.9503111457898,
    "mh2": 518.9395829907241,
    "mhz": 454.8124111049491
}