{
    "mh1": 515.2094013396211,
    "mh2": 513.990076774224,
    "mhz": 472.00916286191045
}