{
    "mh1": 511.06687945991325,
    "mh2": 518.9588958439364,
    "mhz": 415.83501525094096
}