{
    "mh1": 506.756699935473,
    "mh2": 550.2729903638676
}