{
    "mh1": 515.7925644101481,
    "mh2": 538.0477974994038
}