{
    "mh1": 506.8973168927509,
    "mh2": 503.61148718953126,
    "mhz": 497.800062255394
}