{
    "mh1": 511.3926062259234,
    "mh2": 494.35370692483394
}