{
    "mh1": 513.371615660253,
    "mh2": 529.6695039178176,
    "mhz": 520.9989360233831
}