{
    "mh1": 523.9949901867835,
    "mh2": 529.2857307785151,
    "mhz": 521.0713758444439
}