{
    "mh1": 524.1004914212494,
    "mh2": 495.5223506509736,
    "mhz": 497.4345929772067
}