{
    "mh1": 524.2327460521,
    "mh2": 526.9421190291749,
    "mhz": 520.8428170429235
}