{
    "mh1": 513.8991916048823,
    "mh2": 512.5100438399081,
    "mhz": 491.284392858725
}