{
    "mh1": 526.5723463270718,
    "mh2": 493.7180172740166,
    "mhz": 495.94375046588544
}