{
    "mh1": 526.6211402917792,
    "mh2": 511.81990011620144,
    "mhz": 495.036745617722
}