{
    "mh1": 506.4021340216169,
    "mh2": 518.8133186823611,
    "mhz": 531.930877197143
}