{
    "mh1": 503.5359991990245,
    "mh2": 534.3596744519518
}