{
    "mh1": 507.3028099156203,
    "mh2": 505.9155856084397,
    "mhz": 489.3090826386277
}