{
    "mh1": 531.8041480981319,
    "mh2": 476.0029889512337,
    "mhz": 536.8032478055368
}