{
    "mh1": 513.5704630232282,
    "mh2": 514.8489451033904,
    "mhz": 523.6712033093412
}