{
    "mh1": 517.7305827151433,
    "mh2": 524.1783288334339,
    "mhz": 492.37575296862303
}