{
    "mh1": 513.1198467973875,
    "mh2": 526.3134305408735,
    "mhz": 568.2670827961385
}