{
    "mh1": 513.8398730096606,
    "mh2": 510.3851024683614,
    "mhz": 545.4481263202772
}