{
    "mh1": 527.9869498116504,
    "mh2": 486.0300213415071,
    "mhz": 489.72314228626266
}