{
    "mh1": 522.266504694782,
    "mh2": 565.2665070247708
}