{
    "mh1": 513.3950494737505,
    "mh2": 518.8915066843351,
    "mhz": 605.9660805405547
}