{
    "mh1": 510.46559780744434,
    "mh2": 518.4687008873099,
    "mhz": 407.46265786010304
}