{
    "mh1": 516.8203229066598,
    "mh2": 524.6380414326068,
    "mhz": 516.2774472446513
}