{
    "mh1": 526.9804466730897,
    "mh2": 490.9592812872196,
    "mhz": 493.6707075611255
}