{
    "mh1": 514.1412552008246,
    "mh2": 528.8982305390558,
    "mhz": 561.2967159136767
}