{
    "mh1": 527.1675269033066,
    "mh2": 497.2813012883276,
    "mhz": 497.6212623356132
}