{
    "mh1": 527.830171343606,
    "mh2": 489.7213050941666,
    "mhz": 492.86729158118806
}