{
    "mh1": 512.3508811745659,
    "mh2": 516.6892689079534,
    "mhz": 430.1931394495052
}