{
    "mh1": 511.9936732447891,
    "mh2": 492.39904048878384
}