{
    "mh1": 514.5603574681159,
    "mh2": 493.81678789381243
}