{
    "mh1": 514.6954397272779,
    "mh2": 514.2871587951812
}