{
    "mh1": 513.6267047186612,
    "mh2": 498.65005545316166,
    "mhz": 544.0412179263485
}