{
    "mh1": 526.2637562244313,
    "mh2": 533.3899455767202,
    "mhz": 523.084069741881
}