{
    "mh1": 536.4194291653881,
    "mh2": 515.4167481252695,
    "mhz": 521.3444607828355
}