{
    "mh1": 527.0614426068234,
    "mh2": 491.1354623531112,
    "mhz": 493.7821825752101
}