{
    "mh1": 513.2714240738798,
    "mh2": 532.2291700193816
}