{
    "mh1": 510.4163401137488,
    "mh2": 518.8911092001636,
    "mhz": 400.38224334348223
}