{
    "mh1": 585.5094015569279,
    "mh2": 553.202701096173,
    "mhz": 576.2308842248084
}