{
    "mh1": 496.7907944218388,
    "mh2": 505.71064552363697,
    "mhz": 709.6630982400864
}