{
    "mh1": 511.0718964305075,
    "mh2": 496.795188595048
}