{
    "mh1": 516.6548492407335,
    "mh2": 518.4653531205472,
    "mhz": 488.86366365525294
}