{
    "mh1": 514.1172295669484,
    "mh2": 520.5966808277182,
    "mhz": 567.0893938035439
}