{
    "mh1": 527.6660936065315,
    "mh2": 512.514015504702,
    "mhz": 491.9143572621035
}