{
    "mh1": 517.4740653389238,
    "mh2": 519.4649475890985,
    "mhz": 48.052678197065006
}