{
    "mh1": 501.60482105454156,
    "mh2": 453.6978289983649,
    "mhz": 519.7859430843636
}