{
    "mh1": 523.7532978849832,
    "mh2": 525.9762868654806,
    "mhz": 521.6510587482102
}