{
    "mh1": 528.8064378783496,
    "mh2": 489.9293967161094,
    "mhz": 491.65012591158535
}