{
    "mh1": 521.011322305704,
    "mh2": 516.132152619933,
    "mhz": 509.75235974404217
}