{
    "mh1": 538.5120629697687,
    "mh2": 516.4927689779363,
    "mhz": 566.6005216682896
}