{
    "mh1": 514.1944588803278,
    "mh2": 512.0352279488743,
    "mhz": 475.8065974497443
}