{
    "mh1": 504.2413586780619,
    "mh2": 533.4731864786366
}