{
    "mh1": 519.1108822783815,
    "mh2": 525.777707854798,
    "mhz": 577.9426709061447
}