{
    "mh1": 520.0645523680868,
    "mh2": 550.0820874367428,
    "mhz": 491.33364830553705
}