{
    "mh1": 515.4959688483648,
    "mh2": 511.85611469298516,
    "mhz": 478.7376820256846
}