{
    "mh1": 514.6584225289926,
    "mh2": 496.61043327586657
}