{
    "mh1": 521.6551688730925,
    "mh2": 487.6424949335735,
    "mhz": 532.8556242693035
}