{
    "mh1": 514.8951923556176,
    "mh2": 520.4171324182702,
    "mhz": 531.7917650662705
}