{
    "mh1": 518.3822383100156,
    "mh2": 521.4922691967245,
    "mhz": 530.9925606958682
}