{
    "mh1": 505.8485689129888,
    "mh2": 464.78045463998336
}