{
    "mh1": 527.7435921374104,
    "mh2": 487.3464675253301,
    "mhz": 491.040034877269
}