{
    "mh1": 523.9707853652224,
    "mh2": 558.8749512457478
}