{
    "mh1": 522.3360078188927,
    "mh2": 524.6144065796307,
    "mhz": 516.5949442779563
}