{
    "mh1": 513.875076230489,
    "mh2": 525.512294644762,
    "mhz": 536.4089126337873
}