{
    "mh1": 524.5215059413516,
    "mh2": 569.2148780762298,
    "mhz": 519.6019354231523
}