{
    "mh1": 526.1297658371358,
    "mh2": 493.9114383590404,
    "mhz": 496.0166016991854
}