{
    "mh1": 537.1687732900537,
    "mh2": 513.5519903426541,
    "mhz": 518.8111547868623
}