{
    "mh1": 527.2686702840324,
    "mh2": 510.3349943295208,
    "mhz": 492.96894555185736
}