{
    "mh1": 511.886752045687,
    "mh2": 514.8184856400576,
    "mhz": 447.5059026593931
}