{
    "mh1": 521.7554111716554,
    "mh2": 523.8803792826275,
    "mhz": 519.2899473747159
}