{
    "mh1": 514.1071188912431,
    "mh2": 518.9569740227493,
    "mhz": 599.2098346279349
}