{
    "mh1": 515.3619536475346,
    "mh2": 512.0436207360594,
    "mhz": 476.91426708890845
}