{
    "mh1": 508.95156091399383,
    "mh2": 513.5683232906292,
    "mhz": 479.28273030625974
}