{
    "mh1": 517.6986523096912,
    "mh2": 523.5486397421753,
    "mhz": 531.3856654980439
}