{
    "mh1": 518.6096867459635,
    "mh2": 538.5994241927626
}