{
    "mh1": 501.51270757052015,
    "mh2": 563.5242473676406,
    "mhz": 518.5403252572187
}