{
    "mh1": 522.9968149355507,
    "mh2": 527.2331600403935,
    "mhz": 516.8803324579604
}