{
    "mh1": 512.046005450047,
    "mh2": 516.4799040878988,
    "mhz": 429.3159494480883
}