{
    "mh1": 514.3615043226642,
    "mh2": 521.9461356364943,
    "mhz": 532.7781822366616
}