{
    "mh1": 514.4470923190663,
    "mh2": 495.41286412177465
}