{
    "mh1": 511.94970917952287,
    "mh2": 490.97884845264974,
    "mhz": 510.4599699668676
}