{
    "mh1": 526.2265138715791,
    "mh2": 528.0437608364979,
    "mhz": 526.6504716671719
}