{
    "mh1": 522.9323420720523,
    "mh2": 544.6636655114867
}