{
    "mh1": 516.1881064397965,
    "mh2": 529.4756197516624,
    "mhz": 564.8381316714783
}