{
    "mh1": 522.628221304614,
    "mh2": 544.2888712609949
}