{
    "mh1": 512.720046109366,
    "mh2": 493.06423301667115
}