{
    "mh1": 501.17668341462735,
    "mh2": 458.8027455700692
}