{
    "mh1": 505.4166822806478,
    "mh2": 546.088848180778,
    "mhz": 471.42808651519834
}