{
    "mh1": 514.3432838707408,
    "mh2": 518.6012280087358,
    "mhz": 612.356593821973
}