{
    "mh1": 549.8094948563254,
    "mh2": 522.7436583768156,
    "mhz": 527.8882157937242
}