{
    "mh1": 507.86874398754657,
    "mh2": 505.9936140850441,
    "mhz": 488.6100967416381
}