{
    "mh1": 518.0304153149234,
    "mh2": 515.16981039781,
    "mhz": 545.3505633170455
}