{
    "mh1": 516.1719317997331,
    "mh2": 519.8702780537473,
    "mhz": 564.7274880094865
}