{
    "mh1": 505.72619374469906,
    "mh2": 503.73526629184994,
    "mhz": 533.3438415909457
}