{
    "mh1": 527.714253604992,
    "mh2": 487.4811117231672,
    "mhz": 533.2141789903627
}