{
    "mh1": 512.4817613013674,
    "mh2": 517.0065155213761,
    "mhz": 596.8833020832774
}