{
    "mh1": 512.9739018173739,
    "mh2": 516.1898647596689,
    "mhz": 582.8044440790222
}