{
    "mh1": 524.055373539305,
    "mh2": 528.464872453395,
    "mhz": 520.3848454862689
}