{
    "mh1": 512.3804433847506,
    "mh2": 517.1769980285875,
    "mhz": 515.833165696939
}