{
    "mh1": 512.0691008309649,
    "mh2": 520.1945588885645,
    "mhz": 558.1538965692014
}