{
    "mh1": 512.6234944347268,
    "mh2": 517.850934896075,
    "mhz": 596.3933804217647
}