{
    "mh1": 518.3465744542145,
    "mh2": 519.0859647222057,
    "mhz": 599.7261870853087
}