{
    "mh1": 524.533106731784,
    "mh2": 495.4043880608004,
    "mhz": 497.1479179887038
}