{
    "mh1": 518.4048086001469,
    "mh2": 542.3893723401036,
    "mhz": 511.7645187320704
}