{
    "mh1": 514.5149773065759,
    "mh2": 530.3439301251401
}