{
    "mh1": 528.1032280099485,
    "mh2": 493.78863803552036,
    "mhz": 495.03381265982415
}