{
    "mh1": 522.6794338605446,
    "mh2": 525.7813132860156,
    "mhz": 519.4520793476034
}