{
    "mh1": 511.4488390186674,
    "mh2": 494.539326079474
}