{
    "mh1": 522.150796833773,
    "mh2": 544.0487621269151
}