{
    "mh1": 520.6717277780111,
    "mh2": 539.8057867368175
}