{
    "mh1": 503.7740327069652,
    "mh2": 529.0040971495076
}