{
    "mh1": 507.5890150520467,
    "mh2": 506.1339185832156,
    "mhz": 489.47459487564635
}