{
    "mh1": 509.31799242854373,
    "mh2": 503.9450048391549,
    "mhz": 529.9175314284116
}