{
    "mh1": 517.7319123106016,
    "mh2": 503.88415975844407,
    "mhz": 492.0075622715219
}