{
    "mh1": 527.4833598904171,
    "mh2": 488.9932978189957,
    "mhz": 491.94502858380855
}