{
    "mh1": 518.6784716517462,
    "mh2": 545.8089017569856,
    "mhz": 582.5501205064072
}