{
    "mh1": 533.5804388101297,
    "mh2": 521.5102398722754,
    "mhz": 525.7258468162815
}