{
    "mh1": 511.2237250131613,
    "mh2": 493.6993098358018
}