{
    "mh1": 521.0135060110629,
    "mh2": 524.0785397913987,
    "mhz": 556.0648804870731
}