{
    "mh1": 513.6414500671979,
    "mh2": 518.0863294817491,
    "mhz": 593.0853602191057
}