{
    "mh1": 541.2133250540052,
    "mh2": 512.7846148195051,
    "mhz": 520.5972727288629
}