{
    "mh1": 517.2311404352006,
    "mh2": 519.4003027167605,
    "mhz": 491.94993987611684
}