{
    "mh1": 506.4832729073448,
    "mh2": 504.34656340583876,
    "mhz": 492.7653808537618
}