{
    "mh1": 508.90178950196554,
    "mh2": 502.37945784665857,
    "mhz": 485.7327975225675
}