{
    "mh1": 527.0335250348946,
    "mh2": 490.70846998119725,
    "mhz": 493.44077932436164
}