{
    "mh1": 527.6374330176907,
    "mh2": 485.62892092536686,
    "mhz": 536.3667714648063
}