{
    "mh1": 512.8421387317571,
    "mh2": 491.2039401965032,
    "mhz": 508.87019580165475
}