{
    "mh1": 509.13050689645405,
    "mh2": 509.0915453690969,
    "mhz": 482.9806821862957
}