{
    "mh1": 515.2658814238725,
    "mh2": 512.7436704230764,
    "mhz": 546.8962284106653
}