{
    "mh1": 510.0794490599038,
    "mh2": 519.1879814183872,
    "mhz": 470.63152076956715
}