{
    "mh1": 511.9254034666161,
    "mh2": 502.84239869315485,
    "mhz": 509.050310985581
}