{
    "mh1": 511.98077774366516,
    "mh2": 497.5712959740109
}