{
    "mh1": 518.399129352799,
    "mh2": 520.9007004568349,
    "mhz": 533.2653033051295
}