{
    "mh1": 515.5445432469734,
    "mh2": 515.1935647300527,
    "mhz": 514.3828398924545
}