{
    "mh1": 512.9109970251526,
    "mh2": 515.975529463404,
    "mhz": 558.6561947552552
}