{
    "mh1": 518.3415250561428,
    "mh2": 537.7083301997505,
    "mhz": 451.8588723358857
}