{
    "mh1": 513.14140727525,
    "mh2": 524.6720627398352,
    "mhz": 535.7584441454508
}