{
    "mh1": 545.682129489249,
    "mh2": 512.0899099657404,
    "mhz": 522.8303766975198
}