{
    "mh1": 527.4228623160963,
    "mh2": 489.2015746980717,
    "mhz": 511.6134411045467
}