{
    "mh1": 554.2195493668111,
    "mh2": 519.5515095808405,
    "mhz": 590.2718300233175
}