{
    "mh1": 519.44361846983,
    "mh2": 528.7331840882922
}