{
    "mh1": 518.4546642018221,
    "mh2": 520.164010855708,
    "mhz": 531.9315746068879
}