{
    "mh1": 507.18590597689814,
    "mh2": 505.93825340705223,
    "mhz": 489.855774493227
}