{
    "mh1": 522.3796436814874,
    "mh2": 494.4514414482774,
    "mhz": 498.02795747879765
}