{
    "mh1": 505.77898115001676,
    "mh2": 502.62940310717084,
    "mhz": 491.62709055822796
}