{
    "mh1": 526.836382167396,
    "mh2": 491.96493231951723,
    "mhz": 494.713355626978
}