{
    "mh1": 502.40323507260086,
    "mh2": 522.8632467703087,
    "mhz": 522.1737643217883
}