{
    "mh1": 512.120244794278,
    "mh2": 490.43595495410506,
    "mhz": 509.27215583508035
}