{
    "mh1": 524.2105457381912,
    "mh2": 572.70648328066
}