{
    "mh1": 544.9818183767135,
    "mh2": 532.3061296316147,
    "mhz": 534.3412216181644
}