{
    "mh1": 525.6205152573405,
    "mh2": 572.010008525328
}