{
    "mh1": 514.5714355665145,
    "mh2": 494.23323555053923
}