{
    "mh1": 526.9005244993012,
    "mh2": 526.7807168311836,
    "mhz": 526.3105236496808
}