{
    "mh1": 513.1074311870507,
    "mh2": 536.8558368273934,
    "mhz": 579.7217933330887
}