{
    "mh1": 514.5707169276917,
    "mh2": 493.7866069713334
}