{
    "mh1": 524.8153575447936,
    "mh2": 558.1659753335191
}