{
    "mh1": 507.49628004377655,
    "mh2": 517.72611088506,
    "mhz": 489.11121400259566
}