{
    "mh1": 512.168548426685,
    "mh2": 516.0625697991013,
    "mhz": 415.70828336804607
}