{
    "mh1": 511.93189966670053,
    "mh2": 492.82666150303686
}