{
    "mh1": 511.39618372320115,
    "mh2": 495.9237180479703
}