{
    "mh1": 525.9426777107731,
    "mh2": 494.9353934148528,
    "mhz": 497.04444759807285
}