{
    "mh1": 518.008299393452,
    "mh2": 519.9599076391705,
    "mhz": 532.2593855641127
}