{
    "mh1": 514.1378473050113,
    "mh2": 504.4403546357918,
    "mhz": 511.87594539914517
}