{
    "mh1": 514.745289040798,
    "mh2": 524.8299979664193,
    "mhz": 522.67585270276
}