{
    "mh1": 519.8993296921549,
    "mh2": 521.4542686071413,
    "mhz": 552.9703993483452
}