{
    "mh1": 514.2176469868846,
    "mh2": 519.0333293734539,
    "mhz": 597.7498410235984
}