{
    "mh1": 516.8307450802387,
    "mh2": 518.4304097925032,
    "mhz": 515.5096122022487
}