{
    "mh1": 500.85362857926583,
    "mh2": 467.7664849036528
}