{
    "mh1": 511.8570150212347,
    "mh2": 513.2495439330921,
    "mhz": 511.9682190613411
}