{
    "mh1": 506.7546209393867,
    "mh2": 518.8140354194902,
    "mhz": 533.0396709496443
}