{
    "mh1": 522.4069164440889,
    "mh2": 530.5813826667073,
    "mhz": 522.7943879134224
}