{
    "mh1": 50.61203455033751,
    "mh2": 37.115563298490144,
    "mhz": 3.5207607433217163
}