{
    "mh1": 530.4579072594248,
    "mh2": 491.35198072375175,
    "mhz": 531.5138504155125
}