{
    "mh1": 540.4276046764594,
    "mh2": 526.8662553356753,
    "mhz": 552.3042544667333
}