{
    "mh1": 518.6238557231293,
    "mh2": 522.3338274124396,
    "mhz": 493.54917596927675
}