{
    "mh1": 501.14367974695637,
    "mh2": 479.6580954807117
}