{
    "mh1": 506.6416131368326,
    "mh2": 519.0702875158958,
    "mhz": 512.6302134566663
}