{
    "mh1": 518.5216010398269,
    "mh2": 542.7868970167923,
    "mhz": 446.7258700479201
}