{
    "mh1": 521.1780391337926,
    "mh2": 517.0492862157735,
    "mhz": 515.7017919378997
}