{
    "mh1": 515.9642877766389,
    "mh2": 513.5888434338057,
    "mhz": 475.15160335649193
}