{
    "mh1": 509.3438656115138,
    "mh2": 511.4107521612824,
    "mhz": 476.0906722014067
}