{
    "mh1": 526.8107245423731,
    "mh2": 492.7385601824564,
    "mhz": 495.1926370432039
}