{
    "mh1": 524.4185286889137,
    "mh2": 560.3995826381698
}