{
    "mh1": 512.3886563509852,
    "mh2": 513.8117973229637,
    "mhz": 569.9764587916341
}