{
    "mh1": 525.8673606512507,
    "mh2": 514.3820081864446,
    "mhz": 520.2430518153838
}