{
    "mh1": 505.04246358393493,
    "mh2": 501.18350020390085,
    "mhz": 496.6515442607218
}