{
    "mh1": 527.0444133559134,
    "mh2": 493.57394703855965,
    "mhz": 495.5562922498668
}