{
    "mh1": 517.7129991382038,
    "mh2": 516.2157619554558,
    "mhz": 514.3267687768109
}