{
    "mh1": 514.3474871092365,
    "mh2": 516.0975313991767,
    "mhz": 515.7880865057164
}