{
    "mh1": 516.6269260058383,
    "mh2": 503.0635853678141,
    "mhz": 492.12558670798387
}