{
    "mh1": 527.1383923650901,
    "mh2": 533.4050065779345,
    "mhz": 493.2896960493767
}