{
    "mh1": 515.7821821346625,
    "mh2": 513.4901398421583,
    "mhz": 474.79269656658073
}