{
    "mh1": 518.0356875453333,
    "mh2": 518.140538538031,
    "mhz": 531.6841460799033
}