{
    "mh1": 528.2765868482423,
    "mh2": 535.1689248882552,
    "mhz": 491.391582431501
}