{
    "mh1": 512.8806111650854,
    "mh2": 520.0256638989913,
    "mhz": 461.66747138931123
}