{
    "mh1": 516.8390340150108,
    "mh2": 519.7208821490347,
    "mhz": 533.5700862751139
}