{
    "mh1": 508.16286439969866,
    "mh2": 512.3893691145648,
    "mhz": 478.92370016361576
}