{
    "mh1": 518.9550154315539,
    "mh2": 528.5240386907021,
    "mhz": 521.7636485603828
}