{
    "mh1": 511.9395606796583,
    "mh2": 517.7147828731638,
    "mhz": 444.3261434184401
}