{
    "mh1": 507.9298314813295,
    "mh2": 508.70156078494364,
    "mhz": 488.533323457601
}