{
    "mh1": 513.9210737795419,
    "mh2": 495.50874351596093
}