{
    "mh1": 512.4613250530854,
    "mh2": 516.5060591294204,
    "mhz": 585.1957304613655
}