{
    "mh1": 516.9821110761909,
    "mh2": 518.6260651872126,
    "mhz": 592.8181581456824
}