{
    "mh1": 534.7461675229948,
    "mh2": 530.5134522634523,
    "mhz": 532.0292966254893
}