{
    "mh1": 520.6652580394077,
    "mh2": 512.4833413210101,
    "mhz": 506.3633169090085
}