{
    "mh1": 510.90820990081704,
    "mh2": 501.3235466833516,
    "mhz": 509.3489754008826
}