{
    "mh1": 526.9906934660377,
    "mh2": 497.13840776406215,
    "mhz": 497.4123376535946
}