{
    "mh1": 522.3745145763567,
    "mh2": 516.8039784063787,
    "mhz": 520.2272373921702
}