{
    "mh1": 523.9619080997311,
    "mh2": 529.8536931299604,
    "mhz": 521.4454226348348
}