{
    "mh1": 512.3110460983884,
    "mh2": 516.2577057604321,
    "mhz": 428.8393248252043
}