{
    "mh1": 527.4541486400258,
    "mh2": 488.15287175783413,
    "mhz": 491.6121023328869
}