{
    "mh1": 518.5092242383176,
    "mh2": 548.6678225291357,
    "mhz": 441.75829204896365
}