{
    "mh1": 524.5237426577437,
    "mh2": 525.5848113971354,
    "mhz": 521.2567048870438
}