{
    "mh1": 525.7604202096139,
    "mh2": 495.939382942018,
    "mhz": 497.43223313498675
}