{
    "mh1": 505.215082822234,
    "mh2": 502.1858627264245,
    "mhz": 511.8794539283431
}