{
    "mh1": 503.813859839763,
    "mh2": 480.6646772497126
}