{
    "mh1": 511.5056034256751,
    "mh2": 512.5244841149879,
    "mhz": 457.4871819064992
}