{
    "mh1": 509.85130024518907,
    "mh2": 504.31773748075284,
    "mhz": 509.1045652694789
}