{
    "mh1": 517.941116135706,
    "mh2": 542.3725074610174,
    "mhz": 575.4619152040398
}