{
    "mh1": 519.3067465800561,
    "mh2": 529.5827469227977
}