{
    "mh1": 522.599512096668,
    "mh2": 549.8374937540907
}