{
    "mh1": 518.248817136667,
    "mh2": 517.2378848929411,
    "mhz": 549.538158469468
}