{
    "mh1": 531.6955692281699,
    "mh2": 475.92433693642016,
    "mhz": 482.1860102633389
}