{
    "mh1": 513.5338161764294,
    "mh2": 521.9623232379989,
    "mhz": 513.4407787446062
}