{
    "mh1": 512.0679483575993,
    "mh2": 516.3663998980645,
    "mhz": 590.1722184641849
}