{
    "mh1": 512.0376591674061,
    "mh2": 515.8278021969793,
    "mhz": 442.42364435192655
}