{
    "mh1": 522.6338861075658,
    "mh2": 526.9271874519452,
    "mhz": 516.3250040090594
}