{
    "mh1": 517.5350147962504,
    "mh2": 551.8497938676064
}