{
    "mh1": 516.9913545183359,
    "mh2": 531.4553654998964,
    "mhz": 522.5395724446889
}