{
    "mh1": 515.7640806128957,
    "mh2": 513.4367310427244,
    "mhz": 476.1532233689224
}