{
    "mh1": 521.5122188439195,
    "mh2": 532.1414081229234
}