{
    "mh1": 511.32831396893306,
    "mh2": 518.4161961037213,
    "mhz": 412.9824096276049
}