{
    "mh1": 528.1017808353878,
    "mh2": 487.6851904219088,
    "mhz": 490.9469327960625
}