{
    "mh1": 525.5435013346224,
    "mh2": 497.0045520623522,
    "mhz": 497.5310475403146
}