{
    "mh1": 528.0577242259524,
    "mh2": 537.7585357570623,
    "mhz": 490.17870582199345
}