{
    "mh1": 521.4701690336655,
    "mh2": 517.7972420289173,
    "mhz": 524.2692639534621
}