{
    "mh1": 520.130313879645,
    "mh2": 513.8237987032342,
    "mhz": 511.72016537387964
}