{
    "mh1": 506.64963345137147,
    "mh2": 504.3580140105079,
    "mhz": 491.66690367775834
}