{
    "mh1": 528.1655153014515,
    "mh2": 536.1990953309432,
    "mhz": 490.9499723951891
}