{
    "mh1": 513.9367872413908,
    "mh2": 503.6970508725364,
    "mhz": 508.0183886565008
}