{
    "mh1": 527.4877790399103,
    "mh2": 493.0384987016749,
    "mhz": 494.96796966004104
}