{
    "mh1": 508.45681465316005,
    "mh2": 508.1486518765155,
    "mhz": 483.04624309882144
}