{
    "mh1": 517.9867107482012,
    "mh2": 520.5139178796071,
    "mhz": 531.7448061863469
}