{
    "mh1": 505.3420284928838,
    "mh2": 503.0203263855793,
    "mhz": 492.9992921457969
}