{
    "mh1": 512.4938575325496,
    "mh2": 522.6958544535797,
    "mhz": 562.5512120374614
}