{
    "mh1": 511.54843685598695,
    "mh2": 494.6229835892156
}