{
    "mh1": 509.1627799188345,
    "mh2": 511.1310336270009,
    "mhz": 475.9080094815269
}