{
    "mh1": 507.86500001753996,
    "mh2": 509.76766053879226,
    "mhz": 489.103243663254
}