{
    "mh1": 527.5038657429652,
    "mh2": 487.4076703329344,
    "mhz": 532.9412233373403
}