{
    "mh1": 543.6527427873407,
    "mh2": 513.1584005701612,
    "mhz": 526.0153765962991
}