{
    "mh1": 522.0839772421482,
    "mh2": 529.9482126849828,
    "mhz": 521.7124956752998
}