{
    "mh1": 514.2448788524975,
    "mh2": 538.130232705198,
    "mhz": 546.1429108396828
}