{
    "mh1": 506.4152983888157,
    "mh2": 503.8074161300129,
    "mhz": 492.4424521643116
}