{
    "mh1": 512.9677162188027,
    "mh2": 490.0772079677021
}