{
    "mh1": 514.1324787128062,
    "mh2": 557.9809872463254
}