{
    "mh1": 524.2764343307335,
    "mh2": 524.5543949058027,
    "mhz": 518.1079212726371
}