{
    "mh1": 517.0186951165168,
    "mh2": 519.6897060905092,
    "mhz": 491.0690919385166
}