{
    "mh1": 528.8735431010596,
    "mh2": 496.98680061314184,
    "mhz": 497.0439513993385
}