{
    "mh1": 516.5425551829167,
    "mh2": 535.3757070004635,
    "mhz": 541.1884833789925
}