{
    "mh1": 511.0872409956404,
    "mh2": 496.2717830563982
}