{
    "mh1": 525.911431492233,
    "mh2": 528.1585743493706,
    "mhz": 526.5079679318799
}