{
    "mh1": 519.503359491831,
    "mh2": 516.7232343455731,
    "mhz": 547.9689979768756
}