{
    "mh1": 518.6740797854392,
    "mh2": 547.7351061690838,
    "mhz": 492.1358043254017
}