{
    "mh1": 518.0530807593593,
    "mh2": 519.8258627839386,
    "mhz": 531.4147482660981
}