{
    "mh1": 517.0661101884822,
    "mh2": 522.7107610025835,
    "mhz": 519.4107249046369
}