{
    "mh1": 515.9958075515513,
    "mh2": 545.7833352318869,
    "mhz": 590.5627356098851
}