{
    "mh1": 525.41715406088,
    "mh2": 569.4658792375476,
    "mhz": 519.0815402078119
}