{
    "mh1": 514.6848822222539,
    "mh2": 512.3388168903764,
    "mhz": 508.1655389347874
}