{
    "mh1": 511.9727430329212,
    "mh2": 516.1332706127763,
    "mhz": 437.79275546159266
}