{
    "mh1": 513.4091742766038,
    "mh2": 512.5512991706379,
    "mhz": 459.0832650818318
}