{
    "mh1": 500.18538122744775,
    "mh2": 575.7248265502369
}