{
    "mh1": 508.99125573394497,
    "mh2": 511.5026248485664,
    "mhz": 476.93586570029055
}