{
    "mh1": 525.4918032498964,
    "mh2": 527.8379536122127,
    "mhz": 520.1614275979317
}