{
    "mh1": 502.8902110231047,
    "mh2": 537.7982390385479
}