{
    "mh1": 478.17826533930577,
    "mh2": 518.1320628371113,
    "mhz": 1022.200721376595
}