{
    "mh1": 506.18850090307046,
    "mh2": 503.9193638133254,
    "mhz": 491.90048984283067
}