{
    "mh1": 514.6791883160022,
    "mh2": 519.9707761726856,
    "mhz": 573.5747262276052
}