{
    "mh1": 522.6189863657075,
    "mh2": 560.6207511128246
}