{
    "mh1": 522.448554386112,
    "mh2": 551.601772679146
}