{
    "mh1": 522.7920792598314,
    "mh2": 551.1870178443469
}