{
    "mh1": 508.1668489528929,
    "mh2": 530.1959045639073,
    "mhz": 465.96146427336566
}