{
    "mh1": 527.000778520599,
    "mh2": 529.088742051541,
    "mhz": 527.030279545595
}