{
    "mh1": 509.16015808838324,
    "mh2": 511.8808159166378,
    "mhz": 477.2174187645102
}