{
    "mh1": 518.1100155304623,
    "mh2": 513.4706732917948,
    "mhz": 489.87695914943504
}