{
    "mh1": 507.054159437518,
    "mh2": 507.3210501401886,
    "mhz": 511.9251468740979
}