{
    "mh1": 511.86462918172487,
    "mh2": 494.9620990536189
}