{
    "mh1": 516.3890521090943,
    "mh2": 522.8016429114488,
    "mhz": 480.71784461529586
}