{
    "mh1": 522.7938637550972,
    "mh2": 560.3748981040785
}