{
    "mh1": 511.38170902534523,
    "mh2": 491.2151830995768
}