{
    "mh1": 525.1448363205088,
    "mh2": 496.0834458726638,
    "mhz": 497.06138888548753
}