{
    "mh1": 517.1549047920655,
    "mh2": 524.2588611981017,
    "mhz": 552.6435059308089
}