{
    "mh1": 512.8375291998414,
    "mh2": 518.4245514600153,
    "mhz": 603.8161821231392
}