{
    "mh1": 518.7011124494892,
    "mh2": 549.1508463773753,
    "mhz": 513.0667498272473
}