{
    "mh1": 511.93386135970496,
    "mh2": 493.9964569578784
}