{
    "mh1": 526.7652385305996,
    "mh2": 496.42857793400833,
    "mhz": 526.3686277257202
}