{
    "mh1": 524.7923559672043,
    "mh2": 528.3356074286726,
    "mhz": 521.5303024729957
}