{
    "mh1": 517.8572217941833,
    "mh2": 520.3998050462285,
    "mhz": 522.0682513308221
}