{
    "mh1": 525.7505874118882,
    "mh2": 495.68909127916527,
    "mhz": 497.09306282629035
}