{
    "mh1": 520.3260581200767,
    "mh2": 536.7014714175853,
    "mhz": 520.1367057838241
}