{
    "mh1": 512.7295916072087,
    "mh2": 494.04014085647503
}