{
    "mh1": 510.55499913780665,
    "mh2": 498.0648579406988
}