{
    "mh1": 516.3932349570953,
    "mh2": 517.1414129573286,
    "mhz": 490.0353324953717
}