{
    "mh1": 520.0461450080356,
    "mh2": 520.5953975426303,
    "mhz": 514.8511302570608
}