{
    "mh1": 501.8734681897121,
    "mh2": 558.4493471818384
}