{
    "mh1": 533.6324368220916,
    "mh2": 500.4959623810376,
    "mhz": 525.8284731576584
}