{
    "mh1": 520.9398943616035,
    "mh2": 514.4040709974049,
    "mhz": 517.2470964261537
}