{
    "mh1": 516.7223335394292,
    "mh2": 530.9241379573564,
    "mhz": 567.7580663935412
}