{
    "mh1": 519.6704450284208,
    "mh2": 547.9797491991999,
    "mhz": 576.681780034409
}