{
    "mh1": 500.6791266317557,
    "mh2": 454.54394345771124
}