{
    "mh1": 512.0818817864671,
    "mh2": 494.50434104588106
}