{
    "mh1": 526.5789926894112,
    "mh2": 496.3908772212314,
    "mhz": 497.304506257865
}