{
    "mh1": 521.4908422202524,
    "mh2": 512.9720568845989,
    "mhz": 514.7150055627562
}