{
    "mh1": 518.681630692092,
    "mh2": 522.0204405015435,
    "mhz": 518.3721079747656
}