{
    "mh1": 512.0931494674373,
    "mh2": 516.816950148885,
    "mhz": 597.816637624566
}