{
    "mh1": 513.928260041182,
    "mh2": 491.6169661585792,
    "mhz": 509.0000681689471
}