{
    "mh1": 507.5422747711522,
    "mh2": 505.99919405030806,
    "mhz": 489.01644941573016
}