{
    "mh1": 524.2745953747294,
    "mh2": 529.8743335334843,
    "mhz": 522.5680873190273
}