{
    "mh1": 528.5740988287264,
    "mh2": 530.1508582352315,
    "mhz": 529.6378551133881
}