{
    "mh1": 507.504015520254,
    "mh2": 501.9409337937028,
    "mhz": 490.44014480157966
}