{
    "mh1": 515.7130493497028,
    "mh2": 518.8233071760694,
    "mhz": 529.8177393050254
}