{
    "mh1": 522.3272318426361,
    "mh2": 517.6608782756713,
    "mhz": 514.5373961073303
}