{
    "mh1": 515.460600204456,
    "mh2": 513.9050569203325,
    "mhz": 559.1259016921442
}