{
    "mh1": 518.3007113723082,
    "mh2": 522.5149483767402,
    "mhz": 530.642243897817
}