{
    "mh1": 511.03921554903866,
    "mh2": 494.7193175236699
}