{
    "mh1": 508.83839870056585,
    "mh2": 509.5500058889399,
    "mhz": 545.1735397575155
}