{
    "mh1": 518.6271529014374,
    "mh2": 518.3440494045641,
    "mhz": 535.1553144969866
}