{
    "mh1": 516.8026008617039,
    "mh2": 513.6984734761448,
    "mhz": 481.59428735427014
}