{
    "mh1": 513.3137148390891,
    "mh2": 519.1427744582014,
    "mhz": 599.3861721994227
}