{
    "mh1": 516.8922702223538,
    "mh2": 520.8327367829279,
    "mhz": 534.0935022822198
}