{
    "mh1": 513.050259810384,
    "mh2": 519.5754728392443,
    "mhz": 507.6488495823436
}