{
    "mh1": 522.3494960158423,
    "mh2": 541.4385457430948
}