{
    "mh1": 517.912305665875,
    "mh2": 519.8191655390707,
    "mhz": 531.8270341469256
}