{
    "mh1": 520.328511596866,
    "mh2": 513.443830606386,
    "mhz": 513.2883531758891
}