{
    "mh1": 527.708871000152,
    "mh2": 536.9736261816149,
    "mhz": 490.84511056167605
}