{
    "mh1": 511.9706007930314,
    "mh2": 496.1656199746974
}