{
    "mh1": 508.09644578608254,
    "mh2": 519.892765323362,
    "mhz": 489.45225307157534
}