{
    "mh1": 511.96311898074015,
    "mh2": 490.45409465522675,
    "mhz": 509.5155861204177
}