{
    "mh1": 511.78870320367804,
    "mh2": 490.347156290023
}