{
    "mh1": 511.9822523383329,
    "mh2": 493.1744878780866
}