{
    "mh1": 519.3244177628243,
    "mh2": 516.4475810752914,
    "mhz": 518.2418804509977
}