{
    "mh1": 509.6006159640694,
    "mh2": 513.1400634201339,
    "mhz": 451.2172146448872
}