{
    "mh1": 512.8327219107726,
    "mh2": 495.32975136994963
}