{
    "mh1": 512.275491056952,
    "mh2": 515.5947440335216,
    "mhz": 585.1202612592916
}