{
    "mh1": 508.2784532378686,
    "mh2": 519.7789589742937,
    "mhz": 489.0868419807802
}