{
    "mh1": 509.2577421737958,
    "mh2": 538.5024508213539
}