{
    "mh1": 526.7493484406949,
    "mh2": 493.38473060128194,
    "mhz": 495.7673180715036
}