{
    "mh1": 506.7399478101816,
    "mh2": 518.9734847481686,
    "mhz": 533.0309484210638
}