{
    "mh1": 520.8087986079324,
    "mh2": 516.8946805685614,
    "mhz": 461.5355516888362
}