{
    "mh1": 512.0715502823318,
    "mh2": 516.6364462526826,
    "mhz": 413.60970426527695
}