{
    "mh1": 503.6966907973616,
    "mh2": 562.9486019075075
}