{
    "mh1": 518.3556739764247,
    "mh2": 520.7160502558409,
    "mhz": 492.74260067327685
}