{
    "mh1": 512.0493368425564,
    "mh2": 541.6522685558341,
    "mhz": 510.9464911231939
}