{
    "mh1": 509.13957390131776,
    "mh2": 511.96688404264125,
    "mhz": 478.0080319364215
}