{
    "mh1": 509.07027436649986,
    "mh2": 509.8714995510955,
    "mhz": 480.60419047552375
}