{
    "mh1": 526.4741696229987,
    "mh2": 495.01252458504126,
    "mhz": 496.8542681469772
}