{
    "mh1": 522.6063707248693,
    "mh2": 535.8528811781672
}