{
    "mh1": 514.9328976712645,
    "mh2": 513.9461178419872,
    "mhz": 530.1789616817791
}