{
    "mh1": 519.4701967890926,
    "mh2": 548.9030217984699,
    "mhz": 583.5091202035488
}