{
    "mh1": 509.96275281759296,
    "mh2": 502.8627187418918,
    "mhz": 509.2029841439194
}