{
    "mh1": 512.753975782992,
    "mh2": 516.2961430481752,
    "mhz": 435.2664744962966
}