{
    "mh1": 510.93127583606963,
    "mh2": 495.1800244214769
}