{
    "mh1": 511.87655548719954,
    "mh2": 527.256581178058
}