{
    "mh1": 506.9874295860127,
    "mh2": 505.58766773989487,
    "mhz": 490.3630321222517
}