{
    "mh1": 540.6701988319606,
    "mh2": 557.0572204260964
}