{
    "mh1": 516.4343333688992,
    "mh2": 513.7712607959211,
    "mhz": 476.16652630856936
}