{
    "mh1": 505.38175417916415,
    "mh2": 557.0553652055477
}