{
    "mh1": 525.7694259635189,
    "mh2": 495.76148924978145,
    "mhz": 497.1153705813167
}