{
    "mh1": 513.8175346401107,
    "mh2": 512.0765215228279,
    "mhz": 512.1752907440139
}