{
    "mh1": 522.2535459628155,
    "mh2": 524.1106105983528,
    "mhz": 516.792464085537
}