{
    "mh1": 526.0485722830355,
    "mh2": 496.8536790116548,
    "mhz": 497.7136063440537
}