{
    "mh1": 512.6228170547756,
    "mh2": 515.9343985747591,
    "mhz": 531.9447906421308
}