{
    "mh1": 521.7935321383129,
    "mh2": 524.4148019330427,
    "mhz": 513.5071073397943
}