{
    "mh1": 521.8704947348897,
    "mh2": 524.7532940208928,
    "mhz": 526.6175517488758
}