{
    "mh1": 520.9493488480658,
    "mh2": 525.7433081529036,
    "mhz": 518.8278137008288
}