{
    "mh1": 502.57363151506996,
    "mh2": 507.1329008283497,
    "mhz": 525.4916026623054
}