{
    "mh1": 508.9295851872159,
    "mh2": 511.47746347643914,
    "mhz": 477.09940929020354
}