{
    "mh1": 498.54627099830356,
    "mh2": 574.7829038185089
}