{
    "mh1": 512.4003493999057,
    "mh2": 517.5072124749524,
    "mhz": 421.41297249703445
}