{
    "mh1": 515.7860777416217,
    "mh2": 513.1641448499904,
    "mhz": 475.3424696533421
}