{
    "mh1": 508.3877609944914,
    "mh2": 509.47397312530734,
    "mhz": 482.0631612286823
}