{
    "mh1": 507.3867999269774,
    "mh2": 505.9420865980551,
    "mhz": 513.1804049168475
}