{
    "mh1": 517.353705299402,
    "mh2": 504.46782093972257,
    "mhz": 491.8759962736777
}