{
    "mh1": 524.9778970186472,
    "mh2": 495.39258527148087,
    "mhz": 497.10253781665756
}