{
    "mh1": 511.1723293230395,
    "mh2": 497.9092742571377
}