{
    "mh1": 512.0002795079952,
    "mh2": 514.2184758665313,
    "mhz": 574.3298463931558
}