{
    "mh1": 512.8715817727164,
    "mh2": 518.3326762916287,
    "mhz": 603.3021098727506
}