{
    "mh1": 519.047111187225,
    "mh2": 520.1780680201733,
    "mhz": 517.1767947015238
}