{
    "mh1": 525.087087960206,
    "mh2": 527.6994132483273,
    "mhz": 521.5878393526465
}