{
    "mh1": 532.6521187848685,
    "mh2": 498.9237975816973,
    "mhz": 505.7332316673283
}