{
    "mh1": 504.64830462328877,
    "mh2": 501.0659491778774,
    "mhz": 495.4623914686802
}