{
    "mh1": 515.4897722428384,
    "mh2": 516.2247932671393,
    "mhz": 551.8479841928997
}