{
    "mh1": 519.6955607456043,
    "mh2": 513.5969802248086,
    "mhz": 535.461492903526
}