{
    "mh1": 523.2452839753932,
    "mh2": 538.076053723234
}