{
    "mh1": 524.3397127749068,
    "mh2": 568.724657865946
}