{
    "mh1": 516.1549854859582,
    "mh2": 536.2405316079391,
    "mhz": 524.2869295777602
}