{
    "mh1": 506.88854688668744,
    "mh2": 504.4647233473973,
    "mhz": 492.1116236032784
}