{
    "mh1": 521.8016495054811,
    "mh2": 522.3017987249544,
    "mhz": 513.6543235607835
}