{
    "mh1": 510.9103784565682,
    "mh2": 513.6567533834827,
    "mhz": 468.3185539850094
}