{
    "mh1": 516.4061847612945,
    "mh2": 528.5041405698369
}