{
    "mh1": 511.97901875559035,
    "mh2": 492.98102949782935
}