{
    "mh1": 516.2831058923832,
    "mh2": 513.2999353576296,
    "mhz": 479.58896937042704
}