{
    "mh1": 514.5946097747045,
    "mh2": 496.06521370138677
}