{
    "mh1": 516.4701015460697,
    "mh2": 512.1120313967737,
    "mhz": 484.64701495492403
}