{
    "mh1": 506.47685112058826,
    "mh2": 503.6749018066178,
    "mhz": 491.7581024754517
}