{
    "mh1": 510.50845609057706,
    "mh2": 501.83895668946167,
    "mhz": 510.8148084503486
}