{
    "mh1": 522.4625452793656,
    "mh2": 527.289595484966,
    "mhz": 516.9500767081458
}