{
    "mh1": 524.7831613474,
    "mh2": 528.6696739698675,
    "mhz": 521.5137110366677
}