{
    "mh1": 507.6427115949603,
    "mh2": 508.1261135252282,
    "mhz": 490.93594596730986
}