{
    "mh1": 518.058412697181,
    "mh2": 520.5625332231392,
    "mhz": 532.1395541035511
}