{
    "mh1": 517.1504836071465,
    "mh2": 540.0168144276942,
    "mhz": 576.5565707954518
}