{
    "mh1": 525.6958711769428,
    "mh2": 527.4213548389354,
    "mhz": 497.0817595433065
}