{
    "mh1": 517.5300520139427,
    "mh2": 503.33887068198845,
    "mhz": 530.0794893521663
}