{
    "mh1": 532.0402491438955,
    "mh2": 532.5226501595155,
    "mhz": 532.448190973387
}