{
    "mh1": 512.2653650483297,
    "mh2": 517.0426982719573,
    "mhz": 422.4895541860205
}