{
    "mh1": 524.5062382707233,
    "mh2": 525.7819842545679,
    "mhz": 520.8531106187148
}