{
    "mh1": 521.2334670967323,
    "mh2": 526.236911155606,
    "mhz": 519.5334098969281
}