{
    "mh1": 522.4594395318891,
    "mh2": 543.8712542415527
}