{
    "mh1": 514.4994199535963,
    "mh2": 494.78701045571256
}