{
    "mh1": 511.9885165540924,
    "mh2": 492.30686300381154
}