{
    "mh1": 478.0188981582379,
    "mh2": 563.2068158924576
}