{
    "mh1": 514.6199546525429,
    "mh2": 524.0345291193861,
    "mhz": 562.8936995531183
}