{
    "mh1": 521.6329755998233,
    "mh2": 521.5638929744727,
    "mhz": 512.9706820789072
}