{
    "mh1": 523.8579265121379,
    "mh2": 527.0216208333113,
    "mhz": 520.6017247407881
}