{
    "mh1": 514.8189821315125,
    "mh2": 513.1202415187279,
    "mhz": 475.6292330579807
}