{
    "mh1": 505.68288175493973,
    "mh2": 556.3413379104077
}