{
    "mh1": 528.0571522012491,
    "mh2": 496.0878192616844,
    "mhz": 497.00141660647546
}