{
    "mh1": 521.577297788496,
    "mh2": 546.7730427622935,
    "mhz": 512.7648149215817
}