{
    "mh1": 516.3675469495872,
    "mh2": 505.66060205787846,
    "mhz": 489.8193880243141
}