{
    "mh1": 514.6384057235107,
    "mh2": 529.9141287525997
}