{
    "mh1": 524.8162619121997,
    "mh2": 484.1353874811268,
    "mhz": 512.7411084800149
}