{
    "mh1": 510.70507178439493,
    "mh2": 516.6897761063494,
    "mhz": 443.21735662662405
}