{
    "mh1": 506.1554641228576,
    "mh2": 503.9888778432171,
    "mhz": 492.58584307353635
}