{
    "mh1": 515.0797101829457,
    "mh2": 505.7421311274724,
    "mhz": 493.797044827749
}