{
    "mh1": 523.6243243053877,
    "mh2": 530.3057621501564,
    "mhz": 522.4600635843719
}