{
    "mh1": 524.354984113888,
    "mh2": 495.9789359145401,
    "mhz": 497.70049618306166
}