{
    "mh1": 526.0953126010668,
    "mh2": 496.76740096115014,
    "mhz": 497.3270055102583
}