{
    "mh1": 523.646393446068,
    "mh2": 529.8298906333459,
    "mhz": 522.2168580805375
}