{
    "mh1": 514.3450412031998,
    "mh2": 496.31387474710766
}