{
    "mh1": 512.4484416887453,
    "mh2": 518.5856719857496,
    "mhz": 600.3715605948669
}