{
    "mh1": 519.7670297825722,
    "mh2": 524.4385432956082,
    "mhz": 519.2020780322307
}