{
    "mh1": 510.85696159939437,
    "mh2": 523.1111161738393,
    "mhz": 509.41035787451875
}