{
    "mh1": 510.7211003369734,
    "mh2": 500.7346579230694,
    "mhz": 509.2726875495943
}