{
    "mh1": 515.3871874737225,
    "mh2": 517.1665793682632,
    "mhz": 514.2250073140779
}