{
    "mh1": 518.1976650338559,
    "mh2": 512.0750643311223,
    "mhz": 539.6376188779182
}