{
    "mh1": 523.8859550719847,
    "mh2": 526.5954987032397,
    "mhz": 521.0461075085805
}