{
    "mh1": 510.984690211957,
    "mh2": 502.2817082925962,
    "mhz": 508.79903514749304
}