{
    "mh1": 503.1507059449097,
    "mh2": 512.4469227620804,
    "mhz": 527.8871203309341
}