{
    "mh1": 516.3171516773432,
    "mh2": 521.5617702683007,
    "mhz": 533.4012741537836
}