{
    "mh1": 515.1731061011353,
    "mh2": 512.0324201730198,
    "mhz": 476.6849907122698
}