{
    "mh1": 525.7304364387381,
    "mh2": 493.87796925861795,
    "mhz": 527.759066248482
}