{
    "mh1": 512.2716785972214,
    "mh2": 516.5901190993577,
    "mhz": 502.13961103088667
}