{
    "mh1": 517.1765097667653,
    "mh2": 545.8383295470853,
    "mhz": 512.4725508838035
}