{
    "mh1": 524.45830040223,
    "mh2": 527.4437873893645,
    "mhz": 521.3951453416062
}