{
    "mh1": 522.3943472884649,
    "mh2": 513.3413201154563,
    "mhz": 527.077204057589
}