{
    "mh1": 509.7722964199592,
    "mh2": 518.5343366845357,
    "mhz": 422.8023543214342
}