{
    "mh1": 511.2173126837931,
    "mh2": 495.4268057692584
}