{
    "mh1": 517.2153760662485,
    "mh2": 504.6714427700231,
    "mhz": 490.93199235731316
}