{
    "mh1": 506.9874037457697,
    "mh2": 505.3361085468753,
    "mhz": 490.3631605498802
}