{
    "mh1": 512.2970396808735,
    "mh2": 513.8561620466845,
    "mhz": 516.9153865128558
}