{
    "mh1": 511.95569497479096,
    "mh2": 490.19121093442806,
    "mhz": 509.70356454434403
}