{
    "mh1": 523.0494784547118,
    "mh2": 523.3909258035741,
    "mhz": 514.3348720159546
}