{
    "mh1": 514.2256916809373,
    "mh2": 509.0565745651474,
    "mhz": 479.14452739625386
}