{
    "mh1": 515.3886516499686,
    "mh2": 535.635650605153,
    "mhz": 579.4778115214056
}