{
    "mh1": 511.99046851032125,
    "mh2": 493.0491060080397
}