{
    "mh1": 512.8708901979693,
    "mh2": 493.3256580211671
}