{
    "mh1": 516.8657089046361,
    "mh2": 503.22672564856504,
    "mhz": 491.99883468820485
}