{
    "mh1": 525.7243891055481,
    "mh2": 495.51921493634643,
    "mhz": 497.11350939385676
}