{
    "mh1": 519.6279209497866,
    "mh2": 522.2811273214223,
    "mhz": 518.5142880300526
}