{
    "mh1": 527.2368736922062,
    "mh2": 497.95528225156306,
    "mhz": 526.2622544057815
}