{
    "mh1": 506.4220758240374,
    "mh2": 502.2305649211133,
    "mhz": 525.5320893737667
}