{
    "mh1": 514.7368472688484,
    "mh2": 512.8120557191708,
    "mhz": 540.465523577114
}