{
    "mh1": 502.4853038724064,
    "mh2": 518.6754021167015,
    "mhz": 522.738820194959
}