{
    "mh1": 503.03269563792674,
    "mh2": 555.7785489620944
}