{
    "mh1": 519.8062948680125,
    "mh2": 560.5969546804436,
    "mhz": 515.1872948927077
}