{
    "mh1": 517.2039101411754,
    "mh2": 515.0527717991363,
    "mhz": 539.9368563387368
}