{
    "mh1": 515.5824762820268,
    "mh2": 518.7101258240648,
    "mhz": 514.7163216892454
}