{
    "mh1": 514.7580706405181,
    "mh2": 535.6150996499498,
    "mhz": 509.2328438133019
}