{
    "mh1": 515.9642473568363,
    "mh2": 516.3317802043433,
    "mhz": 463.0523516488901
}