{
    "mh1": 506.9721918672317,
    "mh2": 505.7033282574047,
    "mhz": 490.49357304552706
}