{
    "mh1": 523.412606076718,
    "mh2": 526.0566676286171,
    "mhz": 519.8057319660476
}