{
    "mh1": 510.9171159892198,
    "mh2": 536.7844202739466
}