{
    "mh1": 514.7622279095538,
    "mh2": 517.344295946583,
    "mhz": 574.0566522608664
}