{
    "mh1": 528.4725156898277,
    "mh2": 498.0687566467032,
    "mhz": 526.2907428267577
}