{
    "mh1": 516.9665723759849,
    "mh2": 517.4204067394933,
    "mhz": 543.8968264255511
}