{
    "mh1": 523.8920754664215,
    "mh2": 534.9075118946489
}