{
    "mh1": 512.7854231419022,
    "mh2": 512.935374310109,
    "mhz": 512.6901684053469
}