{
    "mh1": 552.758933019894,
    "mh2": 530.3865960481464
}