{
    "mh1": 520.240988234469,
    "mh2": 528.8463797747135,
    "mhz": 519.6922116588406
}