{
    "mh1": 522.4568561357281,
    "mh2": 525.4732694568396,
    "mhz": 518.1962861933218
}