{
    "mh1": 518.8724278035193,
    "mh2": 544.7864514616281,
    "mhz": 580.022047051207
}