{
    "mh1": 513.0757679805887,
    "mh2": 515.9572087043945,
    "mhz": 513.8702247437935
}