{
    "mh1": 523.1319047452653,
    "mh2": 527.953175148113,
    "mhz": 518.6492131046724
}