{
    "mh1": 518.6163561824469,
    "mh2": 536.5666438668491
}