{
    "mh1": 524.2986475325755,
    "mh2": 528.4033733536971,
    "mhz": 521.3542121478333
}