{
    "mh1": 523.2852268870188,
    "mh2": 525.2480497820086,
    "mhz": 519.7054498708635
}