{
    "mh1": 525.077757245927,
    "mh2": 527.7712798225202,
    "mhz": 521.5408654728668
}