{
    "mh1": 525.319389154359,
    "mh2": 496.0154093446044,
    "mhz": 497.5533396766317
}