{
    "mh1": 513.6624468281045,
    "mh2": 525.8820180077778
}