{
    "mh1": 507.999300662345,
    "mh2": 505.84202782118916,
    "mhz": 488.5192430386021
}