{
    "mh1": 512.2464209196683,
    "mh2": 516.4400022344195,
    "mhz": 434.2038590029588
}