{
    "mh1": 514.9292169311424,
    "mh2": 512.3258093666163,
    "mhz": 475.90684868768716
}