{
    "mh1": 521.5342386530808,
    "mh2": 534.311057083981
}