{
    "mh1": 512.3682398904125,
    "mh2": 530.7116241117278
}