{
    "mh1": 507.8751126076879,
    "mh2": 511.0029054715925,
    "mhz": 479.7425377833753
}