{
    "mh1": 512.024786353525,
    "mh2": 492.2108651754791
}