{
    "mh1": 524.5491258811787,
    "mh2": 568.533071977969
}