{
    "mh1": 518.3701849949716,
    "mh2": 524.0483154029505,
    "mhz": 514.8711774569049
}