{
    "mh1": 528.1773636797842,
    "mh2": 489.81886604954366,
    "mhz": 492.07748360244165
}