{
    "mh1": 511.99559784822543,
    "mh2": 492.52790534183475
}