{
    "mh1": 519.1023635538309,
    "mh2": 519.7922951800929,
    "mhz": 531.3877511965982
}