{
    "mh1": 510.3833935851088,
    "mh2": 498.85576259127373,
    "mhz": 509.8589279221324
}