{
    "mh1": 523.2084412466662,
    "mh2": 544.5791657613076
}