{
    "mh1": 511.19333346226745,
    "mh2": 519.0901428662604,
    "mhz": 448.9988358038658
}