{
    "mh1": 511.51573511327075,
    "mh2": 516.1168163159875,
    "mhz": 437.89323203282345
}