{
    "mh1": 517.6592008486828,
    "mh2": 519.760362328991,
    "mhz": 531.6742768774478
}