{
    "mh1": 513.4408764229632,
    "mh2": 531.8232322967331
}