{
    "mh1": 506.23495090626744,
    "mh2": 503.67265620382767,
    "mhz": 492.4330477421038
}