{
    "mh1": 509.7701556030956,
    "mh2": 504.9293371038901,
    "mhz": 509.2633050718277
}