{
    "mh1": 518.9524949798226,
    "mh2": 540.2644578694554
}