{
    "mh1": 522.471485556481,
    "mh2": 526.9900583349552,
    "mhz": 516.8170418023344
}