{
    "mh1": 505.0845664959211,
    "mh2": 501.8827962246115,
    "mhz": 493.96604607212174
}