{
    "mh1": 519.560436472083,
    "mh2": 524.9266019462573,
    "mhz": 512.3491720378179
}