{
    "mh1": 508.22118553346905,
    "mh2": 519.1847724366655,
    "mhz": 490.87392600263075
}