{
    "mh1": 514.1172811640456,
    "mh2": 512.2485337448646,
    "mhz": 547.6913832985138
}