{
    "mh1": 511.07305515610994,
    "mh2": 518.0582151749443,
    "mhz": 421.72100788359126
}