{
    "mh1": 522.2920129660913,
    "mh2": 519.8845159027835,
    "mhz": 524.8546437330695
}