{
    "mh1": 515.3593535816137,
    "mh2": 520.015714010609,
    "mhz": 516.4651655021612
}