{
    "mh1": 522.541938642583,
    "mh2": 533.4319441991568,
    "mhz": 524.5767099550446
}