{
    "mh1": 508.826485063323,
    "mh2": 509.2392939005982,
    "mhz": 482.04366299547155
}