{
    "mh1": 504.2001687491705,
    "mh2": 525.7660073115604
}