{
    "mh1": 498.3008775813778,
    "mh2": 575.3233634816871
}