{
    "mh1": 521.8086086576301,
    "mh2": 526.2430491783207
}