{
    "mh1": 512.0246101845205,
    "mh2": 513.6427610447852,
    "mhz": 516.8789501842225
}