{
    "mh1": 502.4352993736586,
    "mh2": 538.5571964188728
}