{
    "mh1": 516.5864094033068,
    "mh2": 525.3203933738363,
    "mhz": 559.7874924168123
}