{
    "mh1": 505.9900541908971,
    "mh2": 503.4222745059538,
    "mhz": 489.26547578766144
}