{
    "mh1": 515.6803039965058,
    "mh2": 539.0302628475589,
    "mhz": 573.2411885249481
}