{
    "mh1": 527.9001051046587,
    "mh2": 528.3800051765627,
    "mhz": 527.8775677235445
}