{
    "mh1": 523.650204777977,
    "mh2": 528.5326339258983
}