{
    "mh1": 511.90344526210913,
    "mh2": 496.2460150291826
}