{
    "mh1": 518.2475219226338,
    "mh2": 523.4659126180393,
    "mhz": 513.0252964371438
}