{
    "mh1": 528.0283982915856,
    "mh2": 536.4059438987099,
    "mhz": 533.2903616504611
}