{
    "mh1": 513.2048073509377,
    "mh2": 531.9101637027853,
    "mhz": 579.3904477538883
}