{
    "mh1": 523.9073674678815,
    "mh2": 529.6924540221817,
    "mhz": 522.2100608953548
}