{
    "mh1": 516.3592139514857,
    "mh2": 513.5298403464639,
    "mhz": 476.15641437024755
}