{
    "mh1": 517.872304607669,
    "mh2": 523.2939756623293,
    "mhz": 555.4215253802738
}