{
    "mh1": 517.0239287130396,
    "mh2": 524.7972717629413,
    "mhz": 524.3897684217981
}