{
    "mh1": 521.6217425004002,
    "mh2": 522.1134681369904,
    "mhz": 523.8113164794613
}