{
    "mh1": 452.1905236750122,
    "mh2": 436.37488742317123
}