{
    "mh1": 515.4699119514885,
    "mh2": 525.1011089435669,
    "mhz": 531.3499433649604
}