{
    "mh1": 512.30490398327,
    "mh2": 503.007842755668,
    "mhz": 515.0012319724322
}