{
    "mh1": 512.3933130815965,
    "mh2": 490.6963742632819,
    "mhz": 509.02517775618213
}