{
    "mh1": 518.7513177227374,
    "mh2": 545.5397453502308,
    "mhz": 582.7678648485748
}