{
    "mh1": 508.46352463761724,
    "mh2": 511.7041609544357,
    "mhz": 478.00521546408993
}