{
    "mh1": 514.0719483918765,
    "mh2": 519.6436681802537,
    "mhz": 599.4113280526623
}