{
    "mh1": 524.5910196975101,
    "mh2": 555.6750054695499
}