{
    "mh1": 515.6230620171971,
    "mh2": 512.8037100142424,
    "mhz": 479.21633823290466
}