{
    "mh1": 521.4747878287517,
    "mh2": 516.2416762432505,
    "mhz": 516.3021225981931
}