{
    "mh1": 521.7176974135375,
    "mh2": 525.1330112434356,
    "mhz": 525.0154159019348
}