{
    "mh1": 518.9104833627316,
    "mh2": 522.5892744290686,
    "mhz": 514.7140601289332
}