{
    "mh1": 515.5370895824889,
    "mh2": 518.2837412434708,
    "mhz": 597.1189066998351
}