{
    "mh1": 545.0088217410752,
    "mh2": 514.929019463955,
    "mhz": 523.2802644591134
}