{
    "mh1": 515.3018409512149,
    "mh2": 513.400551868431,
    "mhz": 475.62559673729913
}