{
    "mh1": 516.0668046557324,
    "mh2": 512.632526550413,
    "mhz": 476.8108058025334
}