{
    "mh1": 511.24410446170566,
    "mh2": 501.013908543595,
    "mhz": 508.9858294184139
}