{
    "mh1": 524.3655002150598,
    "mh2": 528.7675334303138,
    "mhz": 523.4860779634049
}