{
    "mh1": 522.9599466607945,
    "mh2": 520.7598626318411,
    "mhz": 512.9129196202621
}