{
    "mh1": 533.6615217378248,
    "mh2": 536.5219958080344,
    "mhz": 513.0894912892823
}