{
    "mh1": 511.8741446315363,
    "mh2": 517.831404014265,
    "mhz": 421.4009994583355
}