{
    "mh1": 535.035165586753,
    "mh2": 543.9290612412393,
    "mhz": 579.9836388341478
}