{
    "mh1": 512.1344867294017,
    "mh2": 540.4772446840582,
    "mhz": 539.535331740637
}