{
    "mh1": 525.2530776868799,
    "mh2": 527.2675858311585,
    "mhz": 521.0888874048351
}