{
    "mh1": 522.4396596526641,
    "mh2": 534.6275295595966
}