{
    "mh1": 522.3487473701595,
    "mh2": 525.5892231413267,
    "mhz": 520.039070704242
}