{
    "mh1": 513.3180935790787,
    "mh2": 516.8326441057665,
    "mhz": 590.2021390255919
}