{
    "mh1": 508.96756622201394,
    "mh2": 509.62763868119475,
    "mhz": 483.02040095397246
}