{
    "mh1": 506.8472626946346,
    "mh2": 552.1376155219027
}