{
    "mh1": 522.1354477887043,
    "mh2": 527.2590776716925,
    "mhz": 520.5794124617099
}