{
    "mh1": 525.0011876941131,
    "mh2": 550.9032361684846
}