{
    "mh1": 528.9721790219457,
    "mh2": 532.7755164655348,
    "mhz": 493.1063587056185
}