{
    "mh1": 511.87969349462253,
    "mh2": 490.1925103513339
}