{
    "mh1": 512.4692330696806,
    "mh2": 499.571669880686,
    "mhz": 480.05368648577297
}