{
    "mh1": 508.86887770417246,
    "mh2": 507.77560343764134,
    "mhz": 484.02026604712364
}