{
    "mh1": 512.2147763710868,
    "mh2": 518.6171528924536,
    "mhz": 606.0653561992367
}