{
    "mh1": 511.9731624994759,
    "mh2": 516.7904058756936,
    "mhz": 441.64554872296566
}