{
    "mh1": 518.1384653408504,
    "mh2": 521.2240971968147,
    "mhz": 531.2434245991511
}