{
    "mh1": 506.2664282537269,
    "mh2": 502.59648257518825,
    "mhz": 492.55486542814407
}