{
    "mh1": 518.3254680764137,
    "mh2": 522.1055786644877,
    "mhz": 493.14324507568085
}