{
    "mh1": 510.32704486404117,
    "mh2": 518.4370253835303,
    "mhz": 442.0777843349698
}