{
    "mh1": 520.7322122424813,
    "mh2": 515.3107695669336,
    "mhz": 515.415989849952
}