{
    "mh1": 522.8774129924154,
    "mh2": 547.3534870459632
}