{
    "mh1": 505.6595054658485,
    "mh2": 515.3772667209226,
    "mhz": 489.84992010417085
}