{
    "mh1": 515.1026585239131,
    "mh2": 540.2790095119464,
    "mhz": 581.7846113207415
}