{
    "mh1": 512.4485618937236,
    "mh2": 517.0013268442085,
    "mhz": 429.01290984609574
}