{
    "mh1": 526.0011385796396,
    "mh2": 494.1235332492959,
    "mhz": 496.19630566649516
}