{
    "mh1": 511.0811639741914,
    "mh2": 496.34736783238293
}