{
    "mh1": 522.6632411505018,
    "mh2": 521.2088933593701,
    "mhz": 513.0692166275699
}