{
    "mh1": 515.7248522934512,
    "mh2": 540.240447897943,
    "mhz": 583.6755054081558
}