{
    "mh1": 521.9079287211356,
    "mh2": 522.5079589094756,
    "mhz": 513.4775539117971
}