{
    "mh1": 509.2232639932938,
    "mh2": 507.1968535361727,
    "mhz": 485.36350134308174
}