{
    "mh1": 499.89666159674397,
    "mh2": 570.6558145143532
}