{
    "mh1": 523.808971594687,
    "mh2": 529.4817525675529,
    "mhz": 522.7571948883134
}