{
    "mh1": 512.7356305306823,
    "mh2": 516.3198523801423,
    "mhz": 513.1700212765584
}