{
    "mh1": 515.2646219644938,
    "mh2": 520.6825773908955,
    "mhz": 525.3692624229884
}