{
    "mh1": 509.00094720224524,
    "mh2": 501.42906730920134,
    "mhz": 491.5194402593758
}