{
    "mh1": 512.4751953066957,
    "mh2": 516.1273322273481,
    "mhz": 443.1914750052005
}