{
    "mh1": 512.0592032506404,
    "mh2": 515.9972137890685,
    "mhz": 439.9318832049087
}