{
    "mh1": 522.5153015619535,
    "mh2": 525.5229072563051,
    "mhz": 519.3576470712931
}