{
    "mh1": 513.7119147396932,
    "mh2": 520.5385945594941,
    "mhz": 595.2125525537181
}