{
    "mh1": 511.2171970770772,
    "mh2": 493.5460870689851
}