{
    "mh1": 500.6977457278965,
    "mh2": 571.1402411736324
}