{
    "mh1": 501.2731443612492,
    "mh2": 489.7114877418295,
    "mhz": 524.699706192333
}