{
    "mh1": 522.1373080192095,
    "mh2": 531.8772471949411,
    "mhz": 521.4157261322263
}