{
    "mh1": 512.8053819688246,
    "mh2": 518.2869284655918,
    "mhz": 598.1683015360875
}