{
    "mh1": 522.4669929050169,
    "mh2": 514.4972894052817,
    "mhz": 518.50013145349
}