{
    "mh1": 525.9579124137847,
    "mh2": 495.337926816482,
    "mhz": 497.0491909272009
}