{
    "mh1": 512.303934134751,
    "mh2": 518.4814155626923,
    "mhz": 600.9044381090774
}