{
    "mh1": 507.0955481999321,
    "mh2": 504.11447254586926,
    "mhz": 492.2030133815714
}