{
    "mh1": 518.3474555516566,
    "mh2": 520.3498424569407,
    "mhz": 492.56826493406805
}