{
    "mh1": 519.9285838670356,
    "mh2": 514.2376749291137,
    "mhz": 515.3684527138983
}