{
    "mh1": 514.464639227145,
    "mh2": 495.4353732701826
}