{
    "mh1": 515.587546802574,
    "mh2": 522.624562114639,
    "mhz": 514.3066548789459
}