{
    "mh1": 527.0804651268727,
    "mh2": 532.4342673168818,
    "mhz": 542.2856007464582
}