{
    "mh1": 528.3230475628351,
    "mh2": 487.1012935910678,
    "mhz": 490.34645350164084
}