{
    "mh1": 517.5156919011685,
    "mh2": 544.0965766005079,
    "mhz": 579.3651191158583
}