{
    "mh1": 508.74653792954933,
    "mh2": 508.89611890110075,
    "mhz": 482.29686901461235
}