{
    "mh1": 505.5884427696524,
    "mh2": 502.79833049022625,
    "mhz": 490.3237226991806
}