{
    "mh1": 511.9334958021074,
    "mh2": 492.2633796740595
}