{
    "mh1": 524.9846300704243,
    "mh2": 530.1146186760989,
    "mhz": 522.4736118558105
}