{
    "mh1": 508.8354016342231,
    "mh2": 507.7455513087063,
    "mhz": 487.0201329009473
}