{
    "mh1": 512.4029540439312,
    "mh2": 515.0533534532954,
    "mhz": 513.3629151694774
}