{
    "mh1": 519.8326995931336,
    "mh2": 525.4262100976485,
    "mhz": 553.5158812022676
}