{
    "mh1": 517.1486635067101,
    "mh2": 519.714285213262,
    "mhz": 491.46750090309365
}