{
    "mh1": 517.6698918024596,
    "mh2": 519.2300324958944,
    "mhz": 533.3947981746264
}