{
    "mh1": 519.2708770120161,
    "mh2": 525.846505335036,
    "mhz": 520.0781775469832
}