{
    "mh1": 501.8680390929215,
    "mh2": 529.6402605765577,
    "mhz": 520.4199077443384
}