{
    "mh1": 522.0046308749228,
    "mh2": 526.0349987913903,
    "mhz": 515.4257878666715
}