{
    "mh1": 526.0931669021326,
    "mh2": 495.98491401358143,
    "mhz": 497.1702682681623
}