{
    "mh1": 527.9532327700143,
    "mh2": 526.7176432234303,
    "mhz": 526.2764559308653
}