{
    "mh1": 506.84227948915867,
    "mh2": 503.978761214086,
    "mhz": 492.2218885241991
}