{
    "mh1": 510.4590270958932,
    "mh2": 518.7998187529145,
    "mhz": 413.39509020874794
}