{
    "mh1": 524.7744891487392,
    "mh2": 528.287260488682,
    "mhz": 519.4418132200598
}