{
    "mh1": 521.8639851400726,
    "mh2": 524.6227915982348,
    "mhz": 519.6673359697345
}