{
    "mh1": 516.4945492472021,
    "mh2": 538.2207820569264,
    "mhz": 450.98340175748154
}