{
    "mh1": 518.5973323707311,
    "mh2": 503.1774729132956,
    "mhz": 490.440925466307
}