{
    "mh1": 509.1624398561175,
    "mh2": 511.34867067903576,
    "mhz": 475.6280407431817
}