{
    "mh1": 527.8930412664402,
    "mh2": 487.5185683775646,
    "mhz": 491.06739549051184
}