{
    "mh1": 517.4483471977644,
    "mh2": 519.9942240097928,
    "mhz": 517.1118212818046
}