{
    "mh1": 516.9914621150008,
    "mh2": 518.9536729235703,
    "mhz": 544.8157152232122
}