{
    "mh1": 514.4985657309811,
    "mh2": 493.86204525964405
}