{
    "mh1": 514.5732119979059,
    "mh2": 493.038294494794
}