{
    "mh1": 537.3514609918793,
    "mh2": 502.3563460701856,
    "mhz": 496.9513177929234
}