{
    "mh1": 516.5246014410129,
    "mh2": 512.2044911421033,
    "mhz": 489.847721246318
}