{
    "mh1": 538.9075476215415,
    "mh2": 514.5497487080019,
    "mhz": 523.0516787310851
}