{
    "mh1": 526.6985349554186,
    "mh2": 491.3625020795209,
    "mhz": 494.21376247944795
}