{
    "mh1": 509.12950096522565,
    "mh2": 511.59115361834694,
    "mhz": 476.1508255040476
}