{
    "mh1": 513.7745394512722,
    "mh2": 512.5386555884377,
    "mhz": 546.0417463736594
}