{
    "mh1": 525.0998109196531,
    "mh2": 529.2213041289642,
    "mhz": 498.3257383092989
}