{
    "mh1": 518.4664842224088,
    "mh2": 521.5329001627176,
    "mhz": 527.6492328501411
}