{
    "mh1": 518.9138742550791,
    "mh2": 521.5139835726792,
    "mhz": 516.8071277575544
}