{
    "mh1": 528.7506648517381,
    "mh2": 497.25246694987015,
    "mhz": 526.8564857502279
}