{
    "mh1": 529.1034294037318,
    "mh2": 499.105457705536,
    "mhz": 526.1188044888495
}