{
    "mh1": 517.2946500064165,
    "mh2": 515.1862094022038,
    "mhz": 548.6982772800147
}