{
    "mh1": 521.711233770866,
    "mh2": 519.132434847277,
    "mhz": 511.40245611907505
}