{
    "mh1": 525.1266535539357,
    "mh2": 525.213316492473,
    "mhz": 522.9913417409078
}