{
    "mh1": 501.45751992536503,
    "mh2": 454.1063103072953
}