{
    "mh1": 511.19036455321816,
    "mh2": 518.7879662887881,
    "mhz": 430.299561786984
}