{
    "mh1": 509.1296274232209,
    "mh2": 504.4444267281558,
    "mhz": 498.9010917577633
}