{
    "mh1": 501.3580371747212,
    "mh2": 455.1061610644797,
    "mhz": 518.788246531392
}