{
    "mh1": 514.4192691471751,
    "mh2": 519.1553688579813,
    "mhz": 491.3883927868336
}