{
    "mh1": 510.0898033093175,
    "mh2": 511.16782481465367,
    "mhz": 509.34510603536717
}