{
    "mh1": 527.9641564553801,
    "mh2": 487.63036837786086,
    "mhz": 491.1353115289926
}