{
    "mh1": 528.9698281485983,
    "mh2": 528.6824121321525,
    "mhz": 536.6608124549991
}