{
    "mh1": 514.6154923698821,
    "mh2": 510.9894650381435
}