{
    "mh1": 522.4354032658832,
    "mh2": 543.7954309213404
}