{
    "mh1": 507.12490498316345,
    "mh2": 514.0668045978618,
    "mhz": 487.02846223878015
}