{
    "mh1": 516.250212459388,
    "mh2": 510.2282774057041,
    "mhz": 489.8945890367842
}