{
    "mh1": 500.95649086848624,
    "mh2": 537.7931037497945
}