{
    "mh1": 515.339603626423,
    "mh2": 512.6885744618767,
    "mhz": 513.5505693775647
}