{
    "mh1": 521.9120101761581,
    "mh2": 517.6520637586829,
    "mhz": 515.1501415488842
}