{
    "mh1": 508.067351390338,
    "mh2": 509.7827546063285,
    "mhz": 486.78805448622
}