{
    "mh1": 527.6927712637978,
    "mh2": 536.386239176797,
    "mhz": 491.10186454043634
}