{
    "mh1": 523.0388078879648,
    "mh2": 528.3121593464367,
    "mhz": 519.3880444532604
}