{
    "mh1": 522.0335574240512,
    "mh2": 516.2672466465342,
    "mhz": 514.2986823277413
}