{
    "mh1": 525.0681991859419,
    "mh2": 524.830292633919,
    "mhz": 519.8080265771263
}