{
    "mh1": 508.9929521071993,
    "mh2": 511.2651300306674,
    "mhz": 479.95959940344125
}