{
    "mh1": 505.9777952161405,
    "mh2": 504.83344489671794,
    "mhz": 495.6730615633329
}