{
    "mh1": 514.9806144432047,
    "mh2": 494.248539499307
}