{
    "mh1": 514.5256531832918,
    "mh2": 531.4279572989234,
    "mhz": 571.1052121416456
}