{
    "mh1": 522.6324186934983,
    "mh2": 565.1129514567524
}