{
    "mh1": 508.1568319134769,
    "mh2": 512.5526422589254,
    "mhz": 547.7198081467361
}