{
    "mh1": 543.6898721111099,
    "mh2": 514.4876765764195,
    "mhz": 520.4095344189714
}