{
    "mh1": 517.8584435995663,
    "mh2": 522.2828320921849,
    "mhz": 531.1614076684476
}