{
    "mh1": 521.1344689914956,
    "mh2": 520.0557737641388,
    "mhz": 513.0344177522222
}