{
    "mh1": 512.6996019376911,
    "mh2": 493.1083005984067
}