{
    "mh1": 510.55850731702196,
    "mh2": 499.4406763060272,
    "mhz": 509.5676514779165
}