{
    "mh1": 510.9422940452557,
    "mh2": 519.421430765831,
    "mhz": 415.3973062218837
}