{
    "mh1": 518.5842256125752,
    "mh2": 508.4607256686221,
    "mhz": 484.67561656111565
}