{
    "mh1": 522.1950847891526,
    "mh2": 523.5602712541887,
    "mhz": 515.3925675353588
}