{
    "mh1": 514.599032711924,
    "mh2": 525.7841566674055,
    "mhz": 571.1306672809537
}