{
    "mh1": 526.8603007542608,
    "mh2": 490.06808709038927,
    "mhz": 530.4842444736898
}