{
    "mh1": 515.3822054656189,
    "mh2": 514.8138812890692,
    "mhz": 546.3570570003949
}