{
    "mh1": 517.5729937017916,
    "mh2": 526.7428860439277,
    "mhz": 552.6498873185304
}