{
    "mh1": 526.2566850481567,
    "mh2": 495.6308982373271,
    "mhz": 496.08051110042163
}