{
    "mh1": 517.9978683789697,
    "mh2": 518.8826949114839,
    "mhz": 555.8516383521717
}