{
    "mh1": 512.4477997692376,
    "mh2": 490.1427874067184,
    "mhz": 509.9992810838061
}