{
    "mh1": 506.3452636063556,
    "mh2": 528.0603732362313,
    "mhz": 566.3533910833406
}