{
    "mh1": 511.9328589498106,
    "mh2": 491.451546063953
}