{
    "mh1": 516.5054445857106,
    "mh2": 506.30226836115156,
    "mhz": 489.40326953049754
}