{
    "mh1": 527.8940102723067,
    "mh2": 519.7603981061956,
    "mhz": 491.8849887152336
}