{
    "mh1": 512.0204230450429,
    "mh2": 516.502558345312,
    "mhz": 416.60672192494667
}