{
    "mh1": 525.5114834485496,
    "mh2": 525.2132670424239,
    "mhz": 519.7057591146927
}