{
    "mh1": 520.4592354833857,
    "mh2": 525.5279186528093,
    "mhz": 519.6056423600936
}