{
    "mh1": 525.2316652409977,
    "mh2": 495.940596238746,
    "mhz": 497.1859710595166
}