{
    "mh1": 509.3466098008006,
    "mh2": 510.4369755093554,
    "mhz": 479.01858672406803
}