{
    "mh1": 505.72248683442655,
    "mh2": 504.215417543921,
    "mhz": 492.4767906907668
}