{
    "mh1": 521.586984933648,
    "mh2": 520.9088280325825,
    "mhz": 511.4197781918197
}