{
    "mh1": 522.8796683688628,
    "mh2": 523.2481007614431,
    "mhz": 515.0474727456387
}