{
    "mh1": 502.0569499372663,
    "mh2": 545.8261579478908
}