{
    "mh1": 514.4893746476357,
    "mh2": 495.7513671318978
}