{
    "mh1": 508.3108180551088,
    "mh2": 513.807088738787,
    "mhz": 476.4755995139559
}