{
    "mh1": 512.2484856970344,
    "mh2": 516.628573978757,
    "mhz": 432.50665306243883
}