{
    "mh1": 517.9577408084856,
    "mh2": 534.5621524424116,
    "mhz": 564.8088155027117
}