{
    "mh1": 521.8155962108256,
    "mh2": 522.9054166043512,
    "mhz": 516.6353578523056
}