{
    "mh1": 508.21516670844824,
    "mh2": 512.2505542006439,
    "mhz": 477.35227221857133
}