{
    "mh1": 512.4693001016688,
    "mh2": 490.88362517032607,
    "mhz": 509.0010710943248
}