{
    "mh1": 519.4826399941235,
    "mh2": 522.6320458222203,
    "mhz": 493.15878651355257
}