{
    "mh1": 511.90913351032555,
    "mh2": 495.7835527300458
}