{
    "mh1": 511.8662986224548,
    "mh2": 492.7071567711109
}