{
    "mh1": 511.96468985108726,
    "mh2": 492.46874633742726
}