{
    "mh1": 515.4216093551344,
    "mh2": 526.7018891008013,
    "mhz": 565.614526977088
}