{
    "mh1": 506.2115562683662,
    "mh2": 541.3409115924128,
    "mhz": 580.6458244889474
}