{
    "mh1": 524.7009133217799,
    "mh2": 530.1127868543157,
    "mhz": 524.1340982781753
}