{
    "mh1": 525.956706788163,
    "mh2": 496.34807348198404,
    "mhz": 497.4495642703442
}