{
    "mh1": 506.339025941797,
    "mh2": 504.2603695897603,
    "mhz": 491.36317006377107
}