{
    "mh1": 527.6541112334339,
    "mh2": 506.43088568491737,
    "mhz": 491.82801890736744
}