{
    "mh1": 503.5416766460785,
    "mh2": 564.6296137594269
}