{
    "mh1": 513.6601699378919,
    "mh2": 533.866140133633,
    "mhz": 574.626695632774
}