{
    "mh1": 526.9604430379746,
    "mh2": 495.43798099163126,
    "mhz": 496.9163230797536
}