{
    "mh1": 518.4334826738273,
    "mh2": 551.558122141777,
    "mhz": 593.5344396084683
}