{
    "mh1": 502.8820889653907,
    "mh2": 537.7136678427446
}