{
    "mh1": 528.8650685410547,
    "mh2": 514.1757046440061,
    "mhz": 526.7295214681876
}