{
    "mh1": 518.0986520284422,
    "mh2": 516.0707363763538,
    "mhz": 476.25321789898265
}