{
    "mh1": 501.7110184966755,
    "mh2": 532.9988903877877,
    "mhz": 522.8055582744879
}