{
    "mh1": 515.3874456336252,
    "mh2": 512.4642840265684,
    "mhz": 476.20789876696625
}