{
    "mh1": 527.2706029531759,
    "mh2": 488.5220966964155,
    "mhz": 491.9545294121758
}