{
    "mh1": 524.0317920259222,
    "mh2": 565.356092509364,
    "mhz": 518.2571275349743
}