{
    "mh1": 503.0532929224149,
    "mh2": 558.1607913871426,
    "mhz": 514.8174080898482
}