{
    "mh1": 527.9284966051697,
    "mh2": 525.4551442636161,
    "mhz": 528.2780515386137
}