{
    "mh1": 514.2168871511035,
    "mh2": 518.6576213146975,
    "mhz": 589.1874641843823
}