{
    "mh1": 529.5480379790021,
    "mh2": 491.19593126397444,
    "mhz": 492.39105910675045
}