{
    "mh1": 514.7532323444107,
    "mh2": 534.6883793342047,
    "mhz": 452.03571072894334
}