{
    "mh1": 514.6171675049396,
    "mh2": 493.54331221763726
}