{
    "mh1": 514.132212404864,
    "mh2": 537.1806810187632
}