{
    "mh1": 514.7709454581841,
    "mh2": 520.1092909063619,
    "mhz": 574.2347362139021
}