{
    "mh1": 509.8820302504513,
    "mh2": 504.569509705122,
    "mhz": 509.16278694788053
}