{
    "mh1": 517.8121998419242,
    "mh2": 548.7332721347267,
    "mhz": 596.3383276508573
}