{
    "mh1": 508.97158719390234,
    "mh2": 508.0300433172114,
    "mhz": 485.19033160599963
}