{
    "mh1": 544.6031767673325,
    "mh2": 514.469879307482,
    "mhz": 524.3339620069078
}