{
    "mh1": 522.0787700372456,
    "mh2": 528.3736771187155,
    "mhz": 520.0286651134394
}