{
    "mh1": 511.93039863269894,
    "mh2": 512.1802983286868,
    "mhz": 510.663243274479
}