{
    "mh1": 526.6980963696462,
    "mh2": 527.7025361862366,
    "mhz": 526.4842253353538
}