{
    "mh1": 522.3809065235704,
    "mh2": 520.7896542510753,
    "mhz": 512.1850513933726
}