{
    "mh1": 513.074041513444,
    "mh2": 538.1455923965192,
    "mhz": 575.075875411578
}