{
    "mh1": 511.6201854266158,
    "mh2": 499.019727775475
}