{
    "mh1": 504.792781292423,
    "mh2": 542.3341929873359
}