{
    "mh1": 525.9724276524507,
    "mh2": 495.7361663481267,
    "mhz": 497.1371718569943
}