{
    "mh1": 512.6594291546371,
    "mh2": 521.5471160635018,
    "mhz": 550.6905328927942
}