{
    "mh1": 506.5951868328205,
    "mh2": 504.2178439560678,
    "mhz": 492.15196641937166
}