{
    "mh1": 523.9231940787631,
    "mh2": 529.8467156479162,
    "mhz": 520.8139397684641
}