{
    "mh1": 517.8213713508416,
    "mh2": 516.9884253740762,
    "mhz": 515.7249762037068
}