{
    "mh1": 506.5948351552252,
    "mh2": 503.493271558298,
    "mhz": 492.01718052582237
}