{
    "mh1": 507.96270283149437,
    "mh2": 510.17115306789253,
    "mhz": 484.30966942829264
}