{
    "mh1": 514.3608058096013,
    "mh2": 517.0227923613089,
    "mhz": 553.1275526963182
}