{
    "mh1": 515.5100156623527,
    "mh2": 523.1795933321121,
    "mhz": 534.0049937257847
}