{
    "mh1": 512.0805257812162,
    "mh2": 516.3751528477861,
    "mhz": 593.3297694362055
}