{
    "mh1": 521.6467980392122,
    "mh2": 525.4451670958027,
    "mhz": 519.0394632977254
}