{
    "mh1": 518.6345968583855,
    "mh2": 542.1183016955233,
    "mhz": 585.1537374795945
}