{
    "mh1": 519.1816692387375,
    "mh2": 543.8256680648361,
    "mhz": 583.6223974068757
}