{
    "mh1": 505.0367172814747,
    "mh2": 488.69009105404496
}