{
    "mh1": 516.7948119264984,
    "mh2": 517.6430026222206,
    "mhz": 475.13004441618665
}