{
    "mh1": 523.1076282773041,
    "mh2": 526.6028516280245,
    "mhz": 519.4678186539213
}