{
    "mh1": 502.4776739465027,
    "mh2": 512.330011041307,
    "mhz": 524.431398582829
}