{
    "mh1": 523.5569454467699,
    "mh2": 526.6302505884722,
    "mhz": 520.9468456653291
}