{
    "mh1": 527.8294771573416,
    "mh2": 488.02336109434424,
    "mhz": 491.3492696547038
}