{
    "mh1": 515.9554868770233,
    "mh2": 520.2305403658345,
    "mhz": 474.17942477992057
}