{
    "mh1": 526.7354525502558,
    "mh2": 491.852201371281,
    "mhz": 494.47742621930877
}