{
    "mh1": 522.4538863598044,
    "mh2": 524.371066059445,
    "mhz": 515.3803904566568
}