{
    "mh1": 511.2989539976366,
    "mh2": 491.02573965793835
}