{
    "mh1": 512.4903830110106,
    "mh2": 513.1442593929303,
    "mhz": 551.5849469427319
}