{
    "mh1": 513.5758824724644,
    "mh2": 518.77755201774,
    "mhz": 596.3690071867343
}