{
    "mh1": 512.0382170260712,
    "mh2": 525.8528631581199,
    "mhz": 538.8397857607542
}