{
    "mh1": 526.9373233567972,
    "mh2": 491.26920014964725,
    "mhz": 494.36459543081054
}