{
    "mh1": 540.1803882511226,
    "mh2": 518.0038124191914,
    "mhz": 585.3018693221524
}