{
    "mh1": 521.3526925859078,
    "mh2": 518.4970493783591,
    "mhz": 512.5735959504801
}