{
    "mh1": 507.52966934653875,
    "mh2": 505.6285216035954,
    "mhz": 489.4748275355937
}