{
    "mh1": 515.043685173247,
    "mh2": 512.1443823267352,
    "mhz": 547.6751469283074
}