{
    "mh1": 514.8741009636169,
    "mh2": 520.0827223615667,
    "mhz": 531.7173048545632
}