{
    "mh1": 523.0115122807017,
    "mh2": 565.6108119583888,
    "mhz": 518.7974935321201
}