{
    "mh1": 514.032006286915,
    "mh2": 515.8948316411404,
    "mhz": 513.9178121743453
}