{
    "mh1": 521.0344062485153,
    "mh2": 521.8880646387297,
    "mhz": 511.23864966014526
}