{
    "mh1": 516.6582550739518,
    "mh2": 512.0451870786835,
    "mhz": 476.87928836962294
}