{
    "mh1": 506.530805595347,
    "mh2": 502.8801861234255,
    "mhz": 490.4889672703604
}