{
    "mh1": 521.1718467449284,
    "mh2": 525.3075964826148,
    "mhz": 519.5747254763215
}