{
    "mh1": 510.01143319798325,
    "mh2": 502.9235025545302,
    "mhz": 509.1880867906801
}