{
    "mh1": 527.0555302765446,
    "mh2": 490.40684918992423,
    "mhz": 493.30511205121536
}