{
    "mh1": 524.0858489833578,
    "mh2": 525.9903328085051,
    "mhz": 520.8876881659273
}