{
    "mh1": 513.3798121080811,
    "mh2": 531.6428682241607,
    "mhz": 573.8528349447818
}