{
    "mh1": 532.4273671352169,
    "mh2": 529.8840916290246,
    "mhz": 471.4839513518243
}