{
    "mh1": 506.01463627936266,
    "mh2": 503.136408794361,
    "mhz": 488.8144054011509
}