{
    "mh1": 522.0113550075758,
    "mh2": 564.7832065289667
}