{
    "mh1": 515.9490936003801,
    "mh2": 513.0753188845437,
    "mhz": 476.12407463922125
}