{
    "mh1": 515.593616944649,
    "mh2": 538.5744894839322,
    "mhz": 513.7160274213816
}