{
    "mh1": 510.80137890593767,
    "mh2": 500.4088466609568,
    "mhz": 509.1395388508231
}