{
    "mh1": 510.0558683927588,
    "mh2": 523.8002178291213,
    "mhz": 515.0042727717923
}