{
    "mh1": 521.2849471499505,
    "mh2": 527.0548429131389,
    "mhz": 555.0583504670769
}