{
    "mh1": 527.4208303528903,
    "mh2": 488.97712245995507,
    "mhz": 492.23158877092095
}