{
    "mh1": 524.3677534582384,
    "mh2": 528.3739778461841,
    "mhz": 520.9057956676513
}