{
    "mh1": 510.520246850072,
    "mh2": 520.8968524341187,
    "mhz": 469.58025695804093
}