{
    "mh1": 524.3473233891781,
    "mh2": 529.4209967333127,
    "mhz": 522.8126046553133
}