{
    "mh1": 509.2505128291653,
    "mh2": 518.2936739525409,
    "mhz": 466.84245249511633
}