{
    "mh1": 505.92118133540436,
    "mh2": 503.7819490215011,
    "mhz": 491.5367418120247
}