{
    "mh1": 515.2055353544047,
    "mh2": 502.84937182978894,
    "mhz": 509.7837741403948
}