{
    "mh1": 514.435433933254,
    "mh2": 520.1942944202709,
    "mhz": 560.6609712561672
}