{
    "mh1": 511.79829245619305,
    "mh2": 518.1353606413577,
    "mhz": 417.1977577840644
}