{
    "mh1": 515.436529012023,
    "mh2": 511.95714356317075,
    "mhz": 480.5038976739412
}