{
    "mh1": 523.0719916831199,
    "mh2": 528.7581386897024,
    "mhz": 519.2623202307756
}