{
    "mh1": 525.7349794050504,
    "mh2": 521.6201695717092,
    "mhz": 534.6020649299498
}