{
    "mh1": 509.010414841636,
    "mh2": 508.8998056850399,
    "mhz": 513.7715112945357
}