{
    "mh1": 524.3384371462627,
    "mh2": 528.4438751318904,
    "mhz": 520.5466446022025
}