{
    "mh1": 524.4913635596779,
    "mh2": 526.1100260603624,
    "mhz": 520.4689963244267
}