{
    "mh1": 526.4877036943365,
    "mh2": 493.8318427708304,
    "mhz": 495.9233224087481
}