{
    "mh1": 514.5717685903007,
    "mh2": 535.9129389213514,
    "mhz": 575.9970883565741
}