{
    "mh1": 524.3728375471201,
    "mh2": 571.398051771022
}