{
    "mh1": 513.1182838813152,
    "mh2": 518.4188003508913,
    "mhz": 562.6719780796975
}