{
    "mh1": 528.5621909684825,
    "mh2": 535.2951677963988,
    "mhz": 532.5710929199215
}