{
    "mh1": 521.2704172992161,
    "mh2": 512.6790607645046,
    "mhz": 506.0600866841479
}