{
    "mh1": 517.5737641296089,
    "mh2": 520.7376882380573,
    "mhz": 528.3221905613527
}