{
    "mh1": 525.9541293067717,
    "mh2": 496.9073577916831,
    "mhz": 497.39132883178297
}