{
    "mh1": 512.5725029742615,
    "mh2": 534.7915907459072,
    "mhz": 580.131268998288
}