{
    "mh1": 523.9641632696655,
    "mh2": 529.2604298131472,
    "mhz": 521.3264941746104
}