{
    "mh1": 527.4264151816874,
    "mh2": 488.79924647094856,
    "mhz": 492.0184287324415
}