{
    "mh1": 506.40777773797157,
    "mh2": 519.6630472170666,
    "mhz": 515.010868377642
}