{
    "mh1": 527.5955617526976,
    "mh2": 489.57258858267716,
    "mhz": 492.4697433654127
}