{
    "mh1": 514.2146406776574,
    "mh2": 513.9700989839301,
    "mhz": 512.397148186468
}