{
    "mh1": 511.9526254988448,
    "mh2": 496.41947753695996
}