{
    "mh1": 521.4089262466251,
    "mh2": 555.068899292431,
    "mhz": 434.2149619921363
}