{
    "mh1": 522.8904695312735,
    "mh2": 525.6657964168849,
    "mhz": 515.9183782288287
}