{
    "mh1": 522.9791687120437,
    "mh2": 528.695348645583,
    "mhz": 520.3318273224388
}