{
    "mh1": 517.0588618080642,
    "mh2": 515.4752471068275,
    "mhz": 545.077303930449
}