{
    "mh1": 523.4544372286394,
    "mh2": 569.7548598759572
}