{
    "mh1": 511.93157680395245,
    "mh2": 518.4269526247256,
    "mhz": 421.35638449887114
}