{
    "mh1": 526.8836391092561,
    "mh2": 492.20882599173996,
    "mhz": 495.0392797718089
}