{
    "mh1": 510.41070401054975,
    "mh2": 536.2959730368555
}