{
    "mh1": 513.240938994532,
    "mh2": 517.1525606345824,
    "mhz": 513.9492294063054
}