{
    "mh1": 528.5072750420588,
    "mh2": 533.2951328834224,
    "mhz": 492.9670435368082
}