{
    "mh1": 511.870172293666,
    "mh2": 491.0902031220185
}