{
    "mh1": 522.793567294465,
    "mh2": 525.3514780631114,
    "mhz": 517.0937611529681
}