{
    "mh1": 523.932388115252,
    "mh2": 526.2541616778032,
    "mhz": 519.1038244650595
}