{
    "mh1": 527.2852701596255,
    "mh2": 489.89149508298823,
    "mhz": 492.9424466095512
}