{
    "mh1": 513.1749008231244,
    "mh2": 518.2343790959327,
    "mhz": 600.1945160472899
}