{
    "mh1": 511.9268872793036,
    "mh2": 490.1267525615943
}