{
    "mh1": 518.8920097003345,
    "mh2": 515.9565803778285,
    "mhz": 513.9981615678088
}