{
    "mh1": 514.9435563028503,
    "mh2": 521.345295433909,
    "mhz": 545.6430901747026
}