{
    "mh1": 516.6968539569275,
    "mh2": 538.0127420918835,
    "mhz": 581.5110565625682
}