{
    "mh1": 527.8286127535126,
    "mh2": 486.4430958538932,
    "mhz": 490.35142296299693
}