{
    "mh1": 522.9804631940531,
    "mh2": 525.6133085963428,
    "mhz": 516.0357695562485
}