{
    "mh1": 514.156703824204,
    "mh2": 527.9919843997687,
    "mhz": 568.778284519721
}