{
    "mh1": 515.3796120423779,
    "mh2": 518.3673391289153,
    "mhz": 535.296407290265
}