{
    "mh1": 523.3294653382549,
    "mh2": 529.8702944013324,
    "mhz": 521.8009831290418
}