{
    "mh1": 506.87330363418295,
    "mh2": 502.3208434229966,
    "mhz": 490.162072522554
}