{
    "mh1": 515.0881988011813,
    "mh2": 512.2128790645736,
    "mhz": 476.89842563580095
}