{
    "mh1": 511.9504504662413,
    "mh2": 490.7382486928385,
    "mhz": 509.023557208611
}