{
    "mh1": 526.473139023737,
    "mh2": 532.9513460710272,
    "mhz": 530.266596057561
}