{
    "mh1": 516.0128617946648,
    "mh2": 515.3360048617221,
    "mhz": 474.57862732790807
}