{
    "mh1": 520.2682968583981,
    "mh2": 567.5051892296269,
    "mhz": 518.0001935355408
}