{
    "mh1": 512.4188833179015,
    "mh2": 492.8807593331202
}