{
    "mh1": 524.1128454245832,
    "mh2": 548.1724632365201
}