{
    "mh1": 528.1042705306622,
    "mh2": 537.024754746412,
    "mhz": 490.6126366536743
}