{
    "mh1": 510.34228658691245,
    "mh2": 497.95667993177943
}