{
    "mh1": 527.7652761266805,
    "mh2": 487.15529270466214,
    "mhz": 490.96356095263604
}