{
    "mh1": 512.2132751069882,
    "mh2": 520.1647094803411,
    "mhz": 538.7810496526793
}