{
    "mh1": 523.189052186153,
    "mh2": 528.3298693986462,
    "mhz": 520.0510649607711
}