{
    "mh1": 516.0289436792486,
    "mh2": 531.1343507464126,
    "mhz": 545.2103022115218
}