{
    "mh1": 508.0093276535945,
    "mh2": 510.94189802819375,
    "mhz": 480.8753728433057
}