{
    "mh1": 514.4514762695569,
    "mh2": 512.1683926230224,
    "mhz": 353.3650262563543
}