{
    "mh1": 527.9054413403123,
    "mh2": 487.3744374626654,
    "mhz": 490.76033367667975
}