{
    "mh1": 506.7552490585356,
    "mh2": 521.109502846313,
    "mhz": 532.4230581098732
}