{
    "mh1": 511.0461216031207,
    "mh2": 495.5849073412024
}