{
    "mh1": 512.166895570534,
    "mh2": 521.8834415675889,
    "mhz": 553.2259006713111
}