{
    "mh1": 506.75271702434753,
    "mh2": 504.5782010968024,
    "mhz": 491.96977211584664
}