{
    "mh1": 526.1758542491986,
    "mh2": 496.7491076240403,
    "mhz": 497.4787115468402
}