{
    "mh1": 516.5364338725956,
    "mh2": 532.4481586689662,
    "mhz": 560.6805185809687
}