{
    "mh1": 515.1976865868508,
    "mh2": 533.8975447068113,
    "mhz": 449.65101340609965
}