{
    "mh1": 516.6251933897479,
    "mh2": 534.2289863137021,
    "mhz": 566.6171814497336
}