{
    "mh1": 507.4998828699997,
    "mh2": 506.45421520140275,
    "mhz": 489.7608231238287
}