{
    "mh1": 515.8752471311677,
    "mh2": 517.5990945753667,
    "mhz": 515.453641755134
}