{
    "mh1": 517.8357024738782,
    "mh2": 504.2822400369999,
    "mhz": 491.9746651910664
}