{
    "mh1": 518.3611429988662,
    "mh2": 521.7392081519707,
    "mhz": 517.8353797776695
}