{
    "mh1": 507.0885498712984,
    "mh2": 508.4259623700213,
    "mhz": 482.920804619617
}