{
    "mh1": 501.1815263908702,
    "mh2": 451.0805278174037
}