{
    "mh1": 507.7745970474961,
    "mh2": 528.9320968843588,
    "mhz": 455.05357690132064
}