{
    "mh1": 510.78990885519113,
    "mh2": 500.27401712749105,
    "mhz": 509.42060467035463
}