{
    "mh1": 520.1779967278676,
    "mh2": 553.1278714868198,
    "mhz": 439.5185412080371
}