{
    "mh1": 517.207449838708,
    "mh2": 513.8454885897572,
    "mhz": 536.1492034977598
}