{
    "mh1": 514.2754510625184,
    "mh2": 494.775751795823
}