{
    "mh1": 500.1249628505458,
    "mh2": 533.5349710362583
}