{
    "mh1": 523.7405063844138,
    "mh2": 527.8486915798027,
    "mhz": 521.4284273858849
}