{
    "mh1": 525.255429959118,
    "mh2": 493.58384129563143,
    "mhz": 527.4994977121883
}