{
    "mh1": 510.22243921097976,
    "mh2": 502.4766730827606,
    "mhz": 509.4238831548746
}