{
    "mh1": 512.0309479108762,
    "mh2": 517.3027329793721,
    "mhz": 425.04513252536333
}