{
    "mh1": 527.460676872068,
    "mh2": 487.8168090791249,
    "mhz": 491.38503634830886
}