{
    "mh1": 513.2299018738288,
    "mh2": 522.9968545285305,
    "mhz": 563.616518972003
}