{
    "mh1": 523.2631134679239,
    "mh2": 548.5412797601325
}