{
    "mh1": 517.2688409505881,
    "mh2": 539.4548914390961,
    "mhz": 455.609552870005
}