{
    "mh1": 512.4336448795196,
    "mh2": 518.7063523441523,
    "mhz": 615.7101646637932
}