{
    "mh1": 525.1648242251696,
    "mh2": 497.5101322752574,
    "mhz": 526.366686686876
}