{
    "mh1": 528.0957027630839,
    "mh2": 533.8638419274143,
    "mhz": 532.3109873031801
}