{
    "mh1": 507.6915040675271,
    "mh2": 507.83061974055744,
    "mhz": 483.1032849903897
}