{
    "mh1": 518.3688142897556,
    "mh2": 504.3504925465963,
    "mhz": 531.4607745181833
}