{
    "mh1": 521.7156795605854,
    "mh2": 522.4073673360608,
    "mhz": 518.363519876877
}