{
    "mh1": 527.459269496062,
    "mh2": 489.288885549957,
    "mhz": 492.36833562787837
}