{
    "mh1": 504.73764740823566,
    "mh2": 544.336629529139
}