{
    "mh1": 524.9556153576438,
    "mh2": 495.19866584852736,
    "mhz": 497.0698159186536
}