{
    "mh1": 504.4075892740125,
    "mh2": 563.3349398390696
}