{
    "mh1": 512.4771705009518,
    "mh2": 490.27567714861846,
    "mhz": 509.9995349445567
}