{
    "mh1": 515.8468061486956,
    "mh2": 522.0380466947054,
    "mhz": 532.6092331990342
}