{
    "mh1": 518.5233485504702,
    "mh2": 503.633836092951,
    "mhz": 492.8402458416663
}