{
    "mh1": 527.0095191782931,
    "mh2": 491.3951508515134,
    "mhz": 493.97296252501366
}