{
    "mh1": 506.7634931289467,
    "mh2": 516.6033290414825,
    "mhz": 535.1523847908828
}