{
    "mh1": 512.2280168729164,
    "mh2": 512.1628630741648,
    "mhz": 455.8204358544729
}