{
    "mh1": 512.0918237048894,
    "mh2": 512.4592766271705
}