{
    "mh1": 527.3191628989489,
    "mh2": 512.3470039850213,
    "mhz": 511.9949524334574
}