{
    "mh1": 513.6189727666231,
    "mh2": 534.7301165801855,
    "mhz": 510.7938113409084
}