{
    "mh1": 521.0584677983295,
    "mh2": 517.6504134173222,
    "mhz": 507.93267606264146
}