{
    "mh1": 507.0566886596112,
    "mh2": 503.89390837049973,
    "mhz": 506.6201831449927
}