{
    "mh1": 523.0661947757264,
    "mh2": 522.976445231314,
    "mhz": 524.6450999298278
}