{
    "mh1": 517.300395125035,
    "mh2": 541.7998514256813,
    "mhz": 443.7039582052858
}