{
    "mh1": 513.3138645076867,
    "mh2": 534.5306092778575,
    "mhz": 580.7077820349248
}