{
    "mh1": 502.35852908629937,
    "mh2": 486.83496168984885,
    "mhz": 522.7487345329372
}