{
    "mh1": 522.2743476395976,
    "mh2": 528.1304976558041,
    "mhz": 518.2648244663437
}