{
    "mh1": 533.3281646876071,
    "mh2": 501.91031447399035,
    "mhz": 525.3001035605952
}