{
    "mh1": 512.0495795867669,
    "mh2": 518.4872094546788,
    "mhz": 602.7508036113595
}