{
    "mh1": 510.9313890558177,
    "mh2": 518.9669900327103,
    "mhz": 402.7222028526427
}