{
    "mh1": 509.89524014561397,
    "mh2": 511.3743218275622,
    "mhz": 475.9119204753629
}