{
    "mh1": 511.5075502541901,
    "mh2": 495.94074353516027
}