{
    "mh1": 517.6842541396741,
    "mh2": 525.0696582963349,
    "mhz": 557.3459151263721
}