{
    "mh1": 518.1576735338956,
    "mh2": 520.4922079602234,
    "mhz": 492.30565933499184
}