{
    "mh1": 508.5820636690202,
    "mh2": 534.7878544725759
}