{
    "mh1": 510.0802219579865,
    "mh2": 511.26038521566653,
    "mhz": 509.3679696307779
}