{
    "mh1": 513.7744771169578,
    "mh2": 512.9366054688882,
    "mhz": 512.1676273893518
}