{
    "mh1": 506.63373106126875,
    "mh2": 504.4112837099524,
    "mhz": 491.9533473666543
}