{
    "mh1": 526.5920057114971,
    "mh2": 491.21882167521875,
    "mhz": 530.4714516548822
}