{
    "mh1": 506.7832762745602,
    "mh2": 504.644069810724,
    "mhz": 492.213554363725
}