{
    "mh1": 522.0679393166108,
    "mh2": 518.1045291953725,
    "mhz": 464.0341384078557
}