{
    "mh1": 505.9411450235837,
    "mh2": 503.79070162860853,
    "mhz": 510.24915127392165
}