{
    "mh1": 516.2902157113334,
    "mh2": 515.6587020623003,
    "mhz": 513.4357196421593
}