{
    "mh1": 511.38491387718733,
    "mh2": 530.0985413005272
}