{
    "mh1": 518.1282147405522,
    "mh2": 522.0445075475566,
    "mhz": 518.6358067189058
}