{
    "mh1": 524.5093332680086,
    "mh2": 527.829532808399,
    "mhz": 522.4845153918702
}