{
    "mh1": 516.5124466503495,
    "mh2": 523.7578485050716,
    "mhz": 541.9081688093654
}