{
    "mh1": 516.8491054526394,
    "mh2": 503.48309562852177,
    "mhz": 492.0759334519793
}