{
    "mh1": 511.84539993179254,
    "mh2": 496.8688516562314
}