{
    "mh1": 508.5086998820652,
    "mh2": 505.9159007039333,
    "mhz": 492.06818710728413
}