{
    "mh1": 508.82966299370224,
    "mh2": 509.15240911675926,
    "mhz": 480.92860592570815
}