{
    "mh1": 523.4346829627395,
    "mh2": 527.0812163291226,
    "mhz": 517.9217666801485
}