{
    "mh1": 512.9807999579523,
    "mh2": 519.4729270092051,
    "mhz": 603.4734081032462
}