{
    "mh1": 527.0785577145562,
    "mh2": 490.5678955651208,
    "mhz": 497.5447178595904
}