{
    "mh1": 514.5457148758944,
    "mh2": 517.9250424601087,
    "mhz": 558.7639759557246
}