{
    "mh1": 506.3104370161981,
    "mh2": 503.68076117324534,
    "mhz": 492.3125765515169
}