{
    "mh1": 514.4064716583166,
    "mh2": 495.9741813040766
}