{
    "mh1": 527.7628107666013,
    "mh2": 487.55513069433937,
    "mhz": 533.2271987724937
}