{
    "mh1": 518.3478695662208,
    "mh2": 520.3674296329915,
    "mhz": 491.88902649863746
}