{
    "mh1": 521.6835336664453,
    "mh2": 563.9102924089007
}