{
    "mh1": 505.97034774296486,
    "mh2": 538.5893685025418,
    "mhz": 447.45984555782144
}