{
    "mh1": 523.2371395863382,
    "mh2": 525.9467710625307,
    "mhz": 520.0727270181187
}