{
    "mh1": 524.3256313326671,
    "mh2": 529.5240751080635,
    "mhz": 520.8646203196032
}