{
    "mh1": 512.386201460701,
    "mh2": 516.2683667157121,
    "mhz": 436.12501681907224
}