{
    "mh1": 521.6934215724319,
    "mh2": 540.3288052979763
}