{
    "mh1": 509.36936115347726,
    "mh2": 524.4969365506976
}