{
    "mh1": 522.6773553447742,
    "mh2": 549.0726315238679,
    "mhz": 515.4048947293841
}