{
    "mh1": 517.4601565615228,
    "mh2": 519.7982371150248,
    "mhz": 517.1520843389508
}