{
    "mh1": 512.1055878692971,
    "mh2": 513.2755929732818,
    "mhz": 437.77822730744157
}