{
    "mh1": 510.96856045431224,
    "mh2": 524.3978915001098
}