{
    "mh1": 527.7986340050506,
    "mh2": 535.9159262810657,
    "mhz": 491.31447852247277
}