{
    "mh1": 512.6683048749715,
    "mh2": 490.72856247358925,
    "mhz": 516.3740738507306
}