{
    "mh1": 527.722521553624,
    "mh2": 490.88546810840165,
    "mhz": 493.16609720062485
}