{
    "mh1": 525.5722763578834,
    "mh2": 496.4017038673028,
    "mhz": 510.58110605530277
}