{
    "mh1": 527.473266721259,
    "mh2": 489.6329425781408,
    "mhz": 492.6523759232282
}