{
    "mh1": 527.3398282459161,
    "mh2": 488.5605375503908,
    "mhz": 491.84662201727417
}