{
    "mh1": 509.0356418373507,
    "mh2": 510.0618568640939,
    "mhz": 479.93322266365305
}