{
    "mh1": 527.3383417778376,
    "mh2": 488.9054263782665,
    "mhz": 492.1968792382657
}