{
    "mh1": 505.6207406242629,
    "mh2": 503.18556665006855,
    "mhz": 492.9010054948415
}