{
    "mh1": 501.83973942849946,
    "mh2": 492.83131237839274,
    "mhz": 520.8188691460416
}