{
    "mh1": 522.2090356729892,
    "mh2": 556.1643835123255,
    "mhz": 516.5112794911978
}