{
    "mh1": 511.34616434616436,
    "mh2": 516.5591795182505,
    "mhz": 466.0370697186175
}