{
    "mh1": 517.2617622067739,
    "mh2": 520.1382027688595,
    "mhz": 516.8377167586018
}