{
    "mh1": 524.5049609632009,
    "mh2": 527.7037523749208,
    "mhz": 522.0664588471647
}