{
    "mh1": 501.56230789543173,
    "mh2": 491.59410020878295,
    "mhz": 521.0231631684849
}