{
    "mh1": 515.9921124230657,
    "mh2": 513.9026247897791,
    "mhz": 486.0378300798619
}