{
    "mh1": 516.9932266884609,
    "mh2": 537.099068681044,
    "mhz": 510.7088318499069
}