{
    "mh1": 517.6858630818808,
    "mh2": 519.8612851561124,
    "mhz": 532.3650726882327
}