{
    "mh1": 501.416407824043,
    "mh2": 490.2508902087531,
    "mhz": 524.4360886081263
}