{
    "mh1": 516.0757560669667,
    "mh2": 514.2569448448033,
    "mhz": 478.0376412463924
}