{
    "mh1": 509.4202575084579,
    "mh2": 515.8593966739662,
    "mhz": 573.3059635829571
}