{
    "mh1": 511.2904028090258,
    "mh2": 493.8230269437797
}