{
    "mh1": 524.5421392642272,
    "mh2": 552.413860758379
}