{
    "mh1": 512.0173365929065,
    "mh2": 513.1231943990306,
    "mhz": 565.5093473711447
}