{
    "mh1": 527.2751152825452,
    "mh2": 490.01457590432875,
    "mhz": 493.0
}