{
    "mh1": 513.7965863418573,
    "mh2": 512.5073091822699,
    "mhz": 463.21445087313646
}