{
    "mh1": 515.9762644020502,
    "mh2": 522.2331511167574,
    "mhz": 534.0036443251146
}