{
    "mh1": 520.3912477622723,
    "mh2": 536.1203854402615
}