{
    "mh1": 523.7373077689139,
    "mh2": 528.0975209614944,
    "mhz": 519.8791370451063
}