{
    "mh1": 518.4762642581027,
    "mh2": 511.676212921376,
    "mhz": 529.9693676638306
}