{
    "mh1": 524.0375249265182,
    "mh2": 495.0040186810492,
    "mhz": 497.05765977670734
}