{
    "mh1": 522.5974617067834,
    "mh2": 525.7330630493426,
    "mhz": 517.3538076957415
}