{
    "mh1": 519.1671781287835,
    "mh2": 524.0232310755439,
    "mhz": 519.4590473124525
}