{
    "mh1": 514.737191058228,
    "mh2": 512.3690060417108,
    "mhz": 475.8923361034164
}