{
    "mh1": 515.0746877629056,
    "mh2": 512.1816560270372,
    "mhz": 477.24089148861265
}