{
    "mh1": 517.2103242701336,
    "mh2": 533.075899713697,
    "mhz": 524.6066765134001
}