{
    "mh1": 526.8360450695305,
    "mh2": 491.7351131314055,
    "mhz": 494.33900073180683
}