{
    "mh1": 525.780335101321,
    "mh2": 495.53648923813256,
    "mhz": 497.2763563464102
}