{
    "mh1": 519.7194038040781,
    "mh2": 518.3346674823035,
    "mhz": 513.765243497529
}