{
    "mh1": 501.39251588975554,
    "mh2": 566.7870065294711
}