{
    "mh1": 516.0139904432465,
    "mh2": 528.2376971448768,
    "mhz": 520.1806546546336
}