{
    "mh1": 512.0112204807108,
    "mh2": 515.4085436581075
}