{
    "mh1": 512.2129053967158,
    "mh2": 546.6378611117963,
    "mhz": 579.1769530651325
}