{
    "mh1": 524.3201480416992,
    "mh2": 527.4722305755647,
    "mhz": 521.1262117591115
}