{
    "mh1": 521.430475834248,
    "mh2": 526.6330567071934,
    "mhz": 520.1064894115344
}