{
    "mh1": 513.0497177491962,
    "mh2": 513.8417373947817,
    "mhz": 580.7746228042427
}