{
    "mh1": 555.6196512274778,
    "mh2": 528.3193366384417,
    "mhz": 607.881573243903
}