{
    "mh1": 520.4818148835595,
    "mh2": 547.2145076902852
}