{
    "mh1": 509.3706285125285,
    "mh2": 511.0358272899542,
    "mhz": 475.8636196306113
}