{
    "mh1": 516.9035054602402,
    "mh2": 519.4780444407157,
    "mhz": 517.3983258669118
}