{
    "mh1": 512.3661938839064,
    "mh2": 520.1115517592027,
    "mhz": 604.3017362851269
}