{
    "mh1": 523.7653080000631,
    "mh2": 529.1585899918512,
    "mhz": 522.289469072454
}