{
    "mh1": 511.7424866610061,
    "mh2": 490.18724929067605
}