{
    "mh1": 516.9259873938765,
    "mh2": 514.2554079743549,
    "mhz": 543.9836789827186
}