{
    "mh1": 524.4915063217708,
    "mh2": 528.9410613534344,
    "mhz": 521.9646763630773
}