{
    "mh1": 519.3326266867789,
    "mh2": 546.564060841004,
    "mhz": 439.4312228583583
}