{
    "mh1": 527.4197581996774,
    "mh2": 489.08391246358497,
    "mhz": 492.2788561941816
}