{
    "mh1": 514.2458500496247,
    "mh2": 519.231655111198,
    "mhz": 599.5764792012847
}