{
    "mh1": 502.9716555988904,
    "mh2": 515.8524483078177,
    "mhz": 528.0609014429466
}