{
    "mh1": 525.3407329754674,
    "mh2": 521.6552808988764,
    "mhz": 560.8877380484242
}