{
    "mh1": 508.1720897220965,
    "mh2": 522.6109106547232,
    "mhz": 489.70400587376645
}