{
    "mh1": 524.2183165195461,
    "mh2": 529.8712188748443,
    "mhz": 521.4616195653697
}