{
    "mh1": 525.4947158224572,
    "mh2": 495.9307776239036,
    "mhz": 526.3510831398114
}