{
    "mh1": 531.5203413815997,
    "mh2": 500.34703821795154,
    "mhz": 526.6365891711232
}