{
    "mh1": 508.9445232142857,
    "mh2": 507.91725535714284,
    "mhz": 486.94555912300314
}