{
    "mh1": 516.0392764110496,
    "mh2": 513.7580030440756,
    "mhz": 476.14615215033376
}