{
    "mh1": 521.7967054475436,
    "mh2": 520.8316842506135,
    "mhz": 567.17503314621
}