{
    "mh1": 520.4551486869027,
    "mh2": 550.6823405597343,
    "mhz": 512.985278015638
}