{
    "mh1": 565.7284648647696,
    "mh2": 534.3366530531737
}