{
    "mh1": 522.2096154014286,
    "mh2": 526.4801974484872,
    "mhz": 521.1233810175786
}