{
    "mh1": 512.9680617583259,
    "mh2": 554.4597217438461
}