{
    "mh1": 514.7748784721311,
    "mh2": 493.3057509121009
}