{
    "mh1": 514.4329827262812,
    "mh2": 493.1447568546789
}