{
    "mh1": 523.0263118743492,
    "mh2": 568.3679065656611
}