{
    "mh1": 515.4485527585219,
    "mh2": 548.7604140377828
}