{
    "mh1": 522.7797593105485,
    "mh2": 525.4662864875314,
    "mhz": 517.3745444001195
}