{
    "mh1": 519.2580500191414,
    "mh2": 524.5814101011073,
    "mhz": 521.7994732860992
}