{
    "mh1": 525.0639734290856,
    "mh2": 495.0842126435274,
    "mhz": 497.01142095579235
}