{
    "mh1": 511.1423230143435,
    "mh2": 518.656583850823,
    "mhz": 424.9076387953784
}