{
    "mh1": 525.9833795062452,
    "mh2": 495.4940618535719,
    "mhz": 497.04439793037744
}