{
    "mh1": 509.8307853326169,
    "mh2": 504.6880189300066,
    "mhz": 509.1154968969102
}