{
    "mh1": 512.8237791657348,
    "mh2": 513.7578659016721,
    "mhz": 514.7095360443623
}