{
    "mh1": 524.5461502592095,
    "mh2": 495.7484908522755,
    "mhz": 497.22413665778373
}