{
    "mh1": 528.1638954639124,
    "mh2": 534.1553912885058,
    "mhz": 512.6439249311468
}