{
    "mh1": 511.92859035673274,
    "mh2": 489.92353453357634
}