{
    "mh1": 531.7142200372814,
    "mh2": 475.72590695392506,
    "mhz": 482.02001336671145
}