{
    "mh1": 512.5468830671202,
    "mh2": 514.073504783936,
    "mhz": 533.6005454287066
}