{
    "mh1": 526.284869228766,
    "mh2": 523.5600530726703,
    "mhz": 570.9920872089831
}