{
    "mh1": 523.8730671725141,
    "mh2": 494.0299446205337,
    "mhz": 496.3150205812383
}