{
    "mh1": 510.8040889206947,
    "mh2": 500.2990031940588,
    "mhz": 509.4529805692075
}