{
    "mh1": 523.2718440996788,
    "mh2": 529.0896209910496,
    "mhz": 519.6509136713933
}