{
    "mh1": 519.4328338745922,
    "mh2": 553.1383594655767,
    "mhz": 433.59763203681274
}