{
    "mh1": 520.0539033424757,
    "mh2": 547.0361220219522,
    "mhz": 586.0699198872863
}