{
    "mh1": 516.7099814428909,
    "mh2": 514.5469831620419,
    "mhz": 549.6225887705025
}