{
    "mh1": 514.2246488752835,
    "mh2": 525.6754632249002,
    "mhz": 566.1052700648893
}