{
    "mh1": 517.6900405913073,
    "mh2": 517.7353757583982,
    "mhz": 552.0521181225225
}