{
    "mh1": 499.68640071563226,
    "mh2": 451.24676382048267
}