{
    "mh1": 505.0082350890248,
    "mh2": 501.2908430493507,
    "mhz": 511.4607514837394
}