{
    "mh1": 512.0681355353722,
    "mh2": 516.8752114064692,
    "mhz": 424.5547150207985
}