{
    "mh1": 522.2540644395876,
    "mh2": 521.843707566319,
    "mhz": 513.8023430391265
}