{
    "mh1": 512.9757068959491,
    "mh2": 517.963812030154,
    "mhz": 516.175406283857
}