{
    "mh1": 539.9603901184046,
    "mh2": 527.5007625864374,
    "mhz": 574.7378606820168
}