{
    "mh1": 506.0149852509439,
    "mh2": 503.4265776476084,
    "mhz": 489.7551175371437
}