{
    "mh1": 517.1037375862238,
    "mh2": 519.3847863385247,
    "mhz": 532.0819974595831
}