{
    "mh1": 524.4258752315766,
    "mh2": 558.2597085538921
}