{
    "mh1": 512.2372896418847,
    "mh2": 512.5027728600985,
    "mhz": 509.4416689624528
}