{
    "mh1": 526.3736181221163,
    "mh2": 529.9835767445443,
    "mhz": 495.9265898159363
}