{
    "mh1": 511.9954594533759,
    "mh2": 516.6884720356211,
    "mhz": 435.0422311555668
}