{
    "mh1": 524.8800005594054,
    "mh2": 526.1873892111308,
    "mhz": 521.1330598074247
}