{
    "mh1": 520.6795121601714,
    "mh2": 513.5048284105565,
    "mhz": 517.7523320716206
}