{
    "mh1": 526.6918091891112,
    "mh2": 532.1205873041001,
    "mhz": 494.1437391166693
}