{
    "mh1": 520.4940268838391,
    "mh2": 512.7210798333383,
    "mhz": 505.78832183263864
}