{
    "mh1": 514.5613849158733,
    "mh2": 533.0086786668419,
    "mhz": 453.32464024523756
}