{
    "mh1": 528.2607536350604,
    "mh2": 535.1625087036657,
    "mhz": 491.3923719337623
}