{
    "mh1": 525.1653980025536,
    "mh2": 495.7262453846302,
    "mhz": 527.1604460186279
}