{
    "mh1": 514.4056808624789,
    "mh2": 512.3559440001741,
    "mhz": 476.8778735397805
}