{
    "mh1": 514.8756306211583,
    "mh2": 512.373576394575,
    "mhz": 475.6576566852821
}