{
    "mh1": 511.0682586450247,
    "mh2": 498.38846643777856
}