{
    "mh1": 514.5640185509709,
    "mh2": 530.43315467319,
    "mhz": 452.9929241442781
}