{
    "mh1": 522.5280807995555,
    "mh2": 522.6420612299084,
    "mhz": 506.60743152834607
}