{
    "mh1": 518.65248190787,
    "mh2": 521.840637653351,
    "mhz": 530.8005643016861
}