{
    "mh1": 524.9362967157418,
    "mh2": 495.18467336020365,
    "mhz": 497.06293240196544
}