{
    "mh1": 526.148617222157,
    "mh2": 493.95017129970944,
    "mhz": 496.0226755279934
}