{
    "mh1": 515.7864993866895,
    "mh2": 522.0545150328154,
    "mhz": 558.2259949603498
}