{
    "mh1": 518.6574705323585,
    "mh2": 529.6766760588578,
    "mhz": 518.3094030062216
}