{
    "mh1": 511.99319317006047,
    "mh2": 518.1703054398653,
    "mhz": 421.45594949650564
}