{
    "mh1": 516.4774371291819,
    "mh2": 514.5514787375752,
    "mhz": 513.5045110876083
}