{
    "mh1": 512.5929769129207,
    "mh2": 515.1460998255288,
    "mhz": 461.8465167735578
}