{
    "mh1": 523.1488568003255,
    "mh2": 527.3511957539806,
    "mhz": 520.3930644087995
}