{
    "mh1": 511.06474144052794,
    "mh2": 495.3980741680254
}