{
    "mh1": 522.1738350283829,
    "mh2": 559.8717686884512
}