{
    "mh1": 521.8361032240898,
    "mh2": 525.7954703796156,
    "mhz": 520.9891380647375
}