{
    "mh1": 512.2151915329293,
    "mh2": 518.5402971222138,
    "mhz": 607.8440205267364
}