{
    "mh1": 505.9164614530359,
    "mh2": 522.0244857809712,
    "mhz": 509.1239541353304
}