{
    "mh1": 525.4747790823718,
    "mh2": 524.9701939942469,
    "mhz": 521.07127283953
}