{
    "mh1": 510.97745626023425,
    "mh2": 514.7385008963857,
    "mhz": 555.3517610616914
}