{
    "mh1": 513.7310962039678,
    "mh2": 512.2638943993907,
    "mhz": 548.5656814287074
}