{
    "mh1": 518.710383183924,
    "mh2": 545.7081597179633,
    "mhz": 581.0014841136758
}