{
    "mh1": 515.0786206727133,
    "mh2": 528.0104948420685,
    "mhz": 520.8520973161723
}