{
    "mh1": 506.80375564660153,
    "mh2": 504.6033731708086,
    "mhz": 492.0241563571296
}