{
    "mh1": 511.99921199032724,
    "mh2": 493.5590159351412
}