{
    "mh1": 512.0115590857004,
    "mh2": 516.1724641078846,
    "mhz": 590.7626804621511
}