{
    "mh1": 509.81085643093496,
    "mh2": 499.5343348707251,
    "mhz": 479.9605898980156
}