{
    "mh1": 514.6982536360599,
    "mh2": 525.1034453038013,
    "mhz": 526.5380910259544
}