{
    "mh1": 522.6111389083276,
    "mh2": 560.1141901769067
}