{
    "mh1": 512.3186944750792,
    "mh2": 526.2188199640316,
    "mhz": 543.1237998035645
}