{
    "mh1": 511.2232688964788,
    "mh2": 519.0758826478825,
    "mhz": 411.1236582809224
}