{
    "mh1": 513.1014357396953,
    "mh2": 515.9496649195969,
    "mhz": 573.7936445834723
}