{
    "mh1": 517.9089302141969,
    "mh2": 525.2016111443346,
    "mhz": 523.2953661603947
}