{
    "mh1": 512.1900722180246,
    "mh2": 526.3478054625377,
    "mhz": 573.7665092309774
}