{
    "mh1": 511.04685031664593,
    "mh2": 497.9246918736424
}