{
    "mh1": 515.7198666164874,
    "mh2": 523.4796212728564,
    "mhz": 519.8182071201263
}