{
    "mh1": 507.9039858269285,
    "mh2": 509.7866275534807,
    "mhz": 481.2761128184879
}