{
    "mh1": 478.0649446843383,
    "mh2": 517.9255148140365,
    "mhz": 1021.6087612023408
}