{
    "mh1": 519.4399652888787,
    "mh2": 515.5975199210468,
    "mhz": 516.7069158147078
}