{
    "mh1": 511.8784439738321,
    "mh2": 493.1481729989656
}