{
    "mh1": 514.2404495521616,
    "mh2": 535.4737492786822,
    "mhz": 578.221439250212
}