{
    "mh1": 525.7542275939271,
    "mh2": 495.5340610750311,
    "mhz": 497.10418331954463
}