{
    "mh1": 510.232480930644,
    "mh2": 504.3324720099023,
    "mhz": 508.97867103036407
}