{
    "mh1": 513.8449740979734,
    "mh2": 532.7240172320948
}