{
    "mh1": 511.9482362800262,
    "mh2": 519.2881390546244,
    "mhz": 495.68899393491256
}