{
    "mh1": 524.8073656769949,
    "mh2": 526.4597100262611,
    "mhz": 519.81611019357
}