{
    "mh1": 524.4719507673797,
    "mh2": 496.1378959978315,
    "mhz": 497.5912244344762
}