{
    "mh1": 525.6546023118103,
    "mh2": 525.9639839180877,
    "mhz": 521.5789415643644
}