{
    "mh1": 521.786391736005,
    "mh2": 540.7822632085742
}