{
    "mh1": 512.3091816367265,
    "mh2": 532.3319052979704,
    "mhz": 576.2378027224456
}