{
    "mh1": 514.0516887390444,
    "mh2": 512.2407873550692,
    "mhz": 512.4677442036245
}