{
    "mh1": 526.7473933201863,
    "mh2": 497.77901439180965,
    "mhz": 497.61692861763316
}