{
    "mh1": 513.5224979771306,
    "mh2": 518.1608575293341,
    "mhz": 577.1447245858608
}