{
    "mh1": 512.0539157238045,
    "mh2": 490.67330394914615,
    "mhz": 509.0581108617329
}