{
    "mh1": 518.6366956356053,
    "mh2": 521.600610853501,
    "mhz": 530.691947451541
}