{
    "mh1": 511.30224151284597,
    "mh2": 518.1947434358656,
    "mhz": 397.2626459791665
}