{
    "mh1": 509.28179993120926,
    "mh2": 510.9046977274721,
    "mhz": 477.8596841274019
}