{
    "mh1": 521.5668796262812,
    "mh2": 531.4504386777126,
    "mhz": 521.2455936822979
}