{
    "mh1": 523.6959675277475,
    "mh2": 527.1320806147803,
    "mhz": 518.0953220502462
}