{
    "mh1": 519.0296767833102,
    "mh2": 526.4236168645456
}