{
    "mh1": 508.02950087649066,
    "mh2": 512.0527108539984,
    "mhz": 478.13221553211076
}