{
    "mh1": 517.0603422833012,
    "mh2": 523.3600594123101,
    "mhz": 491.4164219544684
}