{
    "mh1": 525.2252553165085,
    "mh2": 496.1990400883706,
    "mhz": 526.205927694502
}