{
    "mh1": 514.8420509012592,
    "mh2": 517.356604165347,
    "mhz": 570.1630842535701
}