{
    "mh1": 529.171840368386,
    "mh2": 531.9789536305996,
    "mhz": 527.1145415267874
}