{
    "mh1": 528.3592130739321,
    "mh2": 492.02254841790017,
    "mhz": 493.5589841799087
}