{
    "mh1": 511.238046479824,
    "mh2": 514.111011562974,
    "mhz": 545.7774522489542
}