{
    "mh1": 515.2547131562944,
    "mh2": 514.8670391240258,
    "mhz": 506.2157402105997
}