{
    "mh1": 524.1323892551159,
    "mh2": 550.9870990829793
}