{
    "mh1": 508.8344630733294,
    "mh2": 519.4103977048424,
    "mhz": 488.7876790580736
}