{
    "mh1": 513.1154202454915,
    "mh2": 560.8968478271821,
    "mhz": 514.7362378161753
}