{
    "mh1": 520.3265440624444,
    "mh2": 512.0096280405219,
    "mhz": 506.57992836334114
}