{
    "mh1": 514.7221844228429,
    "mh2": 516.053006423101,
    "mhz": 535.7235482496963
}