{
    "mh1": 526.6884697255146,
    "mh2": 527.7833424793516,
    "mhz": 525.9478378949907
}