{
    "mh1": 522.7373764433277,
    "mh2": 526.4121536548553,
    "mhz": 518.9963287400228
}