{
    "mh1": 512.8556962513792,
    "mh2": 528.7336368850404,
    "mhz": 572.2850679447461
}