{
    "mh1": 517.3326753018661,
    "mh2": 504.43657672562625,
    "mhz": 491.8506891755185
}