{
    "mh1": 508.71045406139416,
    "mh2": 512.082262558071,
    "mhz": 477.7796723462785
}