{
    "mh1": 520.1406658273233,
    "mh2": 514.6886161913563,
    "mhz": 516.5744994833203
}