{
    "mh1": 512.0940383620286,
    "mh2": 517.1223824878771,
    "mhz": 427.1797002200317
}