{
    "mh1": 515.882677536179,
    "mh2": 519.9605498776082,
    "mhz": 515.0198344029966
}