{
    "mh1": 527.3516391047946,
    "mh2": 488.0788108225366,
    "mhz": 491.5439266789475
}