{
    "mh1": 517.5684087315799,
    "mh2": 517.7296745339879,
    "mhz": 532.1747782624723
}