{
    "mh1": 509.6564574083598,
    "mh2": 519.5860012000371,
    "mhz": 615.7648067258056
}