{
    "mh1": 522.2750924611313,
    "mh2": 543.2628234568203
}