{
    "mh1": 526.7977836536928,
    "mh2": 492.1773815093644,
    "mhz": 494.99300679471594
}