{
    "mh1": 513.2198576059538,
    "mh2": 523.9756565706323,
    "mhz": 489.42815675912453
}