{
    "mh1": 522.0000526230854,
    "mh2": 518.9795541054921,
    "mhz": 514.4061857550817
}