{
    "mh1": 526.0178750120908,
    "mh2": 494.93574738619276,
    "mhz": 497.01301238806076
}