{
    "mh1": 524.1423358118353,
    "mh2": 484.0046998679273,
    "mhz": 489.00746752842764
}