{
    "mh1": 527.1174914962276,
    "mh2": 534.0289914080595,
    "mhz": 512.1267003630345
}