{
    "mh1": 512.5292511823161,
    "mh2": 491.156526906339,
    "mhz": 515.2052429835156
}