{
    "mh1": 522.1355505937776,
    "mh2": 523.4726209379195,
    "mhz": 514.4735751803863
}