{
    "mh1": 507.3802244517726,
    "mh2": 505.97395454290995,
    "mhz": 489.3353895030379
}