{
    "mh1": 518.3790129481253,
    "mh2": 524.362948672653,
    "mhz": 519.6127890299787
}