{
    "mh1": 515.8106577211695,
    "mh2": 506.70792107750555,
    "mhz": 530.1446589559018
}