{
    "mh1": 517.33477387919,
    "mh2": 514.9149223816486,
    "mhz": 478.9946501057212
}