{
    "mh1": 514.0269689028651,
    "mh2": 522.5930541943351,
    "mhz": 516.8783572011341
}