{
    "mh1": 521.446533807427,
    "mh2": 525.6342697541719,
    "mhz": 519.6496007316242
}