{
    "mh1": 513.5151483765898,
    "mh2": 517.7406832769441,
    "mhz": 590.5183628654318
}