{
    "mh1": 527.2803536740313,
    "mh2": 527.2103850513345,
    "mhz": 512.0082257802906
}