{
    "mh1": 525.1717748535406,
    "mh2": 524.3193754493261,
    "mhz": 518.6180004658087
}