{
    "mh1": 517.3395185107843,
    "mh2": 519.8633874027548,
    "mhz": 512.8916093612331
}