{
    "mh1": 514.4884274201307,
    "mh2": 518.8455827427738,
    "mhz": 557.879282115869
}