{
    "mh1": 526.9866249658256,
    "mh2": 514.6041947411588,
    "mhz": 521.7119484709588
}