{
    "mh1": 515.1986896508301,
    "mh2": 504.5274785048167,
    "mhz": 495.9286064074267
}