{
    "mh1": 527.7786244989051,
    "mh2": 495.97875976178193,
    "mhz": 496.6267332932221
}