{
    "mh1": 506.36766031007835,
    "mh2": 516.4378597798891,
    "mhz": 534.1809808920095
}