{
    "mh1": 527.4082031625682,
    "mh2": 487.76373024921486,
    "mhz": 491.11767915128604
}