{
    "mh1": 509.05639177925093,
    "mh2": 513.9015038146053,
    "mhz": 479.75733673182185
}