{
    "mh1": 522.6863458118044,
    "mh2": 541.7549276596344
}