{
    "mh1": 518.6021358308567,
    "mh2": 520.3807499873035,
    "mhz": 530.9912070245734
}