{
    "mh1": 511.1342594912694,
    "mh2": 523.2076015384919,
    "mhz": 515.0850978474807
}