{
    "mh1": 507.0017733008053,
    "mh2": 505.07881102385613,
    "mhz": 490.2150508491173
}