{
    "mh1": 520.9631493518127,
    "mh2": 533.0416367963754
}