{
    "mh1": 512.2987102598827,
    "mh2": 535.0543720792258,
    "mhz": 509.0778369872937
}