{
    "mh1": 511.8687615526802,
    "mh2": 492.9632078158277
}