{
    "mh1": 527.675774508566,
    "mh2": 487.5839121101149,
    "mhz": 491.13748717454024
}