{
    "mh1": 521.8276670864323,
    "mh2": 562.4380794397807
}