{
    "mh1": 524.400818545737,
    "mh2": 525.7529742135248,
    "mhz": 520.2469449296552
}