{
    "mh1": 512.8040560264435,
    "mh2": 528.4686845665267,
    "mhz": 570.724022959768
}