{
    "mh1": 502.0807140217021,
    "mh2": 481.3324643276128
}