{
    "mh1": 519.6180877568777,
    "mh2": 544.9165388338149,
    "mhz": 437.43415979020307
}