{
    "mh1": 517.4656229486314,
    "mh2": 524.8510456609231,
    "mhz": 530.9061597144507
}