{
    "mh1": 512.3892289893136,
    "mh2": 517.1024400863046,
    "mhz": 591.8733458096185
}