{
    "mh1": 523.4084101764918,
    "mh2": 527.7589660714909,
    "mhz": 518.137086770723
}