{
    "mh1": 511.988296016539,
    "mh2": 516.7520446201044,
    "mhz": 426.7500254477934
}