{
    "mh1": 511.9805952308903,
    "mh2": 490.7303918787562,
    "mhz": 512.2303416265372
}