{
    "mh1": 526.6626686656672,
    "mh2": 494.0021938044121,
    "mhz": 495.9208560633379
}