{
    "mh1": 509.28927709659456,
    "mh2": 508.1404950376137,
    "mhz": 483.00318376758935
}