{
    "mh1": 520.334936810269,
    "mh2": 552.0668134178071,
    "mhz": 581.3451939313427
}