{
    "mh1": 512.0047746998561,
    "mh2": 493.8662809183884
}