{
    "mh1": 518.7661258687625,
    "mh2": 519.7988087405932,
    "mhz": 548.3587768535148
}