{
    "mh1": 527.7970545996236,
    "mh2": 537.0638984532495,
    "mhz": 490.70643886008696
}