{
    "mh1": 525.6393500517497,
    "mh2": 495.6104237363698,
    "mhz": 497.07636940258715
}