{
    "mh1": 526.8290924326085,
    "mh2": 491.9783711591061,
    "mhz": 494.74774965970465
}