{
    "mh1": 521.3102213268418,
    "mh2": 524.6663606284451,
    "mhz": 519.2055268850676
}