{
    "mh1": 513.2001541596527,
    "mh2": 529.6051035778207,
    "mhz": 570.1854792845943
}