{
    "mh1": 510.8672482170965,
    "mh2": 517.0419209488668,
    "mhz": 440.8055182820131
}