{
    "mh1": 504.898891966759,
    "mh2": 535.2264862430911
}