{
    "mh1": 508.35060193045257,
    "mh2": 539.0379464051051,
    "mhz": 447.0853651271988
}