{
    "mh1": 509.956555176464,
    "mh2": 502.99035527139125,
    "mhz": 514.784734928926
}