{
    "mh1": 515.7070368454735,
    "mh2": 521.3731386723099,
    "mhz": 534.8025362350602
}