{
    "mh1": 512.5930899806839,
    "mh2": 522.8124320179111,
    "mhz": 491.41495477358586
}