{
    "mh1": 533.6171052585515,
    "mh2": 521.4005524233285,
    "mhz": 525.7009133778878
}