{
    "mh1": 501.11044749509716,
    "mh2": 570.0503962690924
}