{
    "mh1": 502.24126687260525,
    "mh2": 514.1242498480872,
    "mhz": 524.0949031268387
}