{
    "mh1": 531.276132177411,
    "mh2": 530.6647914396929,
    "mhz": 530.4069623548544
}