{
    "mh1": 518.8137761473788,
    "mh2": 522.131541076832,
    "mhz": 528.7484005654018
}