{
    "mh1": 514.4116922054877,
    "mh2": 493.3863322873052
}