{
    "mh1": 512.482320479689,
    "mh2": 515.8489172883918,
    "mhz": 437.48624328348546
}