{
    "mh1": 513.1434042483844,
    "mh2": 530.8738646569707,
    "mhz": 522.7295031353951
}