{
    "mh1": 514.9119203440539,
    "mh2": 521.6778759307809,
    "mhz": 514.5334139811082
}