{
    "mh1": 514.7109993464212,
    "mh2": 509.714211818571,
    "mhz": 486.6672421898073
}