{
    "mh1": 516.4511739454039,
    "mh2": 519.2247357421023,
    "mhz": 517.4442665163049
}