{
    "mh1": 514.5834810139883,
    "mh2": 494.966698222657
}