{
    "mh1": 521.9561509565825,
    "mh2": 522.9697160828165,
    "mhz": 513.152481457862
}