{
    "mh1": 506.4006910122963,
    "mh2": 519.4525711110024,
    "mhz": 488.5860979407658
}