{
    "mh1": 512.9030633398119,
    "mh2": 518.1815486135044,
    "mhz": 601.725643111426
}