{
    "mh1": 523.2938346242797,
    "mh2": 475.0049798292124
}