{
    "mh1": 505.2765345943061,
    "mh2": 501.868060714482,
    "mhz": 510.88884535051545
}