{
    "mh1": 517.8301966260226,
    "mh2": 520.9429973033951,
    "mhz": 492.5578665352432
}