{
    "mh1": 519.1492216704305,
    "mh2": 514.2074474598448,
    "mhz": 534.995468156409
}