{
    "mh1": 514.4219190570078,
    "mh2": 493.1966661955408
}