{
    "mh1": 522.8229109301053,
    "mh2": 528.636470440146,
    "mhz": 521.3927554297562
}