{
    "mh1": 547.5225101484833,
    "mh2": 518.3071957557308,
    "mhz": 526.428487049276
}