{
    "mh1": 516.5744719509426,
    "mh2": 506.4808538963081,
    "mhz": 488.9110644453452
}