{
    "mh1": 517.2605848623452,
    "mh2": 519.2638025769818,
    "mhz": 490.94915579968415
}