{
    "mh1": 510.9862452288068,
    "mh2": 512.0544198246337,
    "mhz": 511.3240035712149
}