{
    "mh1": 518.6098888200522,
    "mh2": 522.0119811210856,
    "mhz": 515.4894751519687
}