{
    "mh1": 517.9502156642193,
    "mh2": 551.188383384793,
    "mhz": 550.620474767461
}