{
    "mh1": 516.3807373733342,
    "mh2": 517.5382185826452,
    "mhz": 488.9020455106158
}