{
    "mh1": 511.7652201732855,
    "mh2": 500.4314090909091,
    "mhz": 508.9373119559726
}