{
    "mh1": 507.33101349884805,
    "mh2": 505.8372093486343,
    "mhz": 489.6267244400548
}