{
    "mh1": 527.9031493611025,
    "mh2": 488.21226035844415,
    "mhz": 491.6663634780253
}