{
    "mh1": 517.8667541838607,
    "mh2": 521.9261856080321,
    "mhz": 518.0385890988416
}