{
    "mh1": 513.1386110146879,
    "mh2": 513.0921313998888,
    "mhz": 542.1849829949862
}