{
    "mh1": 524.2238685457825,
    "mh2": 525.6560377084793,
    "mhz": 519.8440449226123
}