{
    "mh1": 517.361274731619,
    "mh2": 516.6139428749744,
    "mhz": 514.3158140079187
}