{
    "mh1": 525.9393928795639,
    "mh2": 495.903255760272,
    "mhz": 497.0597421311169
}