{
    "mh1": 510.6385790422254,
    "mh2": 538.5867545104327
}