{
    "mh1": 505.871680170613,
    "mh2": 503.4939542315135,
    "mhz": 491.800972638851
}