{
    "mh1": 520.8784012557942,
    "mh2": 512.5116392432908,
    "mhz": 519.7261496659933
}