{
    "mh1": 514.312142852147,
    "mh2": 512.7415548013353,
    "mhz": 547.1531163226623
}