{
    "mh1": 530.7801357625224,
    "mh2": 513.6519954150516,
    "mhz": 520.1359985300294
}