{
    "mh1": 527.1370853496038,
    "mh2": 502.46996582901886,
    "mhz": 531.0027158047917
}