{
    "mh1": 519.6216853270478,
    "mh2": 541.6488922504807,
    "mhz": 511.9289585976243
}