{
    "mh1": 502.57200941130407,
    "mh2": 500.8387976422713,
    "mhz": 523.1274629422459
}