{
    "mh1": 511.5265221736985,
    "mh2": 496.9741165150818
}