{
    "mh1": 517.9507967322288,
    "mh2": 519.7913763476722,
    "mhz": 492.0776937131588
}