{
    "mh1": 522.0318457280341,
    "mh2": 522.1548583874843,
    "mhz": 513.4899000314776
}