{
    "mh1": 511.9324871125908,
    "mh2": 495.9959711123157
}