{
    "mh1": 519.6405542010609,
    "mh2": 555.0811483956405,
    "mhz": 513.4746502286948
}