{
    "mh1": 513.7850593881311,
    "mh2": 515.4616313185741,
    "mhz": 539.5721573003843
}