{
    "mh1": 523.8547631705969,
    "mh2": 529.6627055122132,
    "mhz": 523.4614063560241
}