{
    "mh1": 523.0087997288629,
    "mh2": 527.9772065387726,
    "mhz": 517.5733275798212
}