{
    "mh1": 523.4483998219631,
    "mh2": 529.1760970733344,
    "mhz": 522.6599496040834
}