{
    "mh1": 526.1997574915889,
    "mh2": 496.0487923948368,
    "mhz": 497.42223882806604
}