{
    "mh1": 527.805925400799,
    "mh2": 489.0424926615836,
    "mhz": 492.0037439838721
}