{
    "mh1": 527.5200563615158,
    "mh2": 489.7108062419412,
    "mhz": 531.709503496196
}