{
    "mh1": 501.8262191865728,
    "mh2": 548.3181500618969
}