{
    "mh1": 505.8278623198765,
    "mh2": 507.26585551521043
}