{
    "mh1": 515.1148584761388,
    "mh2": 531.1532375471227,
    "mhz": 581.835963831739
}