{
    "mh1": 525.9604455577951,
    "mh2": 496.1707586964008,
    "mhz": 497.1268639235306
}