{
    "mh1": 530.5240042468648,
    "mh2": 535.6017631981442,
    "mhz": 490.55641948358203
}