{
    "mh1": 501.897430774692,
    "mh2": 543.0627273959508
}