{
    "mh1": 512.5172689495741,
    "mh2": 519.6041264889393,
    "mhz": 558.1284668219004
}