{
    "mh1": 515.8493791834501,
    "mh2": 514.1111062527328,
    "mhz": 476.56873808482726
}