{
    "mh1": 518.5544932275128,
    "mh2": 522.8344372831631,
    "mhz": 518.092200133385
}