{
    "mh1": 505.88161703778144,
    "mh2": 503.672950219942,
    "mhz": 511.4274439550441
}