{
    "mh1": 504.82504741511167,
    "mh2": 500.55838346067065,
    "mhz": 495.1267323340471
}