{
    "mh1": 519.069278649685,
    "mh2": 522.169563076427,
    "mhz": 518.9989257863839
}