{
    "mh1": 510.6519905823819,
    "mh2": 499.5089866217943,
    "mhz": 516.2318566166012
}