{
    "mh1": 508.23995305491894,
    "mh2": 502.4451409873137,
    "mhz": 485.94972913595444
}