{
    "mh1": 513.7647490427166,
    "mh2": 516.0400275857689,
    "mhz": 554.9404808725051
}