{
    "mh1": 515.4371691283777,
    "mh2": 508.42290779695617,
    "mhz": 538.8302034196311
}