{
    "mh1": 508.4071708546231,
    "mh2": 512.5628173765754,
    "mhz": 477.1146298315085
}