{
    "mh1": 520.7541224584079,
    "mh2": 535.6862785247879
}