{
    "mh1": 522.7316973450863,
    "mh2": 524.8654959009806,
    "mhz": 514.4114583242332
}