{
    "mh1": 514.0014230644837,
    "mh2": 521.0343372103596,
    "mhz": 527.8509906578639
}