{
    "mh1": 517.555060795986,
    "mh2": 519.3534695561569,
    "mhz": 491.4008188753925
}