{
    "mh1": 526.276476849388,
    "mh2": 524.9189353221318,
    "mhz": 557.5285111020794
}