{
    "mh1": 523.3042230479879,
    "mh2": 526.5759324140255,
    "mhz": 519.2871824666845
}