{
    "mh1": 511.9601254093172,
    "mh2": 496.41685182050304
}