{
    "mh1": 522.639710668431,
    "mh2": 532.3015285400807
}