{
    "mh1": 518.55216541109,
    "mh2": 502.8240770027908,
    "mhz": 494.00235563027087
}