{
    "mh1": 525.4910311775091,
    "mh2": 495.81035646157267,
    "mhz": 497.51388156850874
}