{
    "mh1": 516.4048481722193,
    "mh2": 522.8444129252878,
    "mhz": 562.5104515463627
}