{
    "mh1": 511.95705156178786,
    "mh2": 490.12641899165044,
    "mhz": 511.93196117830513
}