{
    "mh1": 512.0498439952714,
    "mh2": 492.6368689591504
}