{
    "mh1": 524.3727269489655,
    "mh2": 528.7691984422218,
    "mhz": 521.6306001509993
}