{
    "mh1": 507.3283224910743,
    "mh2": 518.4913452554192,
    "mhz": 489.1288436937468
}