{
    "mh1": 519.3657085026623,
    "mh2": 515.5722627149357,
    "mhz": 490.5930543203479
}