{
    "mh1": 507.34381103735575,
    "mh2": 506.20094091954974,
    "mhz": 489.460998326093
}