{
    "mh1": 516.6403454495878,
    "mh2": 518.2960517231435,
    "mhz": 489.51142226914254
}