{
    "mh1": 510.04565091610414,
    "mh2": 503.7743105110897,
    "mhz": 509.3836700844391
}