{
    "mh1": 512.5747188533628,
    "mh2": 490.0863065049614,
    "mhz": 509.9984913634693
}