{
    "mh1": 513.9445728705956,
    "mh2": 517.8315709026798,
    "mhz": 590.8299526138073
}