{
    "mh1": 523.645643812519,
    "mh2": 534.9800900782718
}