{
    "mh1": 513.6523205115784,
    "mh2": 519.1516834138986,
    "mhz": 514.5193663801683
}