{
    "mh1": 506.70638084348263,
    "mh2": 503.7335589510872,
    "mhz": 492.1199611928819
}