{
    "mh1": 519.8458091201982,
    "mh2": 523.8578636538034,
    "mhz": 518.7791522715646
}