{
    "mh1": 506.0619095283251,
    "mh2": 502.4950084027416,
    "mhz": 489.233362659516
}