{
    "mh1": 506.51332936163374,
    "mh2": 504.80500852574494,
    "mhz": 492.10353418439814
}