{
    "mh1": 523.931174226112,
    "mh2": 528.5846859807987,
    "mhz": 520.827096036442
}