{
    "mh1": 505.88951044552914,
    "mh2": 533.8515430531972
}