{
    "mh1": 523.544217496703,
    "mh2": 528.8126903171529,
    "mhz": 520.0425645043936
}