{
    "mh1": 508.89018901732686,
    "mh2": 510.0137210885187,
    "mhz": 480.55787781069176
}