{
    "mh1": 536.2287360353566,
    "mh2": 516.8013027259383,
    "mhz": 503.69310688329546
}