{
    "mh1": 515.1321759872303,
    "mh2": 503.8437731389318,
    "mhz": 488.5011809172421
}