{
    "mh1": 512.9265537019276,
    "mh2": 515.4649261345372,
    "mhz": 553.2900736019902
}