{
    "mh1": 527.2947695767383,
    "mh2": 489.4788890483314,
    "mhz": 492.1004271530143
}