{
    "mh1": 523.8017022808326,
    "mh2": 526.5422111167416,
    "mhz": 520.0013594458773
}