{
    "mh1": 512.1555680483364,
    "mh2": 538.1186293949452,
    "mhz": 585.5254286299289
}