{
    "mh1": 522.6504300047361,
    "mh2": 541.7693235258652
}