{
    "mh1": 511.99889483192237,
    "mh2": 493.4093000602175
}