{
    "mh1": 525.8416995227041,
    "mh2": 527.4351792958582,
    "mhz": 522.0589982326363
}