{
    "mh1": 501.9740891907556,
    "mh2": 563.5187418559359,
    "mhz": 516.660584031068
}