{
    "mh1": 514.3055357302967,
    "mh2": 490.01220760823765
}