{
    "mh1": 519.982480652539,
    "mh2": 520.1548876984322,
    "mhz": 516.3566369615472
}