{
    "mh1": 525.0150515871835,
    "mh2": 495.1019761434126,
    "mhz": 497.0009856977532
}