{
    "mh1": 506.0980047594818,
    "mh2": 503.5191087424442,
    "mhz": 489.34800458811844
}