{
    "mh1": 522.700736589094,
    "mh2": 564.2900196501084,
    "mhz": 582.0811857325766
}