{
    "mh1": 506.1464568019522,
    "mh2": 520.3153608347743,
    "mhz": 531.7377599541893
}