{
    "mh1": 517.464797989358,
    "mh2": 521.8239136569096,
    "mhz": 532.0411894300152
}