{
    "mh1": 522.5952464442258,
    "mh2": 527.9538933308047,
    "mhz": 521.0059449373215
}