{
    "mh1": 508.29212702911394,
    "mh2": 512.2878469829491,
    "mhz": 476.8401030476083
}