{
    "mh1": 516.649888100083,
    "mh2": 518.830526518534,
    "mhz": 533.6256826725921
}