{
    "mh1": 510.3605137573566,
    "mh2": 502.6874450003885,
    "mhz": 514.6177581192394
}