{
    "mh1": 505.7390342826174,
    "mh2": 502.94814932658284,
    "mhz": 492.94816174542404
}