{
    "mh1": 514.306385659731,
    "mh2": 512.7417761772386,
    "mhz": 465.624522437748
}