{
    "mh1": 501.0299810439493,
    "mh2": 518.1822177762673,
    "mhz": 510.20452036987075
}