{
    "mh1": 500.99501608848107,
    "mh2": 453.1355907727626,
    "mhz": 519.4722418156539
}