{
    "mh1": 3.274282214879804,
    "mh2": 1.0718639626296067
}