{
    "mh1": 519.9326860601873,
    "mh2": 543.8352828695089,
    "mhz": 438.53616060597335
}