{
    "mh1": 523.6032541992496,
    "mh2": 529.1653753294094,
    "mhz": 521.7055212680156
}