{
    "mh1": 520.5421899944222,
    "mh2": 520.4023095027435,
    "mhz": 535.3728930030214
}