{
    "mh1": 511.71796362662496,
    "mh2": 497.16344053055934
}