{
    "mh1": 513.7977829529902,
    "mh2": 518.2823639051803,
    "mhz": 429.9256833453618
}