{
    "mh1": 516.981901434787,
    "mh2": 516.4968230484506,
    "mhz": 515.263956057187
}