{
    "mh1": 517.6548661890985,
    "mh2": 518.4237883249089,
    "mhz": 542.453906537249
}