{
    "mh1": 506.6993256510665,
    "mh2": 504.37735824376244,
    "mhz": 491.7501849969354
}