{
    "mh1": 510.90068030303297,
    "mh2": 500.45303591129795,
    "mhz": 509.3599253084175
}