{
    "mh1": 512.7282643527991,
    "mh2": 491.0966991057107,
    "mhz": 508.9739870551529
}