{
    "mh1": 511.8675181848609,
    "mh2": 513.286891978752,
    "mhz": 576.3304502844815
}