{
    "mh1": 507.2611973170129,
    "mh2": 503.8310570060626,
    "mhz": 492.07164586380947
}