{
    "mh1": 512.5697303980721,
    "mh2": 514.9846710136558,
    "mhz": 530.5524480590893
}