{
    "mh1": 502.9598493971622,
    "mh2": 552.2467298381887
}