{
    "mh1": 517.4736014414162,
    "mh2": 505.1704672674858,
    "mhz": 491.19476228044243
}