{
    "mh1": 555.7549517408679,
    "mh2": 518.729964431798,
    "mhz": 584.5784402283114
}