{
    "mh1": 515.2042319729935,
    "mh2": 512.0506563570864,
    "mhz": 478.02763719308604
}