{
    "mh1": 505.96229049301934,
    "mh2": 504.7518396181852,
    "mhz": 492.3938444958414
}