{
    "mh1": 506.8303018860008,
    "mh2": 513.0427177099741,
    "mhz": 504.38398507702743
}