{
    "mh1": 509.8353485220207,
    "mh2": 511.2933854825722,
    "mhz": 511.90806052189043
}