{
    "mh1": 521.6080007397554,
    "mh2": 519.653378880618,
    "mhz": 511.5565909062618
}