{
    "mh1": 523.1015996882767,
    "mh2": 515.2476130132899,
    "mhz": 520.2681368135234
}