{
    "mh1": 527.7121969172531,
    "mh2": 490.9229752749756,
    "mhz": 492.71289894619144
}