{
    "mh1": 519.0117798243735,
    "mh2": 522.1503361637418,
    "mhz": 551.6243441149957
}