{
    "mh1": 507.4392723807937,
    "mh2": 505.7398988618334,
    "mhz": 489.71987046200434
}