{
    "mh1": 515.385080718434,
    "mh2": 514.499414922032,
    "mhz": 505.54611739568077
}