{
    "mh1": 508.82712963434307,
    "mh2": 507.2105735254622,
    "mhz": 485.30240098019254
}