{
    "mh1": 512.3440301732055,
    "mh2": 516.3962700822884,
    "mhz": 448.667654400459
}