{
    "mh1": 520.8621573683067,
    "mh2": 518.150611555686,
    "mhz": 508.4489146266974
}