{
    "mh1": 516.9026302774628,
    "mh2": 504.9940093180619,
    "mhz": 490.3822653056588
}