{
    "mh1": 515.4235724762177,
    "mh2": 521.2592935685113,
    "mhz": 571.0641963517946
}