{
    "mh1": 526.860906133878,
    "mh2": 492.7928204372442,
    "mhz": 495.0845360028913
}