{
    "mh1": 507.38546206823383,
    "mh2": 506.22968163519323,
    "mhz": 489.43162020674913
}