{
    "mh1": 513.2632648683434,
    "mh2": 525.2526688928295,
    "mhz": 518.1979664398218
}