{
    "mh1": 507.88850396396964,
    "mh2": 512.188450915342,
    "mhz": 478.8624140906979
}