{
    "mh1": 511.07290935966626,
    "mh2": 497.6282873906244
}