{
    "mh1": 513.5104064935541,
    "mh2": 516.9052265940736,
    "mhz": 462.3082302341263
}