{
    "mh1": 498.88270518772725,
    "mh2": 573.8693926556634
}