{
    "mh1": 516.1185693604028,
    "mh2": 526.4372695050727,
    "mhz": 578.9896487090034
}