{
    "mh1": 506.6357876463594,
    "mh2": 504.55946851360994,
    "mhz": 492.4568745214009
}