{
    "mh1": 513.6912871535235,
    "mh2": 518.7341364297108,
    "mhz": 620.4471931208388
}