{
    "mh1": 531.3122236445129,
    "mh2": 476.0002378844146,
    "mhz": 482.9111804220837
}