{
    "mh1": 506.4407222192978,
    "mh2": 505.05391700136687,
    "mhz": 532.5823944440448
}