{
    "mh1": 528.176362875158,
    "mh2": 487.22104191872165,
    "mhz": 490.6042481278452
}