{
    "mh1": 526.0480868503113,
    "mh2": 496.3780172398708,
    "mhz": 497.1829466968346
}