{
    "mh1": 512.0071085038251,
    "mh2": 493.0480215230342
}