{
    "mh1": 518.7704327742031,
    "mh2": 540.6582177193783,
    "mhz": 446.7425967273604
}