{
    "mh1": 528.9783772245231,
    "mh2": 531.4577718987905,
    "mhz": 530.0378145526188
}