{
    "mh1": 525.3447398835683,
    "mh2": 495.4600720919324,
    "mhz": 497.3392904598581
}