{
    "mh1": 511.68827601246545,
    "mh2": 492.9166162515037
}