{
    "mh1": 514.7501459592158,
    "mh2": 512.1322553415985,
    "mhz": 475.74791964153826
}