{
    "mh1": 505.899994929281,
    "mh2": 503.8157961917085,
    "mhz": 491.5771242927184
}