{
    "mh1": 516.2620574707794,
    "mh2": 523.5534100239284,
    "mhz": 554.6190571626979
}