{
    "mh1": 518.1329212737057,
    "mh2": 548.8905792109424
}