{
    "mh1": 514.8525945273273,
    "mh2": 512.1211129118612,
    "mhz": 476.2588811553099
}