{
    "mh1": 508.57740934634984,
    "mh2": 511.42560514319274,
    "mhz": 479.90303026065556
}