{
    "mh1": 512.2067630982301,
    "mh2": 518.7583385179952,
    "mhz": 550.2332224348802
}