{
    "mh1": 507.79210770494615,
    "mh2": 518.0626600631979,
    "mhz": 465.99455910424183
}