{
    "mh1": 550.0555801150092,
    "mh2": 516.1159097122852,
    "mhz": 526.8488177010192
}