{
    "mh1": 504.9157681021548,
    "mh2": 514.8431452452118,
    "mhz": 511.25565999639883
}