{
    "mh1": 510.797975758915,
    "mh2": 518.2495654934258,
    "mhz": 514.5584390302079
}