{
    "mh1": 525.1691067579821,
    "mh2": 495.9469670734264,
    "mhz": 497.42831007158514
}