{
    "mh1": 503.7738441164482,
    "mh2": 565.3893108800221
}