{
    "mh1": 517.5070221876217,
    "mh2": 518.7862746051978,
    "mhz": 531.7338036391943
}