{
    "mh1": 520.1053825570685,
    "mh2": 562.6446537582076,
    "mhz": 515.4702403422675
}