{
    "mh1": 531.118384208985,
    "mh2": 475.98802496654105,
    "mhz": 482.971855222237
}