{
    "mh1": 511.86270246841946,
    "mh2": 518.2744857477411,
    "mhz": 416.04548822772773
}