{
    "mh1": 513.8972947627362,
    "mh2": 514.392876951044,
    "mhz": 512.622778870312
}