{
    "mh1": 527.9724936176747,
    "mh2": 488.1515574401431,
    "mhz": 531.9186599839908
}