{
    "mh1": 525.9353991027314,
    "mh2": 514.3450626533113,
    "mhz": 511.94736151955215
}