{
    "mh1": 507.1189663272701,
    "mh2": 503.1041875040407,
    "mhz": 491.910226108055
}