{
    "mh1": 515.5569185650807,
    "mh2": 526.4539979831022,
    "mhz": 553.9381265867889
}