{
    "mh1": 515.6112142684146,
    "mh2": 529.2177614412922,
    "mhz": 576.9004044845203
}