{
    "mh1": 527.4745658144122,
    "mh2": 511.5404942921668,
    "mhz": 491.9271951092189
}