{
    "mh1": 516.6040642376151,
    "mh2": 513.6975506660438,
    "mhz": 482.0104586656464
}