{
    "mh1": 514.7095143985954,
    "mh2": 512.1472133822072,
    "mhz": 475.6054866649395
}