{
    "mh1": 507.8116253942501,
    "mh2": 521.9389396389702,
    "mhz": 490.207848539894
}