{
    "mh1": 519.4250696661803,
    "mh2": 523.1405146277085,
    "mhz": 518.440790211162
}