{
    "mh1": 508.2747394346088,
    "mh2": 502.7802470017133,
    "mhz": 485.80359080525415
}