{
    "mh1": 506.04722649692224,
    "mh2": 503.30425468662565,
    "mhz": 489.5618092473419
}