{
    "mh1": 547.7037181432465,
    "mh2": 515.496355120656,
    "mhz": 523.1848517684001
}