{
    "mh1": 522.4010118499984,
    "mh2": 515.9615388722008,
    "mhz": 516.6272689093576
}