{
    "mh1": 509.5013795870389,
    "mh2": 511.48554254180976,
    "mhz": 475.9315628695309
}