{
    "mh1": 511.9301269432048,
    "mh2": 492.8370942374449
}