{
    "mh1": 511.87623049827494,
    "mh2": 491.13270769481136
}