{
    "mh1": 517.6119513545905,
    "mh2": 536.814371550681,
    "mhz": 514.284527110007
}