{
    "mh1": 513.2441085807361,
    "mh2": 517.425173093758,
    "mhz": 567.675223484681
}