{
    "mh1": 513.7294736540848,
    "mh2": 526.1785979391032,
    "mhz": 537.6530765185851
}