{
    "mh1": 522.4053874567195,
    "mh2": 525.1116215988898,
    "mhz": 520.0589614417509
}