{
    "mh1": 507.2280156254096,
    "mh2": 523.6728564437765,
    "mhz": 461.4626075134468
}