{
    "mh1": 527.5074459929216,
    "mh2": 488.80963483003484,
    "mhz": 491.81192884560517
}