{
    "mh1": 522.3525585117304,
    "mh2": 524.8581153054438,
    "mhz": 516.8349507407316
}