{
    "mh1": 523.9129600586086,
    "mh2": 554.9180016537302
}