{
    "mh1": 514.6933186202968,
    "mh2": 529.8832604489819,
    "mhz": 565.033795231756
}