{
    "mh1": 515.7219641359061,
    "mh2": 512.2340009787472,
    "mhz": 476.1802069005294
}