{
    "mh1": 511.0382841618707,
    "mh2": 497.6841756539647
}