{
    "mh1": 524.065952573075,
    "mh2": 527.3848539347176,
    "mhz": 520.8629894239424
}