{
    "mh1": 506.5768078755917,
    "mh2": 504.311828201978,
    "mhz": 491.6022128399398
}