{
    "mh1": 513.1687586677837,
    "mh2": 519.75464348487,
    "mhz": 608.103038897109
}