{
    "mh1": 521.4816306696845,
    "mh2": 518.2247549386753,
    "mhz": 512.0080304851538
}