{
    "mh1": 519.3029030105295,
    "mh2": 513.3897456717481,
    "mhz": 515.2733035566953
}