{
    "mh1": 514.6605180423585,
    "mh2": 518.2256979594129,
    "mhz": 442.695182174942
}