{
    "mh1": 511.91895319469074,
    "mh2": 520.3880145733846
}