{
    "mh1": 512.6839239936161,
    "mh2": 499.8794995626455,
    "mhz": 480.10393003875
}