{
    "mh1": 524.5501481427068,
    "mh2": 532.2935076156693,
    "mhz": 548.3587900940921
}