{
    "mh1": 506.8638517323548,
    "mh2": 545.8424082783878,
    "mhz": 439.67267639741004
}