{
    "mh1": 513.8726607691185,
    "mh2": 515.1444777032336,
    "mhz": 547.0027960942552
}