{
    "mh1": 515.20615639523,
    "mh2": 512.6611058192273,
    "mhz": 476.85483078826815
}