{
    "mh1": 518.5527516164141,
    "mh2": 546.1735908388144,
    "mhz": 585.3017915323672
}