{
    "mh1": 512.7553630088241,
    "mh2": 519.2754530379574,
    "mhz": 455.3403635840957
}