{
    "mh1": 512.1042828866113,
    "mh2": 516.8131062856896,
    "mhz": 428.14321302305854
}