{
    "mh1": 516.36796693552,
    "mh2": 513.6609519359015,
    "mhz": 542.9148823427422
}