{
    "mh1": 522.7835221686615,
    "mh2": 528.1966170264217,
    "mhz": 519.4556159020586
}