{
    "mh1": 510.74865459818324,
    "mh2": 519.190962456525,
    "mhz": 413.7080844326992
}