{
    "mh1": 525.7246409540015,
    "mh2": 496.64592917813303,
    "mhz": 526.7539033847715
}