{
    "mh1": 501.8494846301515,
    "mh2": 493.1974966791429,
    "mhz": 520.491223667933
}