{
    "mh1": 512.6892745571988,
    "mh2": 519.0286647959365,
    "mhz": 603.507540883452
}