{
    "mh1": 511.9764148683396,
    "mh2": 494.25248300448425
}