{
    "mh1": 517.2046045707809,
    "mh2": 517.8600459333175,
    "mhz": 541.8302127532263
}