{
    "mh1": 513.6896147889712,
    "mh2": 525.0808254544247,
    "mhz": 541.494460913521
}