{
    "mh1": 511.61092273879706,
    "mh2": 490.9215380897398
}