{
    "mh1": 525.2247842013957,
    "mh2": 497.1794933149882,
    "mhz": 497.637685621789
}