{
    "mh1": 522.9538352272727,
    "mh2": 528.6192714521803,
    "mhz": 551.9681084930489
}