{
    "mh1": 517.0328232316715,
    "mh2": 545.7267857014833,
    "mhz": 590.3988292710903
}