{
    "mh1": 521.0317545065757,
    "mh2": 514.9346450745421,
    "mhz": 508.89474783801205
}