{
    "mh1": 521.6687374117729,
    "mh2": 522.6256366336703,
    "mhz": 513.935257770959
}