{
    "mh1": 525.0789525227614,
    "mh2": 528.5890157937191,
    "mhz": 520.9231005760138
}