{
    "mh1": 511.9675731570435,
    "mh2": 518.673669344005,
    "mhz": 420.45443956001225
}