{
    "mh1": 505.0404601964311,
    "mh2": 499.47325138090764,
    "mhz": 494.80723404594005
}