{
    "mh1": 505.75595674566995,
    "mh2": 515.8162007399292,
    "mhz": 482.74515064331416
}