{
    "mh1": 523.1416014131667,
    "mh2": 525.8365426699688,
    "mhz": 519.5579441157757
}