{
    "mh1": 506.9427858870573,
    "mh2": 518.8355788270536,
    "mhz": 490.3271237923465
}