{
    "mh1": 510.92548107178317,
    "mh2": 501.4659499523647,
    "mhz": 509.05091809193505
}