{
    "mh1": 511.04751455347224,
    "mh2": 532.4873566515768
}