{
    "mh1": 527.0865219485826,
    "mh2": 493.93478468723566,
    "mhz": 495.68984481300333
}