{
    "mh1": 526.6821173409617,
    "mh2": 492.466324187939,
    "mhz": 495.0636812371156
}