{
    "mh1": 514.2077369053777,
    "mh2": 530.321124210828,
    "mhz": 573.9269341850311
}