{
    "mh1": 498.4243694835271,
    "mh2": 572.7678377608395
}