{
    "mh1": 525.622085171411,
    "mh2": 539.6455144424681
}