{
    "mh1": 517.9541261283136,
    "mh2": 551.7601952863567,
    "mhz": 512.482401016638
}