{
    "mh1": 506.00082361015785,
    "mh2": 533.8949975405242,
    "mhz": 462.8612658575367
}