{
    "mh1": 514.5898050152555,
    "mh2": 493.2378466531988
}