{
    "mh1": 516.4431079810681,
    "mh2": 523.8658635828053,
    "mhz": 532.4143155129232
}