{
    "mh1": 516.7054034195485,
    "mh2": 520.07060683773,
    "mhz": 533.7555569161839
}