{
    "mh1": 511.1841438503283,
    "mh2": 497.9218994382062
}