{
    "mh1": 518.2359609274109,
    "mh2": 524.9967135183826,
    "mhz": 519.869214137814
}