{
    "mh1": 507.121953627614,
    "mh2": 508.1316130488211,
    "mhz": 485.8889717536835
}