{
    "mh1": 515.8824293062178,
    "mh2": 513.2714478215302,
    "mhz": 475.890057862361
}