{
    "mh1": 506.8447411828844,
    "mh2": 508.2742833678435,
    "mhz": 489.75167701971884
}