{
    "mh1": 517.0120131066024,
    "mh2": 519.661246508487,
    "mhz": 491.2246424076859
}