{
    "mh1": 512.1851049306006,
    "mh2": 510.14544614382885,
    "mhz": 453.4790023329769
}