{
    "mh1": 527.5376183689351,
    "mh2": 534.8701631420363,
    "mhz": 492.0010370178654
}