{
    "mh1": 517.6736777938823,
    "mh2": 519.9660746335416,
    "mhz": 516.9864136999124
}