{
    "mh1": 502.82975374105683,
    "mh2": 558.025670240583
}