{
    "mh1": 525.6650110946947,
    "mh2": 526.2081812213212,
    "mhz": 536.6288396688733
}