{
    "mh1": 506.79029020806695,
    "mh2": 513.9478007457036,
    "mhz": 536.4067539359569
}