{
    "mh1": 528.9170858926805,
    "mh2": 488.8455172847793,
    "mhz": 532.7387425970339
}