{
    "mh1": 511.02919794377647,
    "mh2": 495.6153959212352
}