{
    "mh1": 506.37793212178025,
    "mh2": 503.93656711118683,
    "mhz": 492.2065968400497
}