{
    "mh1": 517.382824714503,
    "mh2": 528.3893288513133,
    "mhz": 515.3228361189509
}