{
    "mh1": 520.2041872462158,
    "mh2": 532.7838103366869
}