{
    "mh1": 527.2525307106853,
    "mh2": 489.6849317354875,
    "mhz": 492.6332222018226
}