{
    "mh1": 500.24057037236327,
    "mh2": 572.2450676370954
}