{
    "mh1": 513.694387919219,
    "mh2": 512.242656172696,
    "mhz": 577.3648536676608
}