{
    "mh1": 512.2790979957481,
    "mh2": 512.0296919602217,
    "mhz": 554.1047318348371
}