{
    "mh1": 526.7948734583379,
    "mh2": 494.1437536163274,
    "mhz": 528.5450554074905
}