{
    "mh1": 519.8034469222903,
    "mh2": 546.4335193367248,
    "mhz": 576.5061536728415
}