{
    "mh1": 511.8113450319124,
    "mh2": 512.0390061199166,
    "mhz": 564.3449116381735
}