{
    "mh1": 510.74041905524103,
    "mh2": 501.96666553527183,
    "mhz": 510.5966265559573
}