{
    "mh1": 522.6317991003855,
    "mh2": 522.6782662947581,
    "mhz": 512.7298270816136
}