{
    "mh1": 511.0443955237571,
    "mh2": 516.9801347066069,
    "mhz": 583.593355580404
}