{
    "mh1": 522.5850881958781,
    "mh2": 528.655895495489,
    "mhz": 521.3231962992279
}