{
    "mh1": 501.89255630080396,
    "mh2": 538.9013437855913
}