{
    "mh1": 522.967306509339,
    "mh2": 526.2119698089731,
    "mhz": 519.1468832954985
}