{
    "mh1": 527.5839391561074,
    "mh2": 529.5144002489493,
    "mhz": 489.15703666425526
}