{
    "mh1": 517.8787756809309,
    "mh2": 543.2661034717519,
    "mhz": 447.42162380687364
}