{
    "mh1": 512.0074071654478,
    "mh2": 492.61492479382673
}