{
    "mh1": 513.779061411169,
    "mh2": 512.2997923196941,
    "mhz": 512.0187892174176
}