{
    "mh1": 510.2633736213348,
    "mh2": 503.24167110034585,
    "mhz": 514.7971188811679
}