{
    "mh1": 528.0494933580029,
    "mh2": 487.38030123442513,
    "mhz": 490.83787166996717
}