{
    "mh1": 586.4973062548727,
    "mh2": 556.0622456613853,
    "mhz": 557.7539457928732
}