{
    "mh1": 511.5182338094539,
    "mh2": 504.3424720247706,
    "mhz": 491.5450342304184
}