{
    "mh1": 508.524602564126,
    "mh2": 510.6381947007429,
    "mhz": 485.9173492263309
}