{
    "mh1": 507.4953748955279,
    "mh2": 503.4428740402867,
    "mhz": 491.46536557380534
}