{
    "mh1": 518.3325135670141,
    "mh2": 520.4353971418722,
    "mhz": 567.9019778579425
}