{
    "mh1": 523.4108809783795,
    "mh2": 538.1983105481546
}