{
    "mh1": 522.0971985409213,
    "mh2": 526.8820193705277,
    "mhz": 520.9313765910687
}