{
    "mh1": 507.344406953805,
    "mh2": 505.8861780803724,
    "mhz": 489.4104898098241
}