{
    "mh1": 501.8710560279248,
    "mh2": 550.0898493038808
}