{
    "mh1": 520.5053551117296,
    "mh2": 522.7403523830718,
    "mhz": 553.3472095401423
}