{
    "mh1": 512.0148183773763,
    "mh2": 516.2575525979818,
    "mhz": 594.100641855259
}