{
    "mh1": 507.28661540765336,
    "mh2": 506.4966410580067,
    "mhz": 489.21270552318435
}