{
    "mh1": 508.87833660745093,
    "mh2": 511.7281213309652,
    "mhz": 475.7769770495728
}