{
    "mh1": 514.8514861215185,
    "mh2": 512.1339854484959,
    "mhz": 476.9482367103979
}