{
    "mh1": 512.9920946273644,
    "mh2": 515.6087481341374,
    "mhz": 575.9750480053314
}