{
    "mh1": 522.1385791219199,
    "mh2": 559.3145564479424,
    "mhz": 516.9173359235921
}