{
    "mh1": 511.8466814139948,
    "mh2": 525.9770480164241
}