{
    "mh1": 522.1772296757804,
    "mh2": 523.9593138548144,
    "mhz": 513.7046049769463
}