{
    "mh1": 527.4916422079108,
    "mh2": 487.5265668756203,
    "mhz": 511.9108245121443
}