{
    "mh1": 515.6605342394885,
    "mh2": 520.2094221643249,
    "mhz": 493.6557760799098
}