{
    "mh1": 524.1106396472313,
    "mh2": 554.5392024610813
}