{
    "mh1": 521.3356001508264,
    "mh2": 545.1092469524931,
    "mhz": 514.1068344581092
}