{
    "mh1": 505.9963078701226,
    "mh2": 512.8725850613155,
    "mhz": 492.1881725033536
}