{
    "mh1": 506.17671457998983,
    "mh2": 504.0666509153278,
    "mhz": 492.12970200164864
}