{
    "mh1": 507.48313656707813,
    "mh2": 517.5284834783945,
    "mhz": 494.232568986842
}