{
    "mh1": 507.06633590039985,
    "mh2": 514.0215351588303,
    "mhz": 481.4013100447607
}