{
    "mh1": 522.2226956776478,
    "mh2": 524.9193131104068,
    "mhz": 515.7744434848445
}