{
    "mh1": 514.4434315177446,
    "mh2": 519.6450163816935,
    "mhz": 576.5931816976831
}