{
    "mh1": 518.3951011022959,
    "mh2": 549.5004642981901,
    "mhz": 431.0198211671529
}