{
    "mh1": 516.6852903929978,
    "mh2": 523.8121022228287,
    "mhz": 510.89365396924217
}