{
    "mh1": 524.6327679309037,
    "mh2": 529.6392959901291,
    "mhz": 523.205873958265
}