{
    "mh1": 521.4760684224246,
    "mh2": 522.7748861475262,
    "mhz": 514.0595587592071
}