{
    "mh1": 506.5237964264204,
    "mh2": 504.582567663887,
    "mhz": 493.00149939926666
}