{
    "mh1": 512.163994569496,
    "mh2": 516.609358789764,
    "mhz": 448.77565391122096
}