{
    "mh1": 524.5772106469943,
    "mh2": 495.4625638568208,
    "mhz": 527.271854712335
}