{
    "mh1": 525.2300302775708,
    "mh2": 527.4885986141495,
    "mhz": 521.8246131625995
}