{
    "mh1": 518.9078457923106,
    "mh2": 548.3351341529043,
    "mhz": 439.59772026808866
}