{
    "mh1": 523.7179324059204,
    "mh2": 529.5948723994421,
    "mhz": 571.4568484786473
}