{
    "mh1": 526.7343857624552,
    "mh2": 492.42950673648375,
    "mhz": 495.02461823079796
}