{
    "mh1": 509.2514470333565,
    "mh2": 518.8525030103079,
    "mhz": 545.3982182547895
}