{
    "mh1": 517.2993756511144,
    "mh2": 522.425093545201,
    "mhz": 531.6155706797979
}