{
    "mh1": 519.1163903564279,
    "mh2": 518.3313544022016,
    "mhz": 535.4459959198552
}