{
    "mh1": 515.8145658537609,
    "mh2": 518.2938705559345,
    "mhz": 552.5117579992516
}