{
    "mh1": 515.1069218539807,
    "mh2": 512.8663671034908,
    "mhz": 476.38794100484637
}