{
    "mh1": 515.8477028115678,
    "mh2": 521.5581455495461,
    "mhz": 582.4694729116977
}