{
    "mh1": 517.7625676056856,
    "mh2": 523.2075754337154,
    "mhz": 519.0127953997533
}