{
    "mh1": 528.5217307310666,
    "mh2": 531.3597042189201,
    "mhz": 480.64281325271594
}