{
    "mh1": 510.8862530498675,
    "mh2": 497.5720512798105
}