{
    "mh1": 507.0596583890457,
    "mh2": 503.7606129207282,
    "mhz": 492.74681474441246
}