{
    "mh1": 525.624222886198,
    "mh2": 526.4617461227172,
    "mhz": 522.8875807263273
}