{
    "mh1": 506.5820614455792,
    "mh2": 504.2728416844547,
    "mhz": 492.0828082173672
}