{
    "mh1": 525.9831653190521,
    "mh2": 494.3775665931604,
    "mhz": 496.83017781511427
}