{
    "mh1": 516.6893672548933,
    "mh2": 526.7398852030316,
    "mhz": 479.63972451819586
}