{
    "mh1": 518.2736803145037,
    "mh2": 525.0634239523284,
    "mhz": 527.7281264466635
}