{
    "mh1": 502.3618724277628,
    "mh2": 485.03792704577023
}