{
    "mh1": 517.7439628699051,
    "mh2": 514.0985651891225,
    "mhz": 491.9063736312176
}