{
    "mh1": 511.17824051411867,
    "mh2": 494.9631908811986
}