{
    "mh1": 527.9133263929818,
    "mh2": 536.7399259328622,
    "mhz": 490.8913467770513
}