{
    "mh1": 516.2682981931666,
    "mh2": 513.380411730195,
    "mhz": 528.2362305388697
}