{
    "mh1": 538.2533084492704,
    "mh2": 519.7500096200602,
    "mhz": 525.043448449569
}