{
    "mh1": 513.8728232443282,
    "mh2": 513.793151208584,
    "mhz": 474.1525951809242
}