{
    "mh1": 505.65581045756215,
    "mh2": 503.2234833021762,
    "mhz": 492.81991824978144
}