{
    "mh1": 518.8220667677665,
    "mh2": 539.7292040840572,
    "mhz": 448.1161444629635
}