{
    "mh1": 512.8068427261685,
    "mh2": 516.0304772072916,
    "mhz": 434.0518625865485
}