{
    "mh1": 516.890139316343,
    "mh2": 524.7945294494638,
    "mhz": 555.296905961362
}