{
    "mh1": 522.3138733880761,
    "mh2": 522.2779136192692,
    "mhz": 511.9146124215882
}