{
    "mh1": 527.4210213708894,
    "mh2": 489.12566867316207,
    "mhz": 492.23127810330976
}