{
    "mh1": 516.665786596775,
    "mh2": 518.2276012725197,
    "mhz": 533.9069589407779
}