{
    "mh1": 514.9591206011276,
    "mh2": 512.7201842796271,
    "mhz": 476.981898768676
}