{
    "mh1": 513.2996630516193,
    "mh2": 517.128603302567,
    "mhz": 586.5406852135724
}