{
    "mh1": 512.6049838090164,
    "mh2": 516.654809508623,
    "mhz": 595.3763161260817
}