{
    "mh1": 506.6282798548088,
    "mh2": 504.4789840197294,
    "mhz": 491.85663882706604
}