{
    "mh1": 521.8913038127787,
    "mh2": 564.2288025178686,
    "mhz": 517.0003392756378
}