{
    "mh1": 517.0383072972883,
    "mh2": 518.9560992304115,
    "mhz": 516.1889022080801
}