{
    "mh1": 517.3730257161999,
    "mh2": 503.62058940319736,
    "mhz": 491.96096658176833
}