{
    "mh1": 540.220168265308,
    "mh2": 529.733413838996,
    "mhz": 531.1541973549175
}