{
    "mh1": 515.39093698908,
    "mh2": 512.4823756732181,
    "mhz": 475.3595932748717
}