{
    "mh1": 525.2341034803466,
    "mh2": 529.7280069788868,
    "mhz": 534.9540175231276
}