{
    "mh1": 516.9920385787725,
    "mh2": 504.0796987587095,
    "mhz": 492.06472999858266
}