{
    "mh1": 523.533395540887,
    "mh2": 529.1323667492231,
    "mhz": 520.1445258136825
}