{
    "mh1": 507.3298953215424,
    "mh2": 503.71726500506867,
    "mhz": 491.6837627154193
}