{
    "mh1": 525.8559949777739,
    "mh2": 567.1510373174206,
    "mhz": 518.872560431814
}