{
    "mh1": 525.4171173602068,
    "mh2": 495.66557529030024,
    "mhz": 497.45295773325535
}