{
    "mh1": 511.856258887667,
    "mh2": 495.455821566984
}