{
    "mh1": 501.3656340955239,
    "mh2": 569.7650446390971
}