{
    "mh1": 516.4837482807983,
    "mh2": 517.2018083227052,
    "mhz": 516.0041576613243
}