{
    "mh1": 525.9913177052027,
    "mh2": 493.61621961196823,
    "mhz": 528.516051876928
}