{
    "mh1": 515.7448840095799,
    "mh2": 535.9304321375064,
    "mhz": 544.3204185095187
}