{
    "mh1": 510.90975551796924,
    "mh2": 497.64919833936733
}