{
    "mh1": 507.30562484911883,
    "mh2": 505.8373419260488,
    "mhz": 489.4255000918402
}