{
    "mh1": 518.2114209822603,
    "mh2": 523.7691520151208,
    "mhz": 548.8198759653849
}