{
    "mh1": 510.9640026443182,
    "mh2": 518.3365950146119,
    "mhz": 429.29584009569913
}