{
    "mh1": 512.3089024535118,
    "mh2": 516.7950458241179,
    "mhz": 420.8440695376907
}