{
    "mh1": 502.31248914943876,
    "mh2": 563.4789823707268
}