{
    "mh1": 517.0270326833249,
    "mh2": 541.9456997738297,
    "mhz": 458.25825376921983
}