{
    "mh1": 507.2585727298635,
    "mh2": 506.2931853506982,
    "mhz": 489.89295736232845
}