{
    "mh1": 531.7172994337094,
    "mh2": 475.8051632611172,
    "mhz": 482.0589556338581
}