{
    "mh1": 517.34084811739,
    "mh2": 517.7384161250455,
    "mhz": 542.3349132497863
}