{
    "mh1": 510.89101715914234,
    "mh2": 499.96887728331234,
    "mhz": 509.4820038466668
}