{
    "mh1": 518.3291694245121,
    "mh2": 529.5496538910768,
    "mhz": 516.244913395091
}