{
    "mh1": 525.9216806367542,
    "mh2": 496.35015795646245,
    "mhz": 497.1820754384729
}