{
    "mh1": 514.7379018433098,
    "mh2": 507.35476077705044,
    "mhz": 488.4288552079062
}