{
    "mh1": 520.0981863719711,
    "mh2": 533.79786680998,
    "mhz": 526.4640431499763
}