{
    "mh1": 506.2735759188891,
    "mh2": 504.2940490571984,
    "mhz": 491.2530240505908
}