{
    "mh1": 509.4563762151783,
    "mh2": 518.9606081681204,
    "mhz": 615.2586664190715
}