{
    "mh1": 512.1109320784292,
    "mh2": 516.0245237101689,
    "mhz": 438.08638540127043
}