{
    "mh1": 525.2486092776008,
    "mh2": 526.2601405907777,
    "mhz": 520.2130177723654
}