{
    "mh1": 517.9287727772471,
    "mh2": 517.0535085711402,
    "mhz": 548.7603541284041
}