{
    "mh1": 514.4697832148772,
    "mh2": 493.66773885255725
}