{
    "mh1": 549.5909655599586,
    "mh2": 505.8839055238926,
    "mhz": 526.1339555475785
}