{
    "mh1": 510.7938077200451,
    "mh2": 523.6968070674768,
    "mhz": 509.1264687915169
}