{
    "mh1": 519.7698010021575,
    "mh2": 525.1633368825388,
    "mhz": 519.2859917757062
}