{
    "mh1": 517.2822657279225,
    "mh2": 541.2665669589506
}