{
    "mh1": 521.2343960751449,
    "mh2": 535.2673025704107,
    "mhz": 530.3430319967773
}