{
    "mh1": 520.2742895015069,
    "mh2": 522.8217068128376,
    "mhz": 514.043991781235
}