{
    "mh1": 512.2285535941938,
    "mh2": 512.902190092556
}