{
    "mh1": 519.5179805200607,
    "mh2": 536.640222666235
}