{
    "mh1": 527.1463484266803,
    "mh2": 523.345659024289,
    "mhz": 519.6908060408731
}