{
    "mh1": 526.0164524749598,
    "mh2": 484.67477121773834,
    "mhz": 489.3724135731146
}