{
    "mh1": 506.82906758098113,
    "mh2": 550.7711098955813
}