{
    "mh1": 518.006819510884,
    "mh2": 502.9447905126855,
    "mhz": 490.78437102160973
}