{
    "mh1": 512.1921967471834,
    "mh2": 532.9614015459723,
    "mhz": 508.9690784017002
}