{
    "mh1": 510.4553363239731,
    "mh2": 511.9352852705115
}