{
    "mh1": 513.2773527685032,
    "mh2": 519.6361085749581,
    "mhz": 544.863129311478
}