{
    "mh1": 512.0325173385579,
    "mh2": 516.3682930898017,
    "mhz": 591.7139913751796
}