{
    "mh1": 516.8843153423953,
    "mh2": 513.3451753514832,
    "mhz": 476.59056279881395
}