{
    "mh1": 527.6860050961982,
    "mh2": 535.561697911369,
    "mhz": 491.5136119557936
}