{
    "mh1": 527.9018019308016,
    "mh2": 536.5862073513314,
    "mhz": 490.8782057562306
}