{
    "mh1": 511.51975485217685,
    "mh2": 516.5918317501485,
    "mhz": 593.9287760446397
}