{
    "mh1": 514.6464660353596,
    "mh2": 511.54888425684214,
    "mhz": 544.885087981507
}