{
    "mh1": 546.5588537648731,
    "mh2": 519.5607711312525,
    "mhz": 525.012351753478
}