{
    "mh1": 526.2641378464823,
    "mh2": 494.41351209063833,
    "mhz": 496.27979417539444
}