{
    "mh1": 508.7309567699352,
    "mh2": 511.5467428735329,
    "mhz": 480.10000349784883
}