{
    "mh1": 515.8467620771344,
    "mh2": 513.6149915356838,
    "mhz": 478.1453301584362
}