{
    "mh1": 519.6393595207603,
    "mh2": 522.9106952592066,
    "mhz": 518.852491483938
}