{
    "mh1": 524.7219297670795,
    "mh2": 564.6713630579278
}