{
    "mh1": 507.0874792007495,
    "mh2": 504.1649628147203,
    "mhz": 492.18069130416546
}