{
    "mh1": 511.85867370184457,
    "mh2": 491.02780872720905,
    "mhz": 514.8392297224168
}