{
    "mh1": 507.38518337322876,
    "mh2": 505.76185683733803,
    "mhz": 489.1608655161629
}