{
    "mh1": 519.658532781697,
    "mh2": 526.2487840498159,
    "mhz": 534.5382475915806
}