{
    "mh1": 518.9038047580442,
    "mh2": 546.4233744858843,
    "mhz": 442.73008667879225
}