{
    "mh1": 507.4004486663184,
    "mh2": 506.28964113495005,
    "mhz": 489.5603935970592
}