{
    "mh1": 518.8232034256903,
    "mh2": 544.9469096741168,
    "mhz": 442.31311463667316
}