{
    "mh1": 506.65649430373327,
    "mh2": 522.2617156070496,
    "mhz": 516.0749747309591
}