{
    "mh1": 512.5220835098357,
    "mh2": 524.7250972793295,
    "mhz": 502.19094791374965
}