{
    "mh1": 520.2449724626279,
    "mh2": 512.0950875677718,
    "mhz": 506.44799829359295
}