{
    "mh1": 508.606434665893,
    "mh2": 506.2847667883059,
    "mhz": 488.4110391063015
}