{
    "mh1": 520.70433886791,
    "mh2": 525.676758154113,
    "mhz": 520.3321795313547
}