{
    "mh1": 517.8671291495364,
    "mh2": 542.2362376296493,
    "mhz": 452.12444499626645
}