{
    "mh1": 512.5800252964095,
    "mh2": 516.9726624225245,
    "mhz": 426.6754585890296
}