{
    "mh1": 514.3307249968173,
    "mh2": 503.34881449313286,
    "mhz": 519.8530710478874
}