{
    "mh1": 512.0058096564353,
    "mh2": 497.62663959561155
}