{
    "mh1": 561.8396082256509,
    "mh2": 533.7859016333473
}