{
    "mh1": 566.7999615987711,
    "mh2": 554.8919767733266,
    "mhz": 576.7733469363089
}