{
    "mh1": 505.65961990854544,
    "mh2": 514.6787037771257,
    "mhz": 485.70248667850797
}