{
    "mh1": 510.8607557373883,
    "mh2": 519.1122719530824,
    "mhz": 418.5242049333464
}