{
    "mh1": 530.2855534774781,
    "mh2": 494.27634460662904,
    "mhz": 525.7227416453858
}