{
    "mh1": 522.3873956002983,
    "mh2": 522.7087343888948,
    "mhz": 513.1538682386455
}