{
    "mh1": 524.6436329810672,
    "mh2": 526.876593765518,
    "mhz": 522.28498740193
}