{
    "mh1": 513.3522518225795,
    "mh2": 519.1304411628545,
    "mhz": 601.0718927644291
}