{
    "mh1": 507.09561953852904,
    "mh2": 503.97599988351226,
    "mhz": 491.96140447311325
}