{
    "mh1": 513.9620705697552,
    "mh2": 519.4221167463033,
    "mhz": 600.6888322578138
}