{
    "mh1": 501.0440626681481,
    "mh2": 484.9877622896835,
    "mhz": 525.0947230685375
}