{
    "mh1": 507.49131433751154,
    "mh2": 508.76241298573126,
    "mhz": 488.39834634095126
}