{
    "mh1": 514.6564820783005,
    "mh2": 540.4697068152879,
    "mhz": 587.6053802783845
}