{
    "mh1": 509.08008329979174,
    "mh2": 510.8960921913829,
    "mhz": 478.2497239406057
}