{
    "mh1": 518.6759160700745,
    "mh2": 521.9111943752225,
    "mhz": 518.1212468582902
}