{
    "mh1": 526.736898677047,
    "mh2": 492.0967195586969,
    "mhz": 494.86672369028605
}