{
    "mh1": 513.6056897714816,
    "mh2": 522.2275361682316,
    "mhz": 474.82367354251267
}