{
    "mh1": 508.9605643481435,
    "mh2": 512.3505678877667,
    "mhz": 541.5235690127234
}