{
    "mh1": 565.6808461889243,
    "mh2": 566.5682771169833,
    "mhz": 561.5935587632719
}