{
    "mh1": 514.7232264091177,
    "mh2": 494.56724199783145
}