{
    "mh1": 513.0411166329452,
    "mh2": 512.791812043241,
    "mhz": 512.7080296054288
}