{
    "mh1": 525.5723861855728,
    "mh2": 566.8592466148739
}