{
    "mh1": 514.4274307728342,
    "mh2": 512.3467260968362,
    "mhz": 476.0216867301403
}