{
    "mh1": 521.8993691105613,
    "mh2": 519.9052605243729,
    "mhz": 512.697875005686
}