{
    "mh1": 521.5948094793753,
    "mh2": 518.75294477402,
    "mhz": 592.6836747531084
}