{
    "mh1": 524.8216316031525,
    "mh2": 526.7287393747148,
    "mhz": 520.1835916393147
}