{
    "mh1": 523.6467396248067,
    "mh2": 528.4404200457622,
    "mhz": 520.2137681666468
}