{
    "mh1": 514.8390546188716,
    "mh2": 512.1956395099653,
    "mhz": 512.3363894793006
}