{
    "mh1": 530.2840381820215,
    "mh2": 530.5023951112478,
    "mhz": 493.8723707932692
}