{
    "mh1": 525.1732955191208,
    "mh2": 495.8984788082249,
    "mhz": 497.35575430130086
}