{
    "mh1": 510.618256876884,
    "mh2": 518.5124563747123,
    "mhz": 399.8092652818576
}