{
    "mh1": 518.0288355287391,
    "mh2": 521.4235578069965,
    "mhz": 537.4501101568859
}