{
    "mh1": 519.3429076501067,
    "mh2": 539.6516976152668
}