{
    "mh1": 515.4836673892382,
    "mh2": 517.7248482799124,
    "mhz": 546.6515432214113
}