{
    "mh1": 511.77287882391727,
    "mh2": 489.7828235195927
}