{
    "mh1": 510.7848188407076,
    "mh2": 518.7185915547641,
    "mhz": 422.35231436054187
}