{
    "mh1": 526.1119919229224,
    "mh2": 495.984284586596,
    "mhz": 497.0387555239176
}