{
    "mh1": 518.9110763665778,
    "mh2": 545.7373810766047,
    "mhz": 582.0730398061517
}