{
    "mh1": 526.5462923462109,
    "mh2": 493.176107435589,
    "mhz": 495.61613212297533
}