{
    "mh1": 516.9973838463923,
    "mh2": 524.3957169778996,
    "mhz": 531.8786669129845
}