{
    "mh1": 529.5569954751763,
    "mh2": 496.989671208888,
    "mhz": 496.5763675162141
}