{
    "mh1": 520.1370621746123,
    "mh2": 519.0465955770227,
    "mhz": 534.9103835686967
}