{
    "mh1": 512.1010343942733,
    "mh2": 516.6107514106467,
    "mhz": 539.6788078244454
}