{
    "mh1": 514.6230770978267,
    "mh2": 494.50759119037554
}