{
    "mh1": 517.5004838547625,
    "mh2": 538.6065827211942,
    "mhz": 573.0884601088333
}