{
    "mh1": 522.5558644104199,
    "mh2": 523.8955398333891,
    "mhz": 514.4641694887255
}