{
    "mh1": 526.5549874904818,
    "mh2": 523.7290299941222,
    "mhz": 520.4712797123059
}