{
    "mh1": 517.4533705705833,
    "mh2": 520.4919870951906,
    "mhz": 531.1265409532826
}