{
    "mh1": 527.6183958553435,
    "mh2": 490.5895688112469,
    "mhz": 492.95539961232294
}