{
    "mh1": 518.5932237358422,
    "mh2": 521.4000243504972,
    "mhz": 531.5325921832707
}