{
    "mh1": 518.4688409114923,
    "mh2": 521.9492182959945,
    "mhz": 530.8018522040488
}