{
    "mh1": 517.2085560290348,
    "mh2": 532.5056118913868,
    "mhz": 463.8237690120504
}