{
    "mh1": 512.1788876112812,
    "mh2": 516.2219059510709,
    "mhz": 433.05944948821593
}