{
    "mh1": 517.5420163728114,
    "mh2": 515.8153656577043,
    "mhz": 481.1147184025541
}