{
    "mh1": 512.1966644803008,
    "mh2": 516.8801041067234,
    "mhz": 434.0699554863704
}