{
    "mh1": 529.6225419734527,
    "mh2": 531.9363214543378,
    "mhz": 493.38670804951295
}