{
    "mh1": 515.4766670328463,
    "mh2": 525.0684712297065,
    "mhz": 459.80458328603703
}