{
    "mh1": 506.4885877081181,
    "mh2": 502.5206715025762,
    "mhz": 489.0701173138451
}