{
    "mh1": 510.14958036335383,
    "mh2": 502.3677426349026,
    "mhz": 515.1663806866775
}