{
    "mh1": 511.93713269353253,
    "mh2": 490.16527223906957,
    "mhz": 509.9962780952243
}