{
    "mh1": 502.15840498850173,
    "mh2": 483.0430567456624
}