{
    "mh1": 527.4975663674252,
    "mh2": 490.4754520969604,
    "mhz": 493.109167861765
}