{
    "mh1": 510.3949759604781,
    "mh2": 518.4274108011108,
    "mhz": 569.7920080837405
}