{
    "mh1": 511.3871616774848,
    "mh2": 519.2895877727974,
    "mhz": 597.7170417387622
}