{
    "mh1": 511.3844374924628,
    "mh2": 495.00342811336714
}