{
    "mh1": 521.5583726115598,
    "mh2": 540.4313552607592
}