{
    "mh1": 519.7624970034892,
    "mh2": 553.5435866930651,
    "mhz": 439.25823062622186
}