{
    "mh1": 518.7284060646011,
    "mh2": 520.6498890791282,
    "mhz": 516.92738110724
}