{
    "mh1": 513.2198939891055,
    "mh2": 543.6948323424537,
    "mhz": 574.1615247545508
}