{
    "mh1": 512.875926876442,
    "mh2": 491.1950680649659,
    "mhz": 508.9269750325901
}