{
    "mh1": 516.0237172736488,
    "mh2": 521.3842418607977,
    "mhz": 516.0123641525389
}