{
    "mh1": 514.9450152526482,
    "mh2": 525.0593286303758,
    "mhz": 512.1345413272427
}