{
    "mh1": 511.84843896762976,
    "mh2": 493.56829452935796
}