{
    "mh1": 501.384080596436,
    "mh2": 455.5987521119919
}