{
    "mh1": 515.3945543841911,
    "mh2": 514.8460253043686,
    "mhz": 514.0276970335265
}