{
    "mh1": 514.8092038566144,
    "mh2": 511.5168219986436,
    "mhz": 547.1024425543518
}