{
    "mh1": 517.6308818251057,
    "mh2": 542.0020782413211,
    "mhz": 584.2624829950435
}