{
    "mh1": 511.8622487419327,
    "mh2": 493.53439532321687
}