{
    "mh1": 523.4893991940579,
    "mh2": 525.784377391341,
    "mhz": 519.477311340293
}