{
    "mh1": 511.6460535168624,
    "mh2": 501.18287264164167,
    "mhz": 510.2005480642539
}