{
    "mh1": 518.8063617653221,
    "mh2": 520.9954365152723,
    "mhz": 531.2786656079606
}