{
    "mh1": 513.6664098351368,
    "mh2": 537.217771169801
}