{
    "mh1": 517.0631551518501,
    "mh2": 526.8968897283212,
    "mhz": 482.1480717313153
}