{
    "mh1": 514.2607940274588,
    "mh2": 535.8871958735882,
    "mhz": 581.7051904553709
}