{
    "mh1": 508.877015583345,
    "mh2": 520.571804384247,
    "mhz": 534.8527000422753
}