{
    "mh1": 521.8273754113219,
    "mh2": 524.0188545943502,
    "mhz": 515.1868921145823
}