{
    "mh1": 506.45643690676064,
    "mh2": 504.56960923246993,
    "mhz": 492.86006050808504
}