{
    "mh1": 507.33095349617594,
    "mh2": 505.910382964444,
    "mhz": 489.8761115616392
}