{
    "mh1": 527.7713023810734,
    "mh2": 534.3601740717836,
    "mhz": 532.3143604468839
}