{
    "mh1": 530.8010399816329,
    "mh2": 500.8321775020374,
    "mhz": 525.8337153993641
}