{
    "mh1": 517.4272990024039,
    "mh2": 517.0851827681951,
    "mhz": 515.5272834791007
}