{
    "mh1": 511.93579147568954,
    "mh2": 497.0515384803639
}