{
    "mh1": 518.9040805177341,
    "mh2": 541.049963475873,
    "mhz": 512.7903111557459
}