{
    "mh1": 518.5095409311361,
    "mh2": 521.6080989003693,
    "mhz": 531.3570205599117
}