{
    "mh1": 514.9985288341238,
    "mh2": 519.6318599875963,
    "mhz": 555.5966286169365
}