{
    "mh1": 512.5021405448692,
    "mh2": 523.3790938225574,
    "mhz": 542.0234319568928
}