{
    "mh1": 521.4057900147649,
    "mh2": 534.0500845005872
}