{
    "mh1": 503.57250376605606,
    "mh2": 538.5650545788521
}