{
    "mh1": 517.0707025808665,
    "mh2": 512.7036396663784,
    "mhz": 513.4559258442617
}