{
    "mh1": 511.97582056835034,
    "mh2": 492.4803427073529
}