{
    "mh1": 508.75300894250546,
    "mh2": 538.7994183658667,
    "mhz": 444.2487775894308
}