{
    "mh1": 507.3260860918052,
    "mh2": 506.7942692042048,
    "mhz": 488.99858249379844
}