{
    "mh1": 506.41146938072234,
    "mh2": 504.1808168284969,
    "mhz": 492.5715946403039
}