{
    "mh1": 508.5040297560411,
    "mh2": 511.37572436713185,
    "mhz": 482.036565529088
}