{
    "mh1": 512.1121539593569,
    "mh2": 513.8922809912156,
    "mhz": 580.5756886746617
}