{
    "mh1": 518.0198740431993,
    "mh2": 522.3153192730647,
    "mhz": 479.2933257656163
}