{
    "mh1": 527.4597131052996,
    "mh2": 525.401399872421,
    "mhz": 526.2546160608333
}