{
    "mh1": 514.1186484517689,
    "mh2": 518.722475207804,
    "mhz": 514.4183832728335
}