{
    "mh1": 517.9249185945966,
    "mh2": 515.6583465701174,
    "mhz": 530.5588993087658
}