{
    "mh1": 518.2574100128973,
    "mh2": 520.5919694110054,
    "mhz": 514.0058687996367
}