{
    "mh1": 509.43078820932345,
    "mh2": 519.2608113538298,
    "mhz": 468.8251119502506
}