{
    "mh1": 517.980923983521,
    "mh2": 504.09697140790274,
    "mhz": 531.6760084266392
}