{
    "mh1": 526.9020613451798,
    "mh2": 491.9827820987589,
    "mhz": 494.8638866045928
}