{
    "mh1": 527.7134113634656,
    "mh2": 490.93720887161874,
    "mhz": 493.19759514416205
}