{
    "mh1": 513.3504807421589,
    "mh2": 520.394243136013,
    "mhz": 553.9156132546912
}