{
    "mh1": 510.4281019243146,
    "mh2": 518.3707464016619,
    "mhz": 605.1539842757775
}