{
    "mh1": 511.93249441350997,
    "mh2": 497.82775060677625
}