{
    "mh1": 509.47690444560504,
    "mh2": 518.0057397132072,
    "mhz": 438.2281016589148
}