{
    "mh1": 522.6575567248483,
    "mh2": 527.7955466618411,
    "mhz": 518.3165242140216
}