{
    "mh1": 512.0723707901702,
    "mh2": 520.110499072619,
    "mhz": 458.6943292274724
}