{
    "mh1": 512.9147311206816,
    "mh2": 518.3108394594759,
    "mhz": 608.3879421280101
}