{
    "mh1": 525.4549724660262,
    "mh2": 566.1005798987101
}