{
    "mh1": 524.022724160091,
    "mh2": 569.1394984601229
}