{
    "mh1": 507.2160059848618,
    "mh2": 503.37666475386465,
    "mhz": 491.9542512537339
}