{
    "mh1": 516.0909902761953,
    "mh2": 514.4708630289726,
    "mhz": 547.063578723672
}