{
    "mh1": 526.3247688939562,
    "mh2": 524.873018818437,
    "mhz": 521.3295798823114
}