{
    "mh1": 524.7870501923593,
    "mh2": 495.45696007730436,
    "mhz": 497.20145800453076
}