{
    "mh1": 524.0432702822341,
    "mh2": 495.9296596973143,
    "mhz": 526.7132151992637
}