{
    "mh1": 521.146801392729,
    "mh2": 525.1134416745078,
    "mhz": 516.923314331678
}