{
    "mh1": 525.9400932319231,
    "mh2": 495.8352400379939,
    "mhz": 497.05414286214994
}