{
    "mh1": 508.9540643736027,
    "mh2": 520.1157666293163,
    "mhz": 492.14698187353963
}