{
    "mh1": 545.787872287678,
    "mh2": 501.1506485149298,
    "mhz": 526.9881443217403
}