{
    "mh1": 527.8354500507697,
    "mh2": 487.2896367678208,
    "mhz": 490.8772472513933
}