{
    "mh1": 522.4635182066934,
    "mh2": 527.1608676052978,
    "mhz": 519.7212661873532
}