{
    "mh1": 511.119966800629,
    "mh2": 496.5161908090162
}