{
    "mh1": 509.9734390409378,
    "mh2": 519.0451219320286,
    "mhz": 605.4217005874948
}