{
    "mh1": 523.5436701997411,
    "mh2": 528.9596057648581,
    "mhz": 523.0255259457228
}