{
    "mh1": 523.0013656329123,
    "mh2": 525.5373556334641,
    "mhz": 518.8347933890078
}