{
    "mh1": 525.0858512112684,
    "mh2": 530.5504588128648,
    "mhz": 544.1294130948238
}