{
    "mh1": 526.1364581054473,
    "mh2": 495.9875724236244,
    "mhz": 497.2331778990436
}