{
    "mh1": 506.0379058905592,
    "mh2": 520.4291834305911,
    "mhz": 531.948573483146
}