{
    "mh1": 515.8137428676787,
    "mh2": 517.6525041910215,
    "mhz": 476.93903223335286
}