{
    "mh1": 517.9182454436183,
    "mh2": 540.5020248361263,
    "mhz": 575.1973619846261
}