{
    "mh1": 518.2740472918974,
    "mh2": 517.122651346932,
    "mhz": 492.5437243366298
}