{
    "mh1": 512.0228504055368,
    "mh2": 490.3964197744148,
    "mhz": 509.59682052871267
}