{
    "mh1": 514.3219488152722,
    "mh2": 517.6458119568172,
    "mhz": 527.9844983267033
}