{
    "mh1": 512.8089077687782,
    "mh2": 519.268405618151,
    "mhz": 515.1465739201201
}