{
    "mh1": 551.8912136583483,
    "mh2": 503.75330608276334,
    "mhz": 527.1216357273336
}