{
    "mh1": 500.2404489364657,
    "mh2": 570.6851470853005
}