{
    "mh1": 514.546748010091,
    "mh2": 513.1982847329351,
    "mhz": 547.522316117186
}