{
    "mh1": 513.1419512547608,
    "mh2": 516.9892986491132,
    "mhz": 467.7065963441948
}