{
    "mh1": 512.2042656854703,
    "mh2": 517.3375992445175,
    "mhz": 596.339517680389
}