{
    "mh1": 522.7521858504269,
    "mh2": 526.8227651234016,
    "mhz": 517.1153100140115
}