{
    "mh1": 511.7854854933655,
    "mh2": 517.8089005281397,
    "mhz": 444.7364275043122
}