{
    "mh1": 519.6708784059487,
    "mh2": 518.7827961432989,
    "mhz": 596.1263855375273
}