{
    "mh1": 522.0447786284137,
    "mh2": 524.4704201330459,
    "mhz": 515.3206560282135
}