{
    "mh1": 511.43425314296024,
    "mh2": 499.85357240451515,
    "mhz": 514.8071381639465
}