{
    "mh1": 518.2716174352089,
    "mh2": 516.75928694451,
    "mhz": 477.2771999587674
}