{
    "mh1": 512.5332741497714,
    "mh2": 510.69791634381653,
    "mhz": 476.1735720152401
}