{
    "mh1": 513.5856699151911,
    "mh2": 518.7109332122811,
    "mhz": 513.6177457382055
}