{
    "mh1": 529.6719345069599,
    "mh2": 492.5848353327043,
    "mhz": 531.1752312010956
}