{
    "mh1": 509.790801691015,
    "mh2": 515.2507591819028,
    "mhz": 446.20279276364687
}