{
    "mh1": 512.4415760607933,
    "mh2": 529.2437079530913,
    "mhz": 569.2100600626893
}