{
    "mh1": 517.3557653531911,
    "mh2": 520.9377102672086,
    "mhz": 492.07060755941353
}