{
    "mh1": 506.77541094625377,
    "mh2": 504.5219635924849,
    "mhz": 492.1544519240748
}