{
    "mh1": 524.90585802267,
    "mh2": 496.12537999243517,
    "mhz": 526.5248712919833
}