{
    "mh1": 515.2256586607068,
    "mh2": 513.2901115709916,
    "mhz": 540.8523197411492
}