{
    "mh1": 511.0763718703557,
    "mh2": 492.12225505368235,
    "mhz": 515.0596862793236
}