{
    "mh1": 514.10125579837,
    "mh2": 518.4172907678416,
    "mhz": 606.5757859167446
}