{
    "mh1": 526.281438855976,
    "mh2": 496.83051420305793,
    "mhz": 497.6176460802152
}