{
    "mh1": 514.7162752665778,
    "mh2": 516.6602170752844,
    "mhz": 550.9721974723705
}