{
    "mh1": 528.8812406439583,
    "mh2": 498.08646674463716,
    "mhz": 497.73048727748954
}