{
    "mh1": 523.9274087540205,
    "mh2": 529.818283998224,
    "mhz": 522.3264484912896
}