{
    "mh1": 528.8776472895432,
    "mh2": 497.9415448997995,
    "mhz": 497.32566511761473
}