{
    "mh1": 506.11121973058096,
    "mh2": 501.2181986383899,
    "mhz": 490.92498915750303
}