{
    "mh1": 526.8566895748316,
    "mh2": 493.5517217856125,
    "mhz": 495.53105638951763
}