{
    "mh1": 524.018337910371,
    "mh2": 553.6285667211685
}