{
    "mh1": 515.2146515359001,
    "mh2": 526.2958237787761,
    "mhz": 533.5442525074309
}