{
    "mh1": 527.9336454899212,
    "mh2": 493.9720337633381,
    "mhz": 495.06034421738855
}