{
    "mh1": 518.5477018873898,
    "mh2": 539.8150122777516,
    "mhz": 451.35025927150684
}