{
    "mh1": 514.7281927373324,
    "mh2": 494.15717836513215
}