{
    "mh1": 524.6780652600718,
    "mh2": 525.1513717303529,
    "mhz": 519.563064285176
}