{
    "mh1": 522.6446763703824,
    "mh2": 509.2219443937885,
    "mhz": 521.7646784462459
}