{
    "mh1": 512.3826223748722,
    "mh2": 516.7106633410182,
    "mhz": 441.3967910512977
}