{
    "mh1": 512.4082159133966,
    "mh2": 539.5177140671158
}