{
    "mh1": 507.8199785758225,
    "mh2": 506.2494922372847,
    "mhz": 488.5043599230009
}