{
    "mh1": 522.0680175782112,
    "mh2": 520.9540814344784,
    "mhz": 511.705621484586
}