{
    "mh1": 506.1835038654332,
    "mh2": 504.161378728233,
    "mhz": 492.62761493820113
}