{
    "mh1": 512.4090662705402,
    "mh2": 508.8117240872695
}