{
    "mh1": 525.7373742849699,
    "mh2": 527.3990122973181,
    "mhz": 526.7469615095396
}