{
    "mh1": 506.31793522415757,
    "mh2": 504.4468173209306,
    "mhz": 491.11771817943566
}