{
    "mh1": 504.58866254844406,
    "mh2": 500.98832949696833,
    "mhz": 492.7006312435744
}