{
    "mh1": 506.77040284923385,
    "mh2": 504.49822534842065,
    "mhz": 492.4417456131613
}