{
    "mh1": 517.8503789110191,
    "mh2": 521.4443142064018,
    "mhz": 531.6929854188754
}