{
    "mh1": 512.0216313028988,
    "mh2": 493.2328936381586
}