{
    "mh1": 510.76455480599014,
    "mh2": 518.9610682640231,
    "mhz": 554.3269221568346
}