{
    "mh1": 512.4848525911332,
    "mh2": 490.4243645862121,
    "mhz": 509.70785549231886
}