{
    "mh1": 511.9125200402996,
    "mh2": 495.96039395781827
}