{
    "mh1": 507.8641906086883,
    "mh2": 510.23336341256146,
    "mhz": 480.0484021881209
}