{
    "mh1": 526.7991674608959,
    "mh2": 491.3341993966173,
    "mhz": 494.13318196232194
}