{
    "mh1": 513.8661087790468,
    "mh2": 511.13248679850386,
    "mhz": 547.0574513781171
}