{
    "mh1": 506.55895586094937,
    "mh2": 503.9800422979433,
    "mhz": 492.3540216212434
}