{
    "mh1": 509.1855601778748,
    "mh2": 511.53277270954754,
    "mhz": 477.19539086216304
}