{
    "mh1": 511.0254582304941,
    "mh2": 494.90837011404966
}