{
    "mh1": 513.6025302185092,
    "mh2": 517.2972435849706,
    "mhz": 593.76801021791
}