{
    "mh1": 525.5659325492499,
    "mh2": 528.9760738382839,
    "mhz": 521.2475082330949
}