{
    "mh1": 506.2430242188964,
    "mh2": 504.00520787761485,
    "mhz": 492.4469074014122
}