{
    "mh1": 521.2954060613691,
    "mh2": 516.0893922543733,
    "mhz": 515.2369138442654
}