{
    "mh1": 523.3662717999342,
    "mh2": 528.1216307928973,
    "mhz": 363.7109011562144
}