{
    "mh1": 511.85792861646223,
    "mh2": 525.7716848229956
}