{
    "mh1": 510.8971667828752,
    "mh2": 501.980013910053,
    "mhz": 510.25557710790736
}