{
    "mh1": 507.83839208566,
    "mh2": 514.3442254475416,
    "mhz": 477.7937097007483
}