{
    "mh1": 505.9837697540926,
    "mh2": 503.83452094110976,
    "mhz": 491.60726029338815
}