{
    "mh1": 512.049244687654,
    "mh2": 518.0161632998221,
    "mhz": 601.9787061175139
}