{
    "mh1": 509.067712665935,
    "mh2": 530.6933392983842,
    "mhz": 565.5099964875553
}