{
    "mh1": 524.7138967976355,
    "mh2": 528.4821761397635,
    "mhz": 526.7561610997418
}