{
    "mh1": 513.5876976968211,
    "mh2": 519.3635714035518,
    "mhz": 606.2760894465287
}