{
    "mh1": 513.3570367236774,
    "mh2": 518.8742510993197,
    "mhz": 602.1361521629708
}