{
    "mh1": 514.5862056911137,
    "mh2": 493.8533832286662
}