{
    "mh1": 519.7103227494334,
    "mh2": 549.4965150296528,
    "mhz": 582.7386062132662
}