{
    "mh1": 525.6383340364521,
    "mh2": 512.8417531808124,
    "mhz": 511.5792254920949
}