{
    "mh1": 513.3178428038439,
    "mh2": 518.8997933957643,
    "mhz": 418.55280150227543
}