{
    "mh1": 519.2796265253771,
    "mh2": 524.3558460192476,
    "mhz": 519.0826652061775
}