{
    "mh1": 527.0918202443556,
    "mh2": 490.8549074243041,
    "mhz": 493.53765061562245
}