{
    "mh1": 530.082066232338,
    "mh2": 497.5488973908657,
    "mhz": 525.7315290120619
}