{
    "mh1": 518.4649850693588,
    "mh2": 541.9555592831196,
    "mhz": 575.8632228192023
}