{
    "mh1": 511.022651089554,
    "mh2": 495.3040068513441
}