{
    "mh1": 512.3110404541526,
    "mh2": 516.3379945634692,
    "mhz": 592.8426141776259
}