{
    "mh1": 514.4873119618952,
    "mh2": 495.64138087145363
}