{
    "mh1": 522.7856463287071,
    "mh2": 533.2098276318256
}