{
    "mh1": 517.2595245722171,
    "mh2": 518.021900058433,
    "mhz": 515.5609402803029
}