{
    "mh1": 523.4930295407846,
    "mh2": 525.7613998470604,
    "mhz": 518.7696667524331
}