{
    "mh1": 500.74122870591464,
    "mh2": 469.05006951715615
}