{
    "mh1": 517.5266365376924,
    "mh2": 503.6385359673275,
    "mhz": 491.8675021145727
}