{
    "mh1": 527.0986088848684,
    "mh2": 526.3601922059602,
    "mhz": 526.5440361423475
}