{
    "mh1": 527.4289242906233,
    "mh2": 515.9588101930864,
    "mhz": 492.9992930718954
}