{
    "mh1": 522.9750053792314,
    "mh2": 538.967721728297
}