{
    "mh1": 513.6980297737902,
    "mh2": 516.4594757880391,
    "mhz": 580.7382881648824
}