{
    "mh1": 504.1828534648903,
    "mh2": 459.5020352558242,
    "mhz": 515.020810172318
}