{
    "mh1": 512.2531083653712,
    "mh2": 512.9000658378975
}