{
    "mh1": 517.1137892888498,
    "mh2": 523.2055982539039,
    "mhz": 519.2846642399724
}