{
    "mh1": 527.0272996863213,
    "mh2": 491.1358507331661,
    "mhz": 493.8466236651233
}