{
    "mh1": 526.8526006258485,
    "mh2": 491.9350162402615,
    "mhz": 494.59423807052764
}