{
    "mh1": 506.89294535309944,
    "mh2": 517.140755579095,
    "mhz": 495.81391706535175
}