{
    "mh1": 507.75453831803804,
    "mh2": 541.694624330209,
    "mhz": 513.1163373692805
}