{
    "mh1": 521.431067073331,
    "mh2": 522.0952240803613,
    "mhz": 513.283622068487
}