{
    "mh1": 526.5156228432649,
    "mh2": 495.0224049845543,
    "mhz": 496.9226266710231
}