{
    "mh1": 525.155768441743,
    "mh2": 572.8024067737744
}