{
    "mh1": 511.1383523020261,
    "mh2": 500.2073964791822,
    "mhz": 509.4093304642858
}