{
    "mh1": 513.8149291714769,
    "mh2": 540.889081332965
}