{
    "mh1": 512.4820393385626,
    "mh2": 514.0330159664793,
    "mhz": 440.1706587928119
}