{
    "mh1": 501.7469623631949,
    "mh2": 522.7555827079826,
    "mhz": 523.6241329883933
}