{
    "mh1": 510.1207237727643,
    "mh2": 517.8900595222487,
    "mhz": 572.5194638568328
}