{
    "mh1": 526.3913911806744,
    "mh2": 531.5042304446964,
    "mhz": 529.0235199218832
}