{
    "mh1": 512.0090642038857,
    "mh2": 532.8803402491403,
    "mhz": 511.75040488862885
}