{
    "mh1": 516.2877357993743,
    "mh2": 522.1848957556073,
    "mhz": 512.2794777913904
}