{
    "mh1": 505.82985328104206,
    "mh2": 503.2522077876602,
    "mhz": 491.7762150710834
}