{
    "mh1": 512.0205743482926,
    "mh2": 518.8044671455807,
    "mhz": 601.6664354226261
}