{
    "mh1": 517.3576300309002,
    "mh2": 519.7427316120634,
    "mhz": 516.4577769145704
}