{
    "mh1": 510.24068178478717,
    "mh2": 502.55388210763476,
    "mhz": 509.3408352647921
}