{
    "mh1": 514.620661463101,
    "mh2": 511.9276314525244,
    "mhz": 475.8932022891962
}