{
    "mh1": 522.2469250036733,
    "mh2": 523.9254062374281,
    "mhz": 513.4543061393337
}