{
    "mh1": 522.3352067963257,
    "mh2": 521.6315813448264,
    "mhz": 512.2661345284253
}