{
    "mh1": 514.0730693097008,
    "mh2": 518.7727458722559,
    "mhz": 524.3457336958897
}