{
    "mh1": 512.553224387466,
    "mh2": 512.6569449488557,
    "mhz": 553.2354142907253
}