{
    "mh1": 523.972073339273,
    "mh2": 529.0265711158817,
    "mhz": 522.9769665995524
}