{
    "mh1": 518.3863110158281,
    "mh2": 521.3774305931622,
    "mhz": 531.4073897514238
}