{
    "mh1": 511.7610886455541,
    "mh2": 494.92001294041955
}