{
    "mh1": 512.0623232621926,
    "mh2": 497.8144850140678
}