{
    "mh1": 517.4787087748305,
    "mh2": 520.7420485009152,
    "mhz": 532.2930753867709
}