{
    "mh1": 505.9512470505986,
    "mh2": 503.6949237265622,
    "mhz": 490.77433444259566
}