{
    "mh1": 514.421043905846,
    "mh2": 531.4756453308313,
    "mhz": 573.3201154776768
}