{
    "mh1": 527.4084852125255,
    "mh2": 488.20043901239774,
    "mhz": 491.65762676149086
}