{
    "mh1": 525.9182316364664,
    "mh2": 524.8411738843702,
    "mhz": 520.7196715133624
}