{
    "mh1": 521.656865040946,
    "mh2": 527.7662234618906,
    "mhz": 519.9268639632319
}