{
    "mh1": 527.4969692930325,
    "mh2": 534.798385588788,
    "mhz": 492.2616233969404
}