{
    "mh1": 518.6485008705993,
    "mh2": 525.5454157782516,
    "mhz": 520.1201342709413
}