{
    "mh1": 527.8368510095162,
    "mh2": 488.3769260959035,
    "mhz": 491.86374910501985
}