{
    "mh1": 507.64446429539595,
    "mh2": 513.1955072018507,
    "mhz": 479.8143498151476
}