{
    "mh1": 524.2656923093074,
    "mh2": 526.3214771242059,
    "mhz": 520.5472125606232
}