{
    "mh1": 525.177008896599,
    "mh2": 527.5956172727064,
    "mhz": 522.2644421139382
}