{
    "mh1": 511.2710205315389,
    "mh2": 501.0242995023057,
    "mhz": 509.3427918705902
}