{
    "mh1": 514.3748278128562,
    "mh2": 518.7970907832265,
    "mhz": 433.09453929508504
}