{
    "mh1": 511.9269680986942,
    "mh2": 515.953356510347,
    "mhz": 439.6751712179539
}