{
    "mh1": 525.8932017106749,
    "mh2": 529.1557508755304,
    "mhz": 497.2154876385635
}