{
    "mh1": 506.2613591832165,
    "mh2": 519.6903349848147,
    "mhz": 491.7220245342962
}