{
    "mh1": 516.292780286479,
    "mh2": 543.51350214655,
    "mhz": 442.2528267187965
}