{
    "mh1": 529.1186799672041,
    "mh2": 527.556084096043,
    "mhz": 530.9122054481645
}