{
    "mh1": 515.8546500137297,
    "mh2": 516.4151871369679,
    "mhz": 514.7011548733627
}