{
    "mh1": 511.32532705085316,
    "mh2": 512.4424626387938,
    "mhz": 519.5461537689753
}