{
    "mh1": 527.2334701746746,
    "mh2": 490.11567561872823,
    "mhz": 492.8610170741472
}