{
    "mh1": 506.4256216183222,
    "mh2": 519.8679958493923,
    "mhz": 517.0126960874077
}