{
    "mh1": 500.5451991362932,
    "mh2": 476.09323707820465
}