{
    "mh1": 522.2310395925725,
    "mh2": 525.5395078701896,
    "mhz": 517.4635289334453
}