{
    "mh1": 511.8456250743585,
    "mh2": 516.4898201218073,
    "mhz": 430.0244931411651
}