{
    "mh1": 521.5492485223319,
    "mh2": 543.2976280273404
}