{
    "mh1": 511.61064116666694,
    "mh2": 499.47886094832364,
    "mhz": 509.06272264475297
}