{
    "mh1": 514.6929061206314,
    "mh2": 493.4572888211413
}