{
    "mh1": 506.72518238860874,
    "mh2": 517.4022231414415,
    "mhz": 529.7991104900225
}