{
    "mh1": 511.9745747681464,
    "mh2": 490.5030036845197,
    "mhz": 509.1595287997055
}