{
    "mh1": 514.0836861333007,
    "mh2": 522.6482500017539,
    "mhz": 530.8306533928047
}