{
    "mh1": 532.2450883224323,
    "mh2": 500.410967696181,
    "mhz": 526.2098735662958
}