{
    "mh1": 527.7322691534746,
    "mh2": 487.87688361597856,
    "mhz": 491.100303211931
}