{
    "mh1": 514.3315430497341,
    "mh2": 519.4265867287496,
    "mhz": 570.8358398735434
}