{
    "mh1": 512.6333765884855,
    "mh2": 533.5022635081743,
    "mhz": 514.0104849302176
}