{
    "mh1": 513.9495419532761,
    "mh2": 512.4192758095883,
    "mhz": 511.78306736106555
}