{
    "mh1": 506.7888544137353,
    "mh2": 504.52082340590954,
    "mhz": 492.10601055501616
}