{
    "mh1": 512.500943010004,
    "mh2": 516.5331701521993,
    "mhz": 587.6793075092728
}