{
    "mh1": 506.6427443210178,
    "mh2": 501.84524483472416,
    "mhz": 487.76867479251433
}