{
    "mh1": 526.5438155191987,
    "mh2": 499.7258685792718,
    "mhz": 526.1590349048688
}