{
    "mh1": 542.5336337994694,
    "mh2": 519.2657721264147,
    "mhz": 526.092095881218
}