{
    "mh1": 516.9159591401235,
    "mh2": 516.3728325873218,
    "mhz": 514.1241241188715
}