{
    "mh1": 515.3691282801487,
    "mh2": 512.4679311183555,
    "mhz": 476.885016641177
}