{
    "mh1": 527.5551777698959,
    "mh2": 536.6892947061465,
    "mhz": 490.87285246783836
}