{
    "mh1": 526.3368255935551,
    "mh2": 494.1330209090701,
    "mhz": 496.12531886463944
}