{
    "mh1": 512.0629875763889,
    "mh2": 518.3048581952048,
    "mhz": 547.2404449847933
}