{
    "mh1": 512.3933746965666,
    "mh2": 491.25181895594625,
    "mhz": 509.00001077904466
}