{
    "mh1": 524.7591417013953,
    "mh2": 528.840730185412,
    "mhz": 523.1727518150605
}