{
    "mh1": 527.9602747989396,
    "mh2": 487.88005183619333,
    "mhz": 491.2890568226159
}