{
    "mh1": 506.4128088631042,
    "mh2": 503.93652349722765,
    "mhz": 492.2374305385664
}