{
    "mh1": 508.1231044184524,
    "mh2": 511.4592250756009,
    "mhz": 478.50742198904703
}