{
    "mh1": 509.1770540619888,
    "mh2": 506.66250694645896,
    "mhz": 488.5916170803953
}