{
    "mh1": 508.94222554557194,
    "mh2": 510.2994468728926,
    "mhz": 479.82287035079656
}