{
    "mh1": 504.9266950488805,
    "mh2": 523.1207474948162,
    "mhz": 494.56619020963586
}