{
    "mh1": 527.4413298248635,
    "mh2": 488.22699625322366,
    "mhz": 491.640398486306
}