{
    "mh1": 517.0441798486027,
    "mh2": 538.0730162860036,
    "mhz": 574.6653915660532
}