{
    "mh1": 525.7919516996981,
    "mh2": 526.6664531888683,
    "mhz": 547.8012058416484
}