{
    "mh1": 538.0175579030707,
    "mh2": 513.4018373852729,
    "mhz": 521.4429550303196
}