{
    "mh1": 527.6253666784426,
    "mh2": 488.1210632049058,
    "mhz": 491.74489419291336
}