{
    "mh1": 512.0071855089029,
    "mh2": 502.4155966850935,
    "mhz": 495.5780060106745
}