{
    "mh1": 522.4981070972051,
    "mh2": 525.9864061202186,
    "mhz": 517.2966854644809
}