{
    "mh1": 517.6433050476774,
    "mh2": 520.7188312483597,
    "mhz": 532.4581531942143
}