{
    "mh1": 514.4714589600383,
    "mh2": 500.99155542748696,
    "mhz": 534.3392787660321
}