{
    "mh1": 510.31864718075195,
    "mh2": 519.5649290790686,
    "mhz": 604.5220000594715
}