{
    "mh1": 512.4142823928803,
    "mh2": 517.5460071007407,
    "mhz": 558.2289000367062
}