{
    "mh1": 522.2590920910228,
    "mh2": 544.6103500868013
}