{
    "mh1": 509.080385891413,
    "mh2": 510.6712771514577,
    "mhz": 478.88404100686245
}