{
    "mh1": 526.9083894993574,
    "mh2": 493.0728747062773,
    "mhz": 495.2344142833665
}