{
    "mh1": 511.90796624576103,
    "mh2": 516.2851169132518,
    "mhz": 423.2322261010985
}