{
    "mh1": 510.9123592352219,
    "mh2": 499.14012527692654,
    "mhz": 509.69491911916896
}