{
    "mh1": 516.1020406734817,
    "mh2": 546.1957867218218,
    "mhz": 514.6481875511818
}