{
    "mh1": 524.7583593263838,
    "mh2": 495.25594509926697,
    "mhz": 497.19394562503385
}