{
    "mh1": 522.7364830478568,
    "mh2": 525.0128010341869,
    "mhz": 514.9530957754065
}