{
    "mh1": 516.6600079203338,
    "mh2": 506.07821239152486,
    "mhz": 489.9652951951784
}