{
    "mh1": 518.2084117409937,
    "mh2": 521.5191503906613,
    "mhz": 531.588252668497
}