{
    "mh1": 527.222528418877,
    "mh2": 527.8464839269227,
    "mhz": 527.3899022892434
}