{
    "mh1": 527.8015585171453,
    "mh2": 488.02156707060766,
    "mhz": 491.6885517712151
}