{
    "mh1": 522.2929912541754,
    "mh2": 523.2059281524182,
    "mhz": 516.8607013800944
}