{
    "mh1": 518.1386938043154,
    "mh2": 520.3079211744421,
    "mhz": 521.1169385549422
}