{
    "mh1": 511.0700135106562,
    "mh2": 498.48937943046366
}