{
    "mh1": 519.5861322458858,
    "mh2": 525.8954429405799,
    "mhz": 520.6705464312694
}