{
    "mh1": 506.93484167894616,
    "mh2": 503.66597770250644,
    "mhz": 492.1790753572937
}