{
    "mh1": 518.0701983535814,
    "mh2": 503.49476902957804,
    "mhz": 531.4389649897286
}