{
    "mh1": 511.60616690349224,
    "mh2": 498.15103487571355
}