{
    "mh1": 505.9985857533442,
    "mh2": 503.6772650672335,
    "mhz": 489.5412002041829
}