{
    "mh1": 538.8087485557481,
    "mh2": 524.2350887580374,
    "mhz": 553.9618589992365
}