{
    "mh1": 524.9347138539671,
    "mh2": 495.61810033576376,
    "mhz": 497.13075141321315
}