{
    "mh1": 520.4331848658912,
    "mh2": 549.9466833829398,
    "mhz": 581.8357220786678
}