{
    "mh1": 506.21335754203614,
    "mh2": 504.1079062013431,
    "mhz": 513.3724504061177
}