{
    "mh1": 527.862993293378,
    "mh2": 491.37935489736367,
    "mhz": 492.8159714391114
}