{
    "mh1": 511.74465807596494,
    "mh2": 512.3578875120246,
    "mhz": 528.234430345534
}