{
    "mh1": 517.563031832176,
    "mh2": 520.1563381782794,
    "mhz": 532.4697051762757
}