{
    "mh1": 511.9110765142513,
    "mh2": 512.6633627914732,
    "mhz": 434.58386455861495
}