{
    "mh1": 500.56474794347554,
    "mh2": 466.35200663338316
}