{
    "mh1": 506.0086014364853,
    "mh2": 503.86113348933037,
    "mhz": 491.65084266521274
}