{
    "mh1": 527.0117432154875,
    "mh2": 490.83002898226454,
    "mhz": 493.5055858060569
}