{
    "mh1": 515.9522271545575,
    "mh2": 521.3987924651273,
    "mhz": 568.5238386617908
}