{
    "mh1": 528.2554543573485,
    "mh2": 493.3867475393623,
    "mhz": 494.5552071880606
}