{
    "mh1": 521.1058208273267,
    "mh2": 524.9564465113643,
    "mhz": 519.4477018791939
}