{
    "mh1": 527.6618379341301,
    "mh2": 487.87371829938843,
    "mhz": 491.609581703449
}