{
    "mh1": 510.96433751446034,
    "mh2": 523.4353581370478,
    "mhz": 512.415490914937
}