{
    "mh1": 502.62275371641937,
    "mh2": 559.1569752386551
}