{
    "mh1": 565.0441957405072,
    "mh2": 533.706258022376
}