{
    "mh1": 527.1473491491992,
    "mh2": 494.226487349464,
    "mhz": 495.8095223939581
}