{
    "mh1": 515.207731740165,
    "mh2": 512.9383771046519,
    "mhz": 481.9490202201577
}