{
    "mh1": 526.8024361904295,
    "mh2": 491.91044198914364,
    "mhz": 494.49877331746757
}