{
    "mh1": 514.7973456460139,
    "mh2": 512.3928950770413,
    "mhz": 25.935910694944255
}