{
    "mh1": 523.8593538724335,
    "mh2": 529.9175187038979,
    "mhz": 523.2669466853736
}