{
    "mh1": 512.7465344838736,
    "mh2": 527.1074783994632,
    "mhz": 569.5192841656176
}