{
    "mh1": 512.1597883880146,
    "mh2": 492.5078849375287
}