{
    "mh1": 525.7639007531079,
    "mh2": 495.41173512333614,
    "mhz": 497.17185234590534
}