{
    "mh1": 513.9157747194506,
    "mh2": 520.353737038893,
    "mhz": 560.2438083492026
}