{
    "mh1": 515.6254897895354,
    "mh2": 513.8298288061766,
    "mhz": 476.97434662974456
}