{
    "mh1": 516.101052751299,
    "mh2": 530.0865460826791,
    "mhz": 558.4029613359421
}