{
    "mh1": 517.4348806588725,
    "mh2": 515.1033346176006,
    "mhz": 475.4891228467054
}