{
    "mh1": 525.1785009787824,
    "mh2": 520.1837100858966,
    "mhz": 559.103070995279
}