{
    "mh1": 523.3905812275885,
    "mh2": 524.6711046055581,
    "mhz": 519.7600571492604
}