{
    "mh1": 526.216400751969,
    "mh2": 494.22443410137606,
    "mhz": 496.14087189271163
}