{
    "mh1": 505.74180246605965,
    "mh2": 523.4082926829269,
    "mhz": 488.2380864645954
}