{
    "mh1": 527.4073286198444,
    "mh2": 488.4161941370937,
    "mhz": 491.71724322229323
}