{
    "mh1": 510.83652987856743,
    "mh2": 497.449256715122
}