{
    "mh1": 514.624819836939,
    "mh2": 527.9014504859451
}