{
    "mh1": 515.4628639608067,
    "mh2": 533.0269848670615
}