{
    "mh1": 508.6592196219656,
    "mh2": 506.8297411968353,
    "mhz": 490.3219250894189
}