{
    "mh1": 506.67506691617547,
    "mh2": 504.1479625954528,
    "mhz": 492.4260124106591
}