{
    "mh1": 523.6066468172671,
    "mh2": 526.290127492347,
    "mhz": 520.3693167229069
}