{
    "mh1": 524.404362477983,
    "mh2": 527.1612693629478,
    "mhz": 520.6055945013803
}