{
    "mh1": 516.3506262669181,
    "mh2": 517.517129235394,
    "mhz": 515.255317340887
}