{
    "mh1": 515.3446233936411,
    "mh2": 528.6562523924404,
    "mhz": 555.0527508643743
}