{
    "mh1": 516.9894792730815,
    "mh2": 503.83048231106073,
    "mhz": 492.2419969372129
}