{
    "mh1": 514.0141399138608,
    "mh2": 524.7860451264803,
    "mhz": 546.0318774722252
}