{
    "mh1": 511.94022687455276,
    "mh2": 492.93174752011055
}