{
    "mh1": 506.1502287366418,
    "mh2": 533.7682839794899
}