{
    "mh1": 515.4558922606304,
    "mh2": 513.6062045830746,
    "mhz": 474.9451998649038
}