{
    "mh1": 515.9797282748552,
    "mh2": 518.631796204034,
    "mhz": 516.5718052003298
}