{
    "mh1": 508.58745165222314,
    "mh2": 508.0945831852897,
    "mhz": 483.28472075646926
}