{
    "mh1": 514.1993012237408,
    "mh2": 536.5605523204517,
    "mhz": 440.60895013039993
}