{
    "mh1": 512.8407542377661,
    "mh2": 520.226077875958,
    "mhz": 603.6948251834764
}