{
    "mh1": 515.076779616496,
    "mh2": 509.0059171908491,
    "mhz": 482.1528089336717
}