{
    "mh1": 507.9128728043705,
    "mh2": 506.0824634783354,
    "mhz": 488.90876378470665
}