{
    "mh1": 528.3640782846048,
    "mh2": 488.12830181378814,
    "mhz": 491.25089300004043
}