{
    "mh1": 526.9895700301718,
    "mh2": 517.3828324140738,
    "mhz": 474.2555764030104
}