{
    "mh1": 518.561105353938,
    "mh2": 545.6648416461185,
    "mhz": 580.0093824597458
}