{
    "mh1": 528.1675211793323,
    "mh2": 486.20405064175935,
    "mhz": 489.76377879830005
}