{
    "mh1": 501.20922040958243,
    "mh2": 456.5223382768164
}