{
    "mh1": 516.67919973023,
    "mh2": 519.9280544698925,
    "mhz": 533.1357055223527
}