{
    "mh1": 582.3110746121151,
    "mh2": 602.4949416260303,
    "mhz": 685.4613412169826
}