{
    "mh1": 521.9648380436004,
    "mh2": 526.2622472718972,
    "mhz": 518.2263337635088
}