{
    "mh1": 512.7466567192344,
    "mh2": 517.3562286950307,
    "mhz": 600.6359654333758
}