{
    "mh1": 515.2989764351295,
    "mh2": 513.5087027881947,
    "mhz": 474.650273050104
}