{
    "mh1": 516.1274840769919,
    "mh2": 513.0540232769104,
    "mhz": 476.7361156926187
}