{
    "mh1": 550.1005747479445,
    "mh2": 519.078153407695,
    "mhz": 526.3361928262296
}