{
    "mh1": 515.2322478859728,
    "mh2": 513.4199935919175,
    "mhz": 476.7528700419522
}