{
    "mh1": 521.8584182766808,
    "mh2": 522.0333605221679,
    "mhz": 514.6917013045402
}