{
    "mh1": 520.498627449609,
    "mh2": 518.6089190016173,
    "mhz": 509.77318958538416
}