{
    "mh1": 515.9766558067621,
    "mh2": 492.27535005719244,
    "mhz": 559.2976174746138
}