{
    "mh1": 516.3784148480722,
    "mh2": 524.348066327389,
    "mhz": 519.8474155984122
}