{
    "mh1": 515.1364141468853,
    "mh2": 512.9820387111203,
    "mhz": 529.819315757564
}