{
    "mh1": 512.9605328045159,
    "mh2": 522.3671694283564,
    "mhz": 542.4639526385542
}