{
    "mh1": 514.3246891222141,
    "mh2": 509.0859710975261,
    "mhz": 541.884949360187
}