{
    "mh1": 519.8551629460577,
    "mh2": 523.5498048309585,
    "mhz": 518.6049988545166
}