{
    "mh1": 507.13356132876635,
    "mh2": 504.42180417605823,
    "mhz": 492.2750042461042
}