{
    "mh1": 527.1773784859097,
    "mh2": 490.6633822752875,
    "mhz": 493.80706222302894
}