{
    "mh1": 506.7268444818142,
    "mh2": 503.89671354895904,
    "mhz": 491.77627803802847
}