{
    "mh1": 527.9673192444596,
    "mh2": 487.6859042497395,
    "mhz": 490.9329968460877
}