{
    "mh1": 522.8146430181243,
    "mh2": 559.120690739589
}