{
    "mh1": 508.4656556832873,
    "mh2": 505.46297147189904,
    "mhz": 488.9077664644714
}