{
    "mh1": 521.4076120201197,
    "mh2": 519.8312474330406,
    "mhz": 511.27704840102206
}