{
    "mh1": 510.91960895957385,
    "mh2": 517.4716820530439,
    "mhz": 566.8227413969466
}