{
    "mh1": 525.4116021347274,
    "mh2": 495.8381587737277,
    "mhz": 497.0490263261796
}