{
    "mh1": 537.7845094333019,
    "mh2": 513.0877897931218,
    "mhz": 520.7103578022593
}