{
    "mh1": 527.5190854332177,
    "mh2": 526.411759531772,
    "mhz": 526.061456563119
}