{
    "mh1": 516.8378464052748,
    "mh2": 523.297497869103,
    "mhz": 499.7870762208169
}