{
    "mh1": 505.75991023113386,
    "mh2": 503.8902656011857,
    "mhz": 490.5725047410139
}