{
    "mh1": 512.5088086830569,
    "mh2": 515.6524573493336,
    "mhz": 436.9660898493193
}