{
    "mh1": 509.2198527298851,
    "mh2": 523.8918771360479,
    "mhz": 514.1990506516668
}