{
    "mh1": 535.1639550349921,
    "mh2": 512.1241705593709,
    "mhz": 527.2370782628216
}