{
    "mh1": 514.6216411613748,
    "mh2": 493.7591072003584
}