{
    "mh1": 517.0624374785766,
    "mh2": 517.0462951627064,
    "mhz": 546.4208493466228
}