{
    "mh1": 530.5628515461033,
    "mh2": 489.4440849307402,
    "mhz": 533.2952012998484
}