{
    "mh1": 510.7800830119232,
    "mh2": 515.7498605050013,
    "mhz": 462.6147325143165
}