{
    "mh1": 512.1313231373454,
    "mh2": 516.4203885310145,
    "mhz": 450.2569214293077
}