{
    "mh1": 518.5160348842668,
    "mh2": 524.8602673742218,
    "mhz": 553.0054613916752
}