{
    "mh1": 506.6451647096235,
    "mh2": 510.4660281070896,
    "mhz": 492.7041242900153
}