{
    "mh1": 511.7269459586936,
    "mh2": 519.0434228383264,
    "mhz": 422.22283123277293
}