{
    "mh1": 522.9339991361235,
    "mh2": 527.2394975543987,
    "mhz": 520.7584918858422
}