{
    "mh1": 507.1363480058116,
    "mh2": 518.5595122592212,
    "mhz": 550.7720648851802
}