{
    "mh1": 516.8651476438147,
    "mh2": 542.0091024015719,
    "mhz": 577.7038115428574
}