{
    "mh1": 511.1739639119151,
    "mh2": 496.6358380874762
}