{
    "mh1": 512.3053365543242,
    "mh2": 517.5243668900087,
    "mhz": 599.2351020728354
}