{
    "mh1": 518.9854737701858,
    "mh2": 541.408320151383,
    "mhz": 515.6273170262973
}