{
    "mh1": 524.1788968774453,
    "mh2": 546.3398173230778
}