{
    "mh1": 514.1100348592859,
    "mh2": 511.49381400256846,
    "mhz": 475.29878846692367
}