{
    "mh1": 522.1772674831693,
    "mh2": 526.9366127696098,
    "mhz": 520.2671659436123
}