{
    "mh1": 515.6940635332332,
    "mh2": 512.7326591375408,
    "mhz": 476.0196073601064
}