{
    "mh1": 523.4958852628083,
    "mh2": 538.6302860908493
}