{
    "mh1": 524.2649112503262,
    "mh2": 483.9997516599808,
    "mhz": 488.97603971990145
}