{
    "mh1": 515.584356156032,
    "mh2": 515.1279690680832,
    "mhz": 513.7692893907913
}