{
    "mh1": 511.19928776009726,
    "mh2": 499.296900808945
}