{
    "mh1": 526.7182218463345,
    "mh2": 513.2593303027388,
    "mhz": 511.9957754156446
}