{
    "mh1": 506.88064312625954,
    "mh2": 504.2924173049392,
    "mhz": 492.3379067444672
}