{
    "mh1": 523.6374153992595,
    "mh2": 531.1115541961651,
    "mhz": 522.3848934647533
}