{
    "mh1": 517.7100428530483,
    "mh2": 505.4422084118323,
    "mhz": 527.7865275755823
}