{
    "mh1": 516.2911819257711,
    "mh2": 516.180638518433,
    "mhz": 547.9113060837765
}