{
    "mh1": 508.73680806423624,
    "mh2": 513.9612292224285,
    "mhz": 481.7323184079951
}