{
    "mh1": 499.39857787874286,
    "mh2": 451.0029829515297
}