{
    "mh1": 525.4640216681825,
    "mh2": 525.7642112076837,
    "mhz": 521.802063048647
}