{
    "mh1": 514.543422707097,
    "mh2": 497.22038561621673
}