{
    "mh1": 512.7132865908327,
    "mh2": 526.3092640713866,
    "mhz": 520.0723607601697
}