{
    "mh1": 527.4650016718059,
    "mh2": 487.54056172678975,
    "mhz": 532.8206170821413
}