{
    "mh1": 514.6258659815281,
    "mh2": 527.1118366597779
}