{
    "mh1": 516.835556728472,
    "mh2": 504.28215296262186,
    "mhz": 491.94896002824294
}