{
    "mh1": 513.8498744056352,
    "mh2": 545.9881009308391,
    "mhz": 581.0235337720671
}