{
    "mh1": 514.6533393976688,
    "mh2": 493.0294575109072
}