{
    "mh1": 515.6514035541331,
    "mh2": 513.7932935713462,
    "mhz": 477.13779856326255
}