{
    "mh1": 522.7018115211756,
    "mh2": 524.3538985148515,
    "mhz": 515.3569953536396
}