{
    "mh1": 519.7082750772828,
    "mh2": 551.6720913143944,
    "mhz": 579.4865719667818
}