{
    "mh1": 516.100126569168,
    "mh2": 546.5344252510357,
    "mhz": 439.1690347791283
}