{
    "mh1": 511.9770402834992,
    "mh2": 494.92252079896093
}