{
    "mh1": 506.6070242827317,
    "mh2": 504.347102580392,
    "mhz": 492.48716699012385
}