{
    "mh1": 511.0119505504217,
    "mh2": 497.81375893437297
}