{
    "mh1": 515.069344213598,
    "mh2": 519.4489563056751,
    "mhz": 563.06315291059
}