{
    "mh1": 502.85109654602417,
    "mh2": 537.6891135577731
}