{
    "mh1": 527.5001183828019,
    "mh2": 489.861308606197,
    "mhz": 492.72057849650724
}