{
    "mh1": 514.6842597007391,
    "mh2": 526.2785144586403
}