{
    "mh1": 509.50236163021765,
    "mh2": 505.19066720196633,
    "mhz": 508.93974232642626
}