{
    "mh1": 527.4902374121878,
    "mh2": 490.08617106343104,
    "mhz": 492.8238712120545
}