{
    "mh1": 507.5943470558684,
    "mh2": 507.61489756995246,
    "mhz": 484.08470779020473
}