{
    "mh1": 527.8554969756707,
    "mh2": 487.37042670495845,
    "mhz": 490.96111258841677
}