{
    "mh1": 521.4564117712863,
    "mh2": 524.5481269915626,
    "mhz": 519.9963031197125
}