{
    "mh1": 499.00683880144067,
    "mh2": 572.0551991481192
}