{
    "mh1": 513.7048740140929,
    "mh2": 518.2105234296744,
    "mhz": 606.9650520188734
}