{
    "mh1": 511.91126418435994,
    "mh2": 495.41589852274853
}