{
    "mh1": 517.3975294984605,
    "mh2": 506.17832868602954,
    "mhz": 488.7489020635429
}