{
    "mh1": 527.7348934721998,
    "mh2": 536.6260676255572,
    "mhz": 533.1428082124539
}