{
    "mh1": 527.46444198632,
    "mh2": 533.5564452331947,
    "mhz": 493.071269429281
}