{
    "mh1": 513.8021911635396,
    "mh2": 511.7411548706527,
    "mhz": 547.8217103594171
}