{
    "mh1": 506.8384652559024,
    "mh2": 504.5233644694976,
    "mhz": 492.16163556289274
}