{
    "mh1": 512.930922952524,
    "mh2": 516.7227740966702,
    "mhz": 599.4245655670425
}