{
    "mh1": 515.0691431214261,
    "mh2": 518.3798613532165,
    "mhz": 536.1535205740554
}