{
    "mh1": 506.3672410191964,
    "mh2": 504.10324988064815,
    "mhz": 492.71000960082
}