{
    "mh1": 518.2463927486641,
    "mh2": 512.381222252867,
    "mhz": 563.2787578024356
}