{
    "mh1": 550.5005962851957,
    "mh2": 518.324024270826,
    "mhz": 525.9982181296132
}