{
    "mh1": 509.2786708695888,
    "mh2": 510.5361041567596,
    "mhz": 479.2095698146458
}