{
    "mh1": 508.3322050502373,
    "mh2": 511.5378049315742,
    "mhz": 479.27446870144576
}