{
    "mh1": 524.9023653749371,
    "mh2": 530.1470611364014,
    "mhz": 522.4746216754622
}