{
    "mh1": 519.0534601574118,
    "mh2": 532.8629704342526
}