{
    "mh1": 516.3747704682884,
    "mh2": 539.3523629819872,
    "mhz": 441.25775285217605
}