{
    "mh1": 514.2413986644044,
    "mh2": 518.5876801143424,
    "mhz": 559.0353791613582
}