{
    "mh1": 518.1008217939259,
    "mh2": 515.8712996051393,
    "mhz": 514.3754035325087
}