{
    "mh1": 518.6115617634725,
    "mh2": 536.1028311708342,
    "mhz": 455.3958270576129
}