{
    "mh1": 524.6309065187016,
    "mh2": 528.7808248403411,
    "mhz": 522.2828146640366
}