{
    "mh1": 526.2257136078715,
    "mh2": 527.2772551892349,
    "mhz": 521.329207864128
}