{
    "mh1": 500.09062614818805,
    "mh2": 449.8530168379581
}