{
    "mh1": 521.7245884578332,
    "mh2": 517.5870482425453,
    "mhz": 525.9301117515835
}