{
    "mh1": 506.6402091196483,
    "mh2": 504.42113992577504,
    "mhz": 491.79146853857213
}