{
    "mh1": 514.5713433650329,
    "mh2": 493.1299387990338
}