{
    "mh1": 515.7472076639274,
    "mh2": 540.7829582719775
}