{
    "mh1": 523.704201742365,
    "mh2": 528.894929024522,
    "mhz": 520.0466987010853
}