{
    "mh1": 513.4371869538863,
    "mh2": 518.433727838927,
    "mhz": 597.7091256334418
}