{
    "mh1": 537.3789407921015,
    "mh2": 467.0779492021995
}