{
    "mh1": 511.44403800881884,
    "mh2": 518.5629684908499,
    "mhz": 590.7219043391333
}