{
    "mh1": 518.181218542607,
    "mh2": 521.4487568480272,
    "mhz": 531.4288811539483
}