{
    "mh1": 515.6506245494941,
    "mh2": 513.1936174250027,
    "mhz": 476.0715016831331
}