{
    "mh1": 515.7572062491151,
    "mh2": 517.6162876457594,
    "mhz": 528.3102476808322
}