{
    "mh1": 523.6380309958741,
    "mh2": 512.5742544229822,
    "mhz": 528.7008624901537
}