{
    "mh1": 506.2523855703789,
    "mh2": 515.3817403748872,
    "mhz": 528.1196375245288
}