{
    "mh1": 514.9806580772529,
    "mh2": 492.1324890638832,
    "mhz": 511.4026015874721
}