{
    "mh1": 515.7224740709574,
    "mh2": 513.4725536592949,
    "mhz": 474.9719217637049
}