{
    "mh1": 516.4960321204306,
    "mh2": 520.2452681842722,
    "mhz": 534.0086083690051
}