{
    "mh1": 531.0950613485134,
    "mh2": 530.7850228243443,
    "mhz": 530.5634244333639
}