{
    "mh1": 528.0635702441347,
    "mh2": 536.0503100390267,
    "mhz": 510.0208419259852
}