{
    "mh1": 525.217646468242,
    "mh2": 572.6185040585447
}