{
    "mh1": 505.75645419476734,
    "mh2": 502.52441862092616,
    "mhz": 496.5067205500302
}