{
    "mh1": 522.5418632376585,
    "mh2": 527.0675802994842,
    "mhz": 520.2652857807019
}