{
    "mh1": 516.4769985950123,
    "mh2": 518.9551904642329,
    "mhz": 590.571013658026
}