{
    "mh1": 507.5225434448988,
    "mh2": 508.2424339735788,
    "mhz": 486.05071986800203
}