{
    "mh1": 516.6982501204045,
    "mh2": 505.12795391105044,
    "mhz": 489.8335256672083
}