{
    "mh1": 514.5981187746213,
    "mh2": 516.9330857994976,
    "mhz": 516.092236439438
}