{
    "mh1": 512.746845948085,
    "mh2": 517.3672979116327,
    "mhz": 435.49893601408866
}