{
    "mh1": 506.6429130048174,
    "mh2": 544.8507462419439
}