{
    "mh1": 527.2029430789133,
    "mh2": 511.8601358333399,
    "mhz": 528.9231113573932
}