{
    "mh1": 515.9457899714487,
    "mh2": 530.7963942316288,
    "mhz": 559.7747015716541
}