{
    "mh1": 507.83321040820465,
    "mh2": 514.3864056221742,
    "mhz": 547.6722827426258
}