{
    "mh1": 514.7246032816521,
    "mh2": 513.070624794176,
    "mhz": 544.2325630682624
}