{
    "mh1": 534.1626706541067,
    "mh2": 512.2008325082342,
    "mhz": 520.5032835579624
}