{
    "mh1": 515.3003441977544,
    "mh2": 512.5399254425768,
    "mhz": 476.23086427569643
}