{
    "mh1": 515.3691047979153,
    "mh2": 513.0581838620259,
    "mhz": 547.868024723124
}