{
    "mh1": 518.1995828469737,
    "mh2": 546.8597360746462,
    "mhz": 438.88633367203033
}