{
    "mh1": 522.8207854761023,
    "mh2": 517.2109336136914,
    "mhz": 512.1528646127357
}