{
    "mh1": 526.5219527113223,
    "mh2": 493.5836394456774,
    "mhz": 495.8504312936012
}