{
    "mh1": 509.098061081271,
    "mh2": 510.91134773466547,
    "mhz": 478.8139127182219
}