{
    "mh1": 508.7344592489319,
    "mh2": 512.0211470045117,
    "mhz": 478.48877524974694
}