{
    "mh1": 511.74654850468744,
    "mh2": 518.5413160805286,
    "mhz": 406.37413899311196
}