{
    "mh1": 521.32734390018,
    "mh2": 520.3118891213134,
    "mhz": 512.887598606145
}