{
    "mh1": 520.6834911113513,
    "mh2": 516.5022080591099,
    "mhz": 514.1864114091154
}