{
    "mh1": 512.0265488874722,
    "mh2": 511.8518530509829
}