{
    "mh1": 519.8545035208676,
    "mh2": 523.86992593735,
    "mhz": 491.5645808322891
}