{
    "mh1": 527.967525983179,
    "mh2": 512.1353194143051,
    "mhz": 534.367480682959
}