{
    "mh1": 551.6977553689718,
    "mh2": 544.0951815829079,
    "mhz": 572.580600137114
}