{
    "mh1": 527.0596942960286,
    "mh2": 527.1701044226154,
    "mhz": 494.1076159382256
}