{
    "mh1": 518.4908054862135,
    "mh2": 523.1824573969407,
    "mhz": 518.720024607922
}