{
    "mh1": 526.6049298113735,
    "mh2": 493.94284575486296,
    "mhz": 495.9300476197136
}