{
    "mh1": 523.295677511438,
    "mh2": 521.0503650293942,
    "mhz": 474.697476052397
}