{
    "mh1": 508.64427195796037,
    "mh2": 511.5738544050593,
    "mhz": 478.87345129032934
}