{
    "mh1": 506.6025348569106,
    "mh2": 504.37727170015575,
    "mhz": 491.7094015596864
}