{
    "mh1": 506.26443574251186,
    "mh2": 504.39397073640475,
    "mhz": 492.44067449030723
}