{
    "mh1": 518.2594943171415,
    "mh2": 519.2130628053343,
    "mhz": 518.001788669413
}