{
    "mh1": 512.688642864902,
    "mh2": 490.6729635242125,
    "mhz": 509.0131930086288
}