{
    "mh1": 527.7150062131262,
    "mh2": 524.0183522006084,
    "mhz": 542.976719968528
}