{
    "mh1": 518.2078051198943,
    "mh2": 568.3219882383349
}