{
    "mh1": 505.41452502587066,
    "mh2": 521.3158314949432,
    "mhz": 493.88060293245746
}