{
    "mh1": 508.90999461903465,
    "mh2": 510.43630096420776,
    "mhz": 478.68851897663825
}