{
    "mh1": 523.550055252158,
    "mh2": 525.9930619195652,
    "mhz": 519.8611029058491
}