{
    "mh1": 514.6798116971754,
    "mh2": 535.4318174260787,
    "mhz": 537.9785402992911
}