{
    "mh1": 526.6840464542328,
    "mh2": 491.12069698852645,
    "mhz": 494.0569965780699
}