{
    "mh1": 508.2563067643739,
    "mh2": 512.637670599788,
    "mhz": 477.084344275328
}