{
    "mh1": 517.9596635503872,
    "mh2": 518.995756146186,
    "mhz": 532.5197832673726
}