{
    "mh1": 512.0614566301527,
    "mh2": 512.3689594925996,
    "mhz": 512.446568810345
}