{
    "mh1": 525.1966925512507,
    "mh2": 495.782840338014,
    "mhz": 497.2279427696738
}