{
    "mh1": 523.7360774268401,
    "mh2": 518.7157135293717,
    "mhz": 533.1672781976957
}