{
    "mh1": 527.9184133875067,
    "mh2": 486.62817116204513,
    "mhz": 534.0412030672239
}