{
    "mh1": 510.3152568604084,
    "mh2": 499.99417134059166,
    "mhz": 509.30414543825833
}