{
    "mh1": 523.9436193560343,
    "mh2": 527.8352766750227,
    "mhz": 519.6425434703301
}