{
    "mh1": 522.0741117245433,
    "mh2": 523.4924458855819,
    "mhz": 519.324667130961
}