{
    "mh1": 515.817652914887,
    "mh2": 513.381077965628,
    "mhz": 475.41953681710214
}