{
    "mh1": 519.9317529702923,
    "mh2": 546.2341782474133,
    "mhz": 440.3600206327503
}