{
    "mh1": 512.0900419860466,
    "mh2": 517.0670222970836,
    "mhz": 428.9610545477415
}