{
    "mh1": 510.561857732719,
    "mh2": 517.436920974737,
    "mhz": 431.6790488887802
}