{
    "mh1": 514.2237621105583,
    "mh2": 520.7259831476601,
    "mhz": 530.0408387101654
}