{
    "mh1": 524.4652971485722,
    "mh2": 527.153922762212,
    "mhz": 519.7121886993896
}