{
    "mh1": 528.3512088985904,
    "mh2": 526.2236565263474,
    "mhz": 526.3572569773389
}