{
    "mh1": 508.91912157794513,
    "mh2": 512.5292771387441,
    "mhz": 477.1601210359334
}