{
    "mh1": 516.6791346563862,
    "mh2": 541.7263243806275,
    "mhz": 567.4197440463604
}