{
    "mh1": 515.5656722974322,
    "mh2": 513.385696229576,
    "mhz": 546.9191198346696
}