{
    "mh1": 512.1345426925575,
    "mh2": 517.5532885291461,
    "mhz": 425.07975268504254
}