{
    "mh1": 506.70643955759095,
    "mh2": 531.1068665324947,
    "mhz": 454.4304545994578
}