{
    "mh1": 509.0826791814859,
    "mh2": 509.3911546670548,
    "mhz": 481.956636648223
}