{
    "mh1": 626.8899701535217,
    "mh2": 531.2429146181909,
    "mhz": 580.140124857102
}