{
    "mh1": 505.66829616264187,
    "mh2": 520.0512542114475,
    "mhz": 489.19991537825393
}