{
    "mh1": 517.9055106467836,
    "mh2": 520.3749143982195,
    "mhz": 515.0798847477544
}