{
    "mh1": 511.7650780224331,
    "mh2": 496.79541329348365
}