{
    "mh1": 515.4275041791018,
    "mh2": 520.7729470290253,
    "mhz": 489.4118676702258
}