{
    "mh1": 511.7306375452034,
    "mh2": 494.63534921804063
}