{
    "mh1": 504.68735369897206,
    "mh2": 500.3597900440836
}