{
    "mh1": 528.7434432605444,
    "mh2": 533.32597551645,
    "mhz": 531.366083237087
}