{
    "mh1": 513.451823321443,
    "mh2": 519.8670899192132,
    "mhz": 460.1898551233646
}