{
    "mh1": 521.0014251773124,
    "mh2": 537.2964659076331,
    "mhz": 529.3331206989872
}