{
    "mh1": 518.0724794431029,
    "mh2": 541.8273258607585,
    "mhz": 445.13961623270654
}