{
    "mh1": 510.86036832122784,
    "mh2": 497.86656236342975
}