{
    "mh1": 507.5177020884813,
    "mh2": 509.2537709093218,
    "mhz": 487.83251494788084
}