{
    "mh1": 527.3753658515276,
    "mh2": 489.99810242700636,
    "mhz": 530.9691657973963
}