{
    "mh1": 517.0789997872711,
    "mh2": 523.8369663063582,
    "mhz": 531.9130383565882
}