{
    "mh1": 512.0300560865235,
    "mh2": 493.9062986499024
}