{
    "mh1": 511.5570267656273,
    "mh2": 517.3319843730839,
    "mhz": 560.9597145189603
}