{
    "mh1": 513.6627328237338,
    "mh2": 518.2246935155492,
    "mhz": 602.6705702042585
}