{
    "mh1": 509.52739811035457,
    "mh2": 511.7091949019958,
    "mhz": 476.21933581322503
}