{
    "mh1": 516.4747107414909,
    "mh2": 515.5390911839283,
    "mhz": 475.3705490703201
}