{
    "mh1": 523.5564730596675,
    "mh2": 552.8166890017176
}