{
    "mh1": 501.5018937092932,
    "mh2": 456.46507975632943
}