{
    "mh1": 531.2491085830238,
    "mh2": 475.9860186897386,
    "mhz": 536.8129361426431
}