{
    "mh1": 523.8810248107188,
    "mh2": 525.971644231575,
    "mhz": 519.89654772752
}