{
    "mh1": 516.2586127602276,
    "mh2": 539.8670175929489,
    "mhz": 575.3320288182422
}