{
    "mh1": 510.511522449217,
    "mh2": 511.4149565948124,
    "mhz": 454.726691450093
}