{
    "mh1": 514.3521601737755,
    "mh2": 533.979615004676,
    "mhz": 562.7104830516951
}