{
    "mh1": 510.8069401931708,
    "mh2": 501.4081479810671,
    "mhz": 509.09475207099445
}