{
    "mh1": 516.668883332633,
    "mh2": 525.0481397372573,
    "mhz": 483.56344679062926
}