{
    "mh1": 512.7394098457162,
    "mh2": 523.6673755982705,
    "mhz": 566.8702928577184
}