{
    "mh1": 522.7207261407478,
    "mh2": 526.1156589550062,
    "mhz": 518.0751020929046
}