{
    "mh1": 521.4107305727837,
    "mh2": 523.8209995316832,
    "mhz": 519.8754172315993
}