{
    "mh1": 505.2910465494166,
    "mh2": 544.4519463954991,
    "mhz": 577.9866600738719
}