{
    "mh1": 512.1041209148652,
    "mh2": 490.65272170265115,
    "mhz": 514.0006308327386
}