{
    "mh1": 524.4165444967417,
    "mh2": 527.3476218201205,
    "mhz": 522.8174331779618
}