{
    "mh1": 515.0940531699382,
    "mh2": 512.5299773009917,
    "mhz": 475.4144104336671
}