{
    "mh1": 524.6327535810037,
    "mh2": 550.7481882819144
}