{
    "mh1": 515.0593602412009,
    "mh2": 512.2947158289865,
    "mhz": 519.1288068117047
}