{
    "mh1": 525.3324920570523,
    "mh2": 495.7200456641054,
    "mhz": 497.05068944744096
}