{
    "mh1": 523.4953037963386,
    "mh2": 528.7349516720948,
    "mhz": 522.4723705325347
}