{
    "mh1": 538.3815423218526,
    "mh2": 560.2396645985089,
    "mhz": 582.707127781505
}