{
    "mh1": 534.0247885127094,
    "mh2": 549.5591695459756,
    "mhz": 581.1709888038953
}