{
    "mh1": 529.914459792633,
    "mh2": 492.4834163581345,
    "mhz": 530.0910602582749
}