{
    "mh1": 519.5881366384755,
    "mh2": 551.5403023770174,
    "mhz": 579.129325977352
}