{
    "mh1": 519.014252516075,
    "mh2": 550.487851842274,
    "mhz": 581.1573426939985
}