{
    "mh1": 521.7693595398025,
    "mh2": 524.5963500256868,
    "mhz": 515.6209442930034
}