{
    "mh1": 520.016647620887,
    "mh2": 525.5744394682997
}