{
    "mh1": 511.9658180305607,
    "mh2": 489.7145563635919
}