{
    "mh1": 521.3099677993405,
    "mh2": 568.0399895984876,
    "mhz": 516.5270835566066
}