{
    "mh1": 522.7464958693029,
    "mh2": 527.302174350891,
    "mhz": 518.1344525452848
}