{
    "mh1": 516.2656220733502,
    "mh2": 532.5413045266841,
    "mhz": 559.9505362641287
}