{
    "mh1": 525.2643305889692,
    "mh2": 526.0387143939167,
    "mhz": 520.2380765770199
}