{
    "mh1": 508.93815518025104,
    "mh2": 505.7323760704083,
    "mhz": 509.06359837756565
}