{
    "mh1": 511.96778902746183,
    "mh2": 490.3238644868362,
    "mhz": 510.1638319418419
}