{
    "mh1": 505.9003798172655,
    "mh2": 558.2314165924913,
    "mhz": 513.8155844016444
}