{
    "mh1": 527.8493724975244,
    "mh2": 493.9162128126749,
    "mhz": 495.1080907995006
}