{
    "mh1": 501.9765414611968,
    "mh2": 566.5296627657267
}