{
    "mh1": 513.6397738727266,
    "mh2": 518.6179796479888,
    "mhz": 594.6272858770011
}