{
    "mh1": 515.1526364905408,
    "mh2": 521.8683578814633,
    "mhz": 570.7587369711833
}