{
    "mh1": 513.119685163184,
    "mh2": 529.6321558499652
}