{
    "mh1": 517.8170744178174,
    "mh2": 517.6951731457859,
    "mhz": 546.7666872949295
}