{
    "mh1": 522.840826610573,
    "mh2": 570.3728275849805
}