{
    "mh1": 525.9545952127809,
    "mh2": 495.98778186778117,
    "mhz": 497.61884143633074
}