{
    "mh1": 514.3797391839705,
    "mh2": 512.049482101147,
    "mhz": 475.8145172123012
}