{
    "mh1": 524.0249039292204,
    "mh2": 525.2339646314196,
    "mhz": 520.867550527618
}