{
    "mh1": 502.25571538119465,
    "mh2": 549.2866807196431
}