{
    "mh1": 512.365934189226,
    "mh2": 516.9566874443454,
    "mhz": 580.0121116602111
}