{
    "mh1": 524.5428687880797,
    "mh2": 527.42208453306,
    "mhz": 520.9954046111325
}