{
    "mh1": 505.8459115594297,
    "mh2": 503.63909640386356,
    "mhz": 491.25552030623214
}