{
    "mh1": 511.9068215123864,
    "mh2": 492.87151825685504
}