{
    "mh1": 507.48925706288315,
    "mh2": 508.00558210441943,
    "mhz": 485.25969906262776
}