{
    "mh1": 513.1311611671715,
    "mh2": 521.7782682048651,
    "mhz": 569.7583103904803
}