{
    "mh1": 508.5106514561241,
    "mh2": 513.1943778159399,
    "mhz": 476.87970552678837
}