{
    "mh1": 504.82353311233396,
    "mh2": 518.6782340779887
}