{
    "mh1": 517.5573979777406,
    "mh2": 521.3097988080884,
    "mhz": 492.299348404473
}