{
    "mh1": 508.0970373143186,
    "mh2": 512.5093272271768,
    "mhz": 476.9001953838288
}