{
    "mh1": 518.2055797855139,
    "mh2": 541.9657160337368,
    "mhz": 578.1456921807592
}