{
    "mh1": 516.9352674319771,
    "mh2": 525.0487832352303,
    "mhz": 479.7115196349501
}