{
    "mh1": 515.2831590766951,
    "mh2": 537.4946719670434,
    "mhz": 518.0984991768169
}