{
    "mh1": 525.6054529496175,
    "mh2": 496.01250627171873,
    "mhz": 497.1053455285969
}