{
    "mh1": 501.28232331931514,
    "mh2": 569.2542337113197
}