{
    "mh1": 514.1732801143517,
    "mh2": 516.2215515863747,
    "mhz": 510.24674177585945
}