{
    "mh1": 512.0287338003502,
    "mh2": 525.3760087141696,
    "mhz": 538.6739421255196
}