{
    "mh1": 501.67397753705757,
    "mh2": 530.2474471846393,
    "mhz": 522.4284376580711
}