{
    "mh1": 521.2018312792159,
    "mh2": 527.1511179226693,
    "mhz": 519.0973922606654
}