{
    "mh1": 513.3988251681371,
    "mh2": 492.94906618316975
}