{
    "mh1": 530.3380630481057,
    "mh2": 532.4571450542306,
    "mhz": 555.9153568420206
}