{
    "mh1": 500.5040159086345,
    "mh2": 466.88746063394325
}