{
    "mh1": 522.7464298506941,
    "mh2": 525.9109395284797,
    "mhz": 519.9805440332123
}