{
    "mh1": 527.7695619369676,
    "mh2": 487.17939045098046,
    "mhz": 490.7205555111153
}