{
    "mh1": 513.7037166254954,
    "mh2": 512.1468821061453,
    "mhz": 551.2205473496734
}