{
    "mh1": 527.3123565498286,
    "mh2": 489.540509906987,
    "mhz": 492.7660200725758
}