{
    "mh1": 512.9556744452809,
    "mh2": 522.1424385208073,
    "mhz": 564.3958235137038
}