{
    "mh1": 501.9447594789876,
    "mh2": 565.9267617297237,
    "mhz": 517.6767552364481
}