{
    "mh1": 528.6037548259491,
    "mh2": 490.5685698297676,
    "mhz": 492.49592016653673
}