{
    "mh1": 514.1577297764073,
    "mh2": 517.3611746238183,
    "mhz": 514.0484110904645
}