{
    "mh1": 519.2976788441887,
    "mh2": 535.8375012864053,
    "mhz": 527.0564212837331
}