{
    "mh1": 514.2363637000382,
    "mh2": 518.046010744479,
    "mhz": 558.1079127494568
}