{
    "mh1": 525.8788171972718,
    "mh2": 495.91369151384146,
    "mhz": 497.1759160797713
}