{
    "mh1": 514.4705631866675,
    "mh2": 536.2862600480503,
    "mhz": 509.6895539574444
}