{
    "mh1": 517.4379700201696,
    "mh2": 516.5248394562417,
    "mhz": 506.61414449573783
}