{
    "mh1": 525.8206139706654,
    "mh2": 524.2433421579976,
    "mhz": 520.5851711186184
}