{
    "mh1": 521.2752778267926,
    "mh2": 517.3002265933601,
    "mhz": 510.731829228025
}