{
    "mh1": 516.9927173218662,
    "mh2": 521.6506653394204,
    "mhz": 532.947283711422
}