{
    "mh1": 511.87367256559344,
    "mh2": 493.2329075988505
}