{
    "mh1": 549.8668636667963,
    "mh2": 520.1966492216337,
    "mhz": 532.8783888472135
}