{
    "mh1": 512.7941555651053,
    "mh2": 518.9296066178446,
    "mhz": 475.82024415310957
}