{
    "mh1": 511.7526186391915,
    "mh2": 491.44474547655165
}