{
    "mh1": 525.9820799091028,
    "mh2": 552.5162463854284,
    "mhz": 579.670728738082
}