{
    "mh1": 514.4631826242755,
    "mh2": 522.2286996663468,
    "mhz": 563.3154075666663
}