{
    "mh1": 528.0036994693284,
    "mh2": 489.6293998179144,
    "mhz": 492.10400570066935
}