{
    "mh1": 512.1708279682796,
    "mh2": 492.87392019960583
}