{
    "mh1": 523.6482766076606,
    "mh2": 570.2451132776707,
    "mhz": 519.9972937911381
}