{
    "mh1": 526.4860268634117,
    "mh2": 536.0916248846091,
    "mhz": 537.5881525354285
}