{
    "mh1": 520.735257097107,
    "mh2": 546.4554716823006,
    "mhz": 512.7770080289297
}