{
    "mh1": 510.2024327948295,
    "mh2": 517.4356887161165,
    "mhz": 437.2938273892342
}