{
    "mh1": 513.1677356763619,
    "mh2": 517.9181911045882,
    "mhz": 427.58674664452406
}