{
    "mh1": 519.3219621161405,
    "mh2": 523.3088498251219,
    "mhz": 518.5489694325587
}