{
    "mh1": 516.0101800405206,
    "mh2": 492.0873443501529,
    "mhz": 560.1968946601197
}