{
    "mh1": 508.5353290923164,
    "mh2": 509.71658251070147,
    "mhz": 481.4272840045427
}