{
    "mh1": 506.43570710625943,
    "mh2": 504.33352182407685,
    "mhz": 508.56071035917114
}