{
    "mh1": 519.2498171308273,
    "mh2": 551.8470050062266,
    "mhz": 583.7474184317196
}