{
    "mh1": 529.5522215573781,
    "mh2": 496.44499391863087,
    "mhz": 527.9454957165848
}