{
    "mh1": 517.9590630748684,
    "mh2": 542.6685965733209,
    "mhz": 531.8276970480143
}