{
    "mh1": 527.4711199385343,
    "mh2": 489.743992793322,
    "mhz": 492.5755710453075
}