{
    "mh1": 517.9919512233511,
    "mh2": 545.2498583469085,
    "mhz": 579.8942923079647
}