{
    "mh1": 527.2101144991806,
    "mh2": 490.2687464727142,
    "mhz": 493.19835249750986
}