{
    "mh1": 513.7121291682565,
    "mh2": 516.3236963539276,
    "mhz": 578.264543218831
}