{
    "mh1": 518.5415324429803,
    "mh2": 521.7961193761653,
    "mhz": 492.7177768959502
}