{
    "mh1": 500.2915193235027,
    "mh2": 571.1909861458382
}