{
    "mh1": 527.6897841148359,
    "mh2": 489.0205191378572,
    "mhz": 492.00015726155215
}