{
    "mh1": 511.8719704776248,
    "mh2": 496.8659638368519
}