{
    "mh1": 520.9799375407409,
    "mh2": 523.5356114252959,
    "mhz": 516.6892648061095
}