{
    "mh1": 515.9586748316541,
    "mh2": 520.00762458099,
    "mhz": 567.2597490936375
}