{
    "mh1": 505.74022282438733,
    "mh2": 520.7341756671291,
    "mhz": 492.8217687550229
}