{
    "mh1": 509.65203282168204,
    "mh2": 510.6833424833813,
    "mhz": 475.8586280149315
}