{
    "mh1": 513.7303636932752,
    "mh2": 521.6584281084085,
    "mhz": 509.4098757142782
}