{
    "mh1": 513.9756190516898,
    "mh2": 513.3400521452945,
    "mhz": 478.9511029267719
}