{
    "mh1": 512.9616587692403,
    "mh2": 532.8602993559202
}