{
    "mh1": 508.1971613963901,
    "mh2": 530.2468153952443,
    "mhz": 562.9388394715395
}