{
    "mh1": 524.0985014137274,
    "mh2": 528.835245298432,
    "mhz": 526.7672337451298
}