{
    "mh1": 524.7427936205131,
    "mh2": 496.1342670683083,
    "mhz": 497.7649309342376
}