{
    "mh1": 513.0374633111581,
    "mh2": 519.246706150852,
    "mhz": 604.7960351297238
}