{
    "mh1": 513.9455166575295,
    "mh2": 516.8060040203329,
    "mhz": 573.5678699492619
}