{
    "mh1": 509.85477323039845,
    "mh2": 519.0654739699637,
    "mhz": 408.8060058566385
}