{
    "mh1": 506.0108396696716,
    "mh2": 503.9427540758598,
    "mhz": 532.0850946268158
}