{
    "mh1": 518.7614556623278,
    "mh2": 522.1503917079306,
    "mhz": 517.9236186055135
}