{
    "mh1": 521.1346167611521,
    "mh2": 538.8469324752627
}