{
    "mh1": 511.95552068628325,
    "mh2": 492.9954291252014
}