{
    "mh1": 506.68021325998365,
    "mh2": 548.2556372819245,
    "mhz": 549.7114740331879
}