{
    "mh1": 509.0230314805577,
    "mh2": 510.55563665642694,
    "mhz": 528.9714949361284
}