{
    "mh1": 522.9550474839449,
    "mh2": 526.9501732171215,
    "mhz": 518.6775738813844
}