{
    "mh1": 512.3575922010366,
    "mh2": 490.0919343219348
}