{
    "mh1": 512.4881202219212,
    "mh2": 511.0267470948717,
    "mhz": 482.8018887865961
}