{
    "mh1": 512.5798244555974,
    "mh2": 522.9802177515786,
    "mhz": 457.1732875838357
}