{
    "mh1": 516.0088270645972,
    "mh2": 517.9273640302536,
    "mhz": 479.8083046905991
}