{
    "mh1": 503.58687274888973,
    "mh2": 513.1621465666474,
    "mhz": 515.1150719899293
}