{
    "mh1": 513.2749547866665,
    "mh2": 518.2896624996068,
    "mhz": 601.8177077872606
}