{
    "mh1": 512.0462182037697,
    "mh2": 494.0194107539241
}