{
    "mh1": 517.7164086741582,
    "mh2": 514.2818706171108,
    "mhz": 515.0692241752578
}