{
    "mh1": 521.3584294900412,
    "mh2": 546.4062839745868
}