{
    "mh1": 507.8683616852631,
    "mh2": 508.99231756916697,
    "mhz": 508.7140897353131
}