{
    "mh1": 524.1897694854365,
    "mh2": 529.0117678653189,
    "mhz": 521.8014779203455
}