{
    "mh1": 530.6358845075312,
    "mh2": 496.0173732265973,
    "mhz": 495.42854063336347
}