{
    "mh1": 506.27939086710575,
    "mh2": 519.5733294467811,
    "mhz": 491.38447086579384
}