{
    "mh1": 508.6319043197334,
    "mh2": 507.69432670324903,
    "mhz": 487.0190706248808
}