{
    "mh1": 513.3688197376043,
    "mh2": 531.8212237872253
}