{
    "mh1": 511.03778333156424,
    "mh2": 494.72997039513047
}