{
    "mh1": 512.5623699855335,
    "mh2": 526.1932059560074,
    "mhz": 535.8088749993401
}