{
    "mh1": 525.7510598391154,
    "mh2": 528.5480364179916,
    "mhz": 526.5921952527826
}