{
    "mh1": 524.7520363413995,
    "mh2": 527.8866779301512,
    "mhz": 521.9149943216563
}