{
    "mh1": 527.9970913219458,
    "mh2": 490.6177634677708,
    "mhz": 492.8425379797113
}