{
    "mh1": 514.7799690222788,
    "mh2": 535.2270081367933
}