{
    "mh1": 513.8184009340468,
    "mh2": 532.0768885214324,
    "mhz": 574.9845600262838
}