{
    "mh1": 512.9273908704672,
    "mh2": 512.2738189279123,
    "mhz": 458.50029096234266
}