{
    "mh1": 528.3518466804147,
    "mh2": 533.3751586711903
}