{
    "mh1": 507.37308359506403,
    "mh2": 513.5314642051167,
    "mhz": 480.05633854801033
}