{
    "mh1": 508.5707489397022,
    "mh2": 511.89690299980765,
    "mhz": 545.424027252327
}