{
    "mh1": 516.2020186332663,
    "mh2": 522.8716852584016,
    "mhz": 514.3094952368515
}