{
    "mh1": 520.3786614353578,
    "mh2": 512.9729788323989,
    "mhz": 520.27416805659
}