{
    "mh1": 516.8296226061918,
    "mh2": 524.3458068014834,
    "mhz": 516.5506571478054
}