{
    "mh1": 523.8025791702897,
    "mh2": 535.5412301186569
}