{
    "mh1": 510.35621906713556,
    "mh2": 501.57125636147316,
    "mhz": 517.4031784080704
}