{
    "mh1": 524.3725467583662,
    "mh2": 527.2880025301239,
    "mhz": 521.7709206994883
}