{
    "mh1": 524.1848939494018,
    "mh2": 529.4867908571309,
    "mhz": 559.1293752358854
}