{
    "mh1": 513.0175640970282,
    "mh2": 515.2412383513871,
    "mhz": 582.8788941778814
}