{
    "mh1": 523.9919338769921,
    "mh2": 527.3570323623071,
    "mhz": 519.1546728447167
}