{
    "mh1": 524.7109794508436,
    "mh2": 495.6373004742921,
    "mhz": 497.0748169974806
}