{
    "mh1": 513.1346068190635,
    "mh2": 518.5586855050313,
    "mhz": 606.0561323541824
}