{
    "mh1": 501.110546844874,
    "mh2": 514.3698744750318,
    "mhz": 523.5613643534044
}