{
    "mh1": 527.587957275284,
    "mh2": 514.2809223201164,
    "mhz": 491.8642287112528
}