{
    "mh1": 511.5925405042625,
    "mh2": 490.34030109635273
}