{
    "mh1": 553.1053916254607,
    "mh2": 514.2665007990321,
    "mhz": 525.2792087102025
}