{
    "mh1": 523.4616183505165,
    "mh2": 529.5580172968472,
    "mhz": 525.0806105887752
}