{
    "mh1": 524.0577684436302,
    "mh2": 495.04752669913756,
    "mhz": 497.1674379281931
}