{
    "mh1": 526.6202740332112,
    "mh2": 492.26203376617906,
    "mhz": 495.0112858256491
}