{
    "mh1": 526.9431551745541,
    "mh2": 491.9987218961396,
    "mhz": 494.29390166502606
}