{
    "mh1": 522.0017508052186,
    "mh2": 522.4415275730656,
    "mhz": 512.8232900644764
}