{
    "mh1": 522.1282487277709,
    "mh2": 521.6820564082758,
    "mhz": 513.2872935900864
}