{
    "mh1": 509.3028551452917,
    "mh2": 510.75590866347625,
    "mhz": 477.34649824252307
}