{
    "mh1": 526.8151628776953,
    "mh2": 531.9548627317304,
    "mhz": 528.7838641953512
}