{
    "mh1": 521.1814966576586,
    "mh2": 518.8096184396414,
    "mhz": 509.40481112682994
}