{
    "mh1": 511.9471121162874,
    "mh2": 491.19730706941357,
    "mhz": 511.1964935737489
}