{
    "mh1": 512.0660261629871,
    "mh2": 490.5089305720047,
    "mhz": 509.21392558986247
}