{
    "mh1": 516.7206028619659,
    "mh2": 516.4381753710109,
    "mhz": 489.668135231728
}