{
    "mh1": 516.5993818138588,
    "mh2": 515.0718220550108,
    "mhz": 547.2090892402905
}