{
    "mh1": 510.144526608171,
    "mh2": 512.7017228566383,
    "mhz": 475.2760468401651
}