{
    "mh1": 548.5858737940515,
    "mh2": 518.4298103767343,
    "mhz": 526.0408640959635
}