{
    "mh1": 518.3879306083247,
    "mh2": 521.8769758248898,
    "mhz": 517.4967100094453
}