{
    "mh1": 517.9502315890295,
    "mh2": 519.9738693952238,
    "mhz": 492.41586492069507
}