{
    "mh1": 527.875922800265,
    "mh2": 487.1530917264769,
    "mhz": 490.7242212902221
}