{
    "mh1": 512.9626140923514,
    "mh2": 522.0368945216165,
    "mhz": 565.3112551167967
}