{
    "mh1": 524.6392972064411,
    "mh2": 528.0972670347581,
    "mhz": 542.1960890610553
}