{
    "mh1": 524.7055422882595,
    "mh2": 529.5401940408038,
    "mhz": 523.276601698271
}