{
    "mh1": 522.1590126374756,
    "mh2": 521.5385381848095,
    "mhz": 511.5364727555005
}