{
    "mh1": 525.0173359808871,
    "mh2": 512.8624084787207,
    "mhz": 521.6659334413876
}