{
    "mh1": 517.5986292360292,
    "mh2": 520.7141297946546,
    "mhz": 491.8076220501319
}