{
    "mh1": 506.18412213632274,
    "mh2": 504.8648366128676,
    "mhz": 492.87965686491265
}