{
    "mh1": 510.48376901019674,
    "mh2": 502.0259596136962,
    "mhz": 514.0130490883394
}