{
    "mh1": 500.714759157823,
    "mh2": 571.3238099614393
}