{
    "mh1": 512.1209264910333,
    "mh2": 516.8140491821054,
    "mhz": 594.0203397833291
}