{
    "mh1": 514.8221500897967,
    "mh2": 512.854160697689,
    "mhz": 476.6392366916316
}