{
    "mh1": 516.1153173962553,
    "mh2": 532.74057117942,
    "mhz": 575.241701738203
}