{
    "mh1": 528.1188320534726,
    "mh2": 497.4771077004869,
    "mhz": 497.43084467311525
}