{
    "mh1": 544.6826177984851,
    "mh2": 515.386145223669,
    "mhz": 524.5144032058777
}