{
    "mh1": 512.485991422642,
    "mh2": 512.4185177543555,
    "mhz": 551.6767255620762
}