{
    "mh1": 517.3762394891146,
    "mh2": 534.0273993054197,
    "mhz": 562.2532460261175
}