{
    "mh1": 513.6809873387954,
    "mh2": 520.930682811467,
    "mhz": 599.9356712302024
}