{
    "mh1": 521.9897010121347,
    "mh2": 520.0051558382784,
    "mhz": 512.5953474601362
}