{
    "mh1": 547.3815269847505,
    "mh2": 509.1033151835582,
    "mhz": 523.7459070439528
}