{
    "mh1": 506.7870844939647,
    "mh2": 505.2930113367316,
    "mhz": 490.495130126366
}