{
    "mh1": 521.3755931443253,
    "mh2": 540.4050020338107
}