{
    "mh1": 524.8165637429074,
    "mh2": 495.56912602741164,
    "mhz": 497.0418905985423
}