{
    "mh1": 513.0884143998419,
    "mh2": 518.5295858150578,
    "mhz": 559.4799649432248
}