{
    "mh1": 511.940832207039,
    "mh2": 491.3085077897452
}