{
    "mh1": 512.5911648358576,
    "mh2": 517.1658465428718,
    "mhz": 439.01533784765815
}