{
    "mh1": 597.7001713774233,
    "mh2": 614.6962424370313,
    "mhz": 689.9750214185458
}