{
    "mh1": 515.7478199434396,
    "mh2": 513.1143807528115,
    "mhz": 476.65821333146533
}