{
    "mh1": 521.8220284969317,
    "mh2": 569.0108123293564,
    "mhz": 519.2041162827038
}