{
    "mh1": 513.2161804487083,
    "mh2": 528.3466733970305,
    "mhz": 492.5692036373435
}