{
    "mh1": 507.48773206659115,
    "mh2": 513.7284120994658,
    "mhz": 475.355548171189
}