{
    "mh1": 511.3434756779424,
    "mh2": 517.9202450772286,
    "mhz": 416.9857666229317
}