{
    "mh1": 526.3368358694806,
    "mh2": 492.41701987613567,
    "mhz": 528.6118606339608
}