{
    "mh1": 518.9899575849406,
    "mh2": 545.7016759104885,
    "mhz": 538.0060308384298
}