{
    "mh1": 521.0827042125263,
    "mh2": 515.0104179253461,
    "mhz": 509.1961637943867
}