{
    "mh1": 501.25063917583503,
    "mh2": 452.2154428222184
}