{
    "mh1": 514.8594860209829,
    "mh2": 513.8275908704984,
    "mhz": 535.6883753431246
}