{
    "mh1": 509.0055791929129,
    "mh2": 530.9610529626588,
    "mhz": 569.245922377086
}