{
    "mh1": 524.3021142527531,
    "mh2": 495.68003878211533,
    "mhz": 497.1952279596889
}