{
    "mh1": 523.7327753596576,
    "mh2": 527.3490709598968,
    "mhz": 518.73942113892
}