{
    "mh1": 511.99862194793985,
    "mh2": 497.61219503620896
}