{
    "mh1": 509.98230174001145,
    "mh2": 512.1014422718474
}