{
    "mh1": 505.5558681857292,
    "mh2": 523.7549001532558,
    "mhz": 465.6068164362519
}