{
    "mh1": 511.9554503177655,
    "mh2": 490.89233776787694
}