{
    "mh1": 527.7652804686373,
    "mh2": 534.7831510216138,
    "mhz": 531.7053983635782
}