{
    "mh1": 523.9551206656403,
    "mh2": 525.5238096902503,
    "mhz": 520.2547378207772
}