{
    "mh1": 525.1597341252079,
    "mh2": 526.6046934363947,
    "mhz": 519.7342874039031
}