{
    "mh1": 511.0357701965811,
    "mh2": 494.06055549037495
}