{
    "mh1": 512.0139611364966,
    "mh2": 516.3093303116545,
    "mhz": 431.0441003118275
}