{
    "mh1": 514.7944517866672,
    "mh2": 516.3264490411357,
    "mhz": 546.2112690937092
}