{
    "mh1": 513.0679323160334,
    "mh2": 522.8891883525167,
    "mhz": 459.7649085376517
}