{
    "mh1": 515.9882460860083,
    "mh2": 492.2858575527601,
    "mhz": 557.7094317096467
}