{
    "mh1": 525.1992926110595,
    "mh2": 527.3500614579215,
    "mhz": 519.8646435332133
}