{
    "mh1": 517.7050775991972,
    "mh2": 545.7852003230622,
    "mhz": 445.72584118815206
}