{
    "mh1": 514.5006972623279,
    "mh2": 536.0005469732979,
    "mhz": 580.3345228067845
}