{
    "mh1": 522.1894535388042,
    "mh2": 526.1518736222079,
    "mhz": 516.6180243908844
}