{
    "mh1": 516.0013038698046,
    "mh2": 512.7750212707965,
    "mhz": 475.47975690607734
}