{
    "mh1": 502.2976104919596,
    "mh2": 526.7284330823904,
    "mhz": 530.5226897089625
}