{
    "mh1": 530.9388921368791,
    "mh2": 513.4436462206679,
    "mhz": 519.6214662682459
}