{
    "mh1": 514.7062364559957,
    "mh2": 493.1725310138514
}