{
    "mh1": 512.4711475604684,
    "mh2": 525.2690663525498,
    "mhz": 541.9538787107778
}