{
    "mh1": 508.8056953711974,
    "mh2": 508.9784059643672,
    "mhz": 482.1127739092667
}