{
    "mh1": 512.415171558134,
    "mh2": 520.8351420971874,
    "mhz": 563.2204001970932
}