{
    "mh1": 502.15761594824363,
    "mh2": 546.0125696634092
}