{
    "mh1": 527.680077398515,
    "mh2": 486.87668563138527,
    "mhz": 533.3294087213083
}