{
    "mh1": 506.1121294971337,
    "mh2": 503.52690887691693,
    "mhz": 492.40429727864705
}