{
    "mh1": 518.9073605496662,
    "mh2": 521.0426439002665,
    "mhz": 511.7022300600166
}