{
    "mh1": 523.7065529954078,
    "mh2": 539.1660693995279
}