{
    "mh1": 511.9621999396546,
    "mh2": 517.1790848962453,
    "mhz": 426.4502768584242
}