{
    "mh1": 510.6787479031515,
    "mh2": 500.5771726555653,
    "mhz": 509.2507703903662
}