{
    "mh1": 500.96981441938726,
    "mh2": 478.47913654674846
}