{
    "mh1": 524.6192043655825,
    "mh2": 526.4696569274764,
    "mhz": 519.4536882701204
}