{
    "mh1": 510.1683655266406,
    "mh2": 503.8329664448686,
    "mhz": 509.2570374545999
}