{
    "mh1": 513.3115599159764,
    "mh2": 518.0282746955702,
    "mhz": 564.7771143160217
}