{
    "mh1": 554.4327792094343,
    "mh2": 517.1908449892205,
    "mhz": 524.9848667762669
}