{
    "mh1": 506.4408224039121,
    "mh2": 504.05937752688413,
    "mhz": 492.7055087227426
}