{
    "mh1": 523.3761399707985,
    "mh2": 525.9023038873718,
    "mhz": 520.0080768563361
}