{
    "mh1": 505.9630570505166,
    "mh2": 503.4414718353998,
    "mhz": 490.66397690387237
}