{
    "mh1": 524.9218522053608,
    "mh2": 527.425783062899,
    "mhz": 521.6917071222915
}