{
    "mh1": 523.5426938697568,
    "mh2": 528.180419753523,
    "mhz": 519.2232575244568
}