{
    "mh1": 513.3303627478956,
    "mh2": 492.9472725845975,
    "mhz": 510.7255595384588
}