{
    "mh1": 520.3980419127761,
    "mh2": 525.3520967710033,
    "mhz": 516.7006084054885
}