{
    "mh1": 526.0298414008773,
    "mh2": 494.8538589887994,
    "mhz": 497.002997792757
}