{
    "mh1": 519.0136709040551,
    "mh2": 513.9108101582251,
    "mhz": 517.3482751886374
}