{
    "mh1": 561.4539329357708,
    "mh2": 545.2361310791753
}