{
    "mh1": 515.8993724650703,
    "mh2": 513.1064194238359,
    "mhz": 475.7135239915804
}