{
    "mh1": 527.389108954218,
    "mh2": 528.10127656893,
    "mhz": 527.9786098503214
}