{
    "mh1": 526.3570265253892,
    "mh2": 494.9380485304588,
    "mhz": 496.849167308096
}