{
    "mh1": 514.5414857507906,
    "mh2": 512.0601911247225,
    "mhz": 516.39782479738
}