{
    "mh1": 511.97174545002684,
    "mh2": 494.78586705778986
}