{
    "mh1": 515.6765063402001,
    "mh2": 548.2635962097474,
    "mhz": 435.8270198850499
}