{
    "mh1": 527.8091033037741,
    "mh2": 533.1428051326632,
    "mhz": 531.1665917466639
}