{
    "mh1": 499.8879004129272,
    "mh2": 450.33641335328485
}