{
    "mh1": 528.0837942535888,
    "mh2": 520.3917948018711,
    "mhz": 491.2811217880923
}