{
    "mh1": 519.7757820936778,
    "mh2": 532.8556943325275
}