{
    "mh1": 528.062827948322,
    "mh2": 488.30878645139404,
    "mhz": 491.1391945811171
}