{
    "mh1": 521.9569937829929,
    "mh2": 528.0032135543381,
    "mhz": 520.1326092359174
}