{
    "mh1": 508.8638060877789,
    "mh2": 509.5633415297101,
    "mhz": 481.5731136412595
}