{
    "mh1": 513.1542176149001,
    "mh2": 534.8717185213688
}