{
    "mh1": 512.3363689565786,
    "mh2": 517.9656783722943,
    "mhz": 595.6806496259821
}