{
    "mh1": 526.4881333312037,
    "mh2": 493.44471301881737,
    "mhz": 495.741901477815
}