{
    "mh1": 526.7693906352026,
    "mh2": 492.050622424119,
    "mhz": 495.01915191642036
}