{
    "mh1": 526.9703141519134,
    "mh2": 494.4246448183719,
    "mhz": 495.8651656206574
}