{
    "mh1": 516.4599292783844,
    "mh2": 513.9507976202627,
    "mhz": 475.61052217151024
}