{
    "mh1": 512.1810050057828,
    "mh2": 529.4991735031774,
    "mhz": 446.821714238435
}