{
    "mh1": 513.4749444503783,
    "mh2": 514.3069946122557,
    "mhz": 569.8620272447122
}