{
    "mh1": 560.7156761472759,
    "mh2": 532.4410864842522,
    "mhz": 869.8392350820229
}