{
    "mh1": 512.5070562790227,
    "mh2": 517.0226345213138,
    "mhz": 514.2414141908253
}