{
    "mh1": 525.9520932489459,
    "mh2": 493.43021931822165,
    "mhz": 527.8612384537633
}