{
    "mh1": 516.2388834896203,
    "mh2": 512.0264541277335,
    "mhz": 512.0047262157004
}