{
    "mh1": 507.29265324089744,
    "mh2": 503.37077828013037,
    "mhz": 492.08985749209944
}