{
    "mh1": 506.91566830164015,
    "mh2": 504.0923490683013,
    "mhz": 492.71843768866535
}