{
    "mh1": 508.16477694793673,
    "mh2": 512.3991869847625,
    "mhz": 477.25235075213584
}