{
    "mh1": 515.4388929611042,
    "mh2": 519.1079933585783,
    "mhz": 555.7977155809276
}