{
    "mh1": 513.4333424209378,
    "mh2": 515.3180279627652,
    "mhz": 552.6501891374807
}