{
    "mh1": 522.2217942137726,
    "mh2": 525.9579760936781,
    "mhz": 520.0210066618104
}