{
    "mh1": 512.2554636998482,
    "mh2": 517.8834263406559,
    "mhz": 600.6058826830534
}