{
    "mh1": 516.6729889583005,
    "mh2": 536.4157276424116
}