{
    "mh1": 513.8083241938417,
    "mh2": 519.4260538087758,
    "mhz": 515.5705289070968
}