{
    "mh1": 538.1431176383618,
    "mh2": 518.8156861364616,
    "mhz": 492.24655026753027
}