{
    "mh1": 527.7630266167403,
    "mh2": 491.14150673059453,
    "mhz": 493.3652238639064
}