{
    "mh1": 512.2651412153567,
    "mh2": 516.5003525840121,
    "mhz": 441.1633456864001
}