{
    "mh1": 529.8739422562307,
    "mh2": 532.7114976051553,
    "mhz": 532.5403987256402
}