{
    "mh1": 534.3045714941047,
    "mh2": 512.9706446099267,
    "mhz": 521.7675796501817
}