{
    "mh1": 531.9725663404743,
    "mh2": 492.5996579418325,
    "mhz": 493.10673561974016
}