{
    "mh1": 512.1111297816087,
    "mh2": 515.4824270527394,
    "mhz": 589.9037700434386
}