{
    "mh1": 521.6906949128055,
    "mh2": 518.4869437597673,
    "mhz": 510.40354805859283
}