{
    "mh1": 514.6213575944832,
    "mh2": 493.79364291556277
}