{
    "mh1": 511.9701837372036,
    "mh2": 492.8513786218983
}