{
    "mh1": 527.3713216572,
    "mh2": 492.76268467777516,
    "mhz": 495.0235510719933
}