{
    "mh1": 517.5718373425532,
    "mh2": 529.3775251907223,
    "mhz": 566.400091227322
}