{
    "mh1": 522.2674811337074,
    "mh2": 520.3607311281606,
    "mhz": 549.8069653705901
}