{
    "mh1": 524.2263292808225,
    "mh2": 527.1644753336968,
    "mhz": 520.1257899673056
}