{
    "mh1": 512.5897042149932,
    "mh2": 516.8617496868509,
    "mhz": 598.7140094440979
}