{
    "mh1": 524.7836092733397,
    "mh2": 528.4797315583513,
    "mhz": 521.9141736459057
}