{
    "mh1": 512.1520511034662,
    "mh2": 517.0166353621476,
    "mhz": 423.1248351254102
}