{
    "mh1": 520.2785128912528,
    "mh2": 519.9681957142315,
    "mhz": 552.807061218439
}