{
    "mh1": 514.3546485888717,
    "mh2": 495.4227767888539
}