{
    "mh1": 520.2212734912013,
    "mh2": 524.6318887255902,
    "mhz": 519.653331739424
}