{
    "mh1": 513.0107918005377,
    "mh2": 513.0680365288825,
    "mhz": 584.8056169921349
}