{
    "mh1": 520.8378574536563,
    "mh2": 514.5462435942832,
    "mhz": 507.66117101579994
}