{
    "mh1": 515.9900835433738,
    "mh2": 492.12972278906,
    "mhz": 563.0316412188753
}