{
    "mh1": 513.2228284065069,
    "mh2": 522.8757954875433,
    "mhz": 511.18153918254643
}