{
    "mh1": 512.1791242642513,
    "mh2": 517.8225785268113,
    "mhz": 546.1193251560599
}