{
    "mh1": 510.95284362467123,
    "mh2": 498.0349343986132
}