{
    "mh1": 512.0651338823504,
    "mh2": 518.9507612551059,
    "mhz": 446.0829328879808
}