{
    "mh1": 521.7560142744492,
    "mh2": 540.1061225703011
}