{
    "mh1": 519.0049463633643,
    "mh2": 521.3914800771961,
    "mhz": 494.1106534717216
}