{
    "mh1": 518.1368293892269,
    "mh2": 527.6017490082943
}