{
    "mh1": 518.5028899500691,
    "mh2": 523.156768870327,
    "mhz": 519.1356737409288
}