{
    "mh1": 512.5431031580813,
    "mh2": 511.62680315931584,
    "mhz": 509.5632746780812
}