{
    "mh1": 521.3497700088781,
    "mh2": 522.6999140154772,
    "mhz": 518.2748184188634
}