{
    "mh1": 511.9755314515859,
    "mh2": 490.42974051450415,
    "mhz": 512.3194748440314
}