{
    "mh1": 512.991371172184,
    "mh2": 516.5343784028396,
    "mhz": 547.3326286914164
}