{
    "mh1": 528.3525115388393,
    "mh2": 510.1487286500894,
    "mhz": 494.9931750788671
}