{
    "mh1": 506.23720934321454,
    "mh2": 504.11109665486333,
    "mhz": 492.4526419615903
}