{
    "mh1": 512.5646927195717,
    "mh2": 515.8151877602849,
    "mhz": 590.1655084720178
}