{
    "mh1": 526.0453804780633,
    "mh2": 494.6590746396661,
    "mhz": 496.6702943765829
}