{
    "mh1": 525.4242585561984,
    "mh2": 522.1335768583522,
    "mhz": 518.8828021707648
}