{
    "mh1": 523.7535732465248,
    "mh2": 527.7399322695643,
    "mhz": 520.7636584994674
}