{
    "mh1": 525.6481751850653,
    "mh2": 496.0658163915395,
    "mhz": 497.1307355522836
}