{
    "mh1": 511.63332633898125,
    "mh2": 517.6480072732995,
    "mhz": 416.33748284393005
}