{
    "mh1": 516.6030154097207,
    "mh2": 515.5932726585097,
    "mhz": 512.4472455338305
}