{
    "mh1": 514.6827031856801,
    "mh2": 520.62007886063,
    "mhz": 530.3604910167915
}