{
    "mh1": 536.7133331700782,
    "mh2": 516.354076952946,
    "mhz": 515.5096508213037
}