{
    "mh1": 521.9413868976294,
    "mh2": 545.2785143193491
}