{
    "mh1": 525.5056239284505,
    "mh2": 528.066351193943,
    "mhz": 522.095591875364
}