{
    "mh1": 526.7561625488522,
    "mh2": 524.0219577746007,
    "mhz": 561.4375045395682
}