{
    "mh1": 511.94470402395865,
    "mh2": 497.96557321988354
}