{
    "mh1": 510.7542160549048,
    "mh2": 502.9961543434428,
    "mhz": 509.22575764194045
}