{
    "mh1": 518.3755747423177,
    "mh2": 524.6964401045268,
    "mhz": 527.1373000315049
}