{
    "mh1": 509.76492505475125,
    "mh2": 518.887343339914,
    "mhz": 427.49228560411814
}