{
    "mh1": 505.0768278437106,
    "mh2": 501.14222826612774,
    "mhz": 496.6987110806927
}