{
    "mh1": 511.55164550138613,
    "mh2": 497.9940126991683
}