{
    "mh1": 512.8341599086775,
    "mh2": 497.5805304598344
}