{
    "mh1": 523.7071941991105,
    "mh2": 528.5824209411355,
    "mhz": 520.4674422444563
}