{
    "mh1": 513.8536613110124,
    "mh2": 519.2352059951312,
    "mhz": 603.6797053562991
}