{
    "mh1": 511.8921481313269,
    "mh2": 497.37759598905717
}