{
    "mh1": 511.77721153846153,
    "mh2": 494.8184755244755
}