{
    "mh1": 511.26055775023406,
    "mh2": 495.8575664581704
}