{
    "mh1": 514.3490725804337,
    "mh2": 512.3591254271058,
    "mhz": 554.1619746001011
}