{
    "mh1": 527.467903156919,
    "mh2": 535.7815791237731,
    "mhz": 488.33600191525016
}