{
    "mh1": 518.7862652366318,
    "mh2": 544.8658787354665,
    "mhz": 448.8240821945569
}