{
    "mh1": 518.5069391327179,
    "mh2": 539.9960303430217,
    "mhz": 452.7165270263884
}