{
    "mh1": 517.1936748466579,
    "mh2": 546.8637033051311,
    "mhz": 592.4023007581845
}