{
    "mh1": 524.2948033539487,
    "mh2": 558.2625972528548
}