{
    "mh1": 518.3624085261038,
    "mh2": 520.6744379026259,
    "mhz": 531.0193863390346
}