{
    "mh1": 522.7995483542169,
    "mh2": 525.2303621767159,
    "mhz": 515.5908050865329
}