{
    "mh1": 513.7286398708433,
    "mh2": 518.9169977462132,
    "mhz": 600.9129994968342
}