{
    "mh1": 505.9905884329321,
    "mh2": 503.5955789856826,
    "mhz": 492.4036910449761
}