{
    "mh1": 520.0102165288968,
    "mh2": 549.452462631922,
    "mhz": 580.3452479151083
}