{
    "mh1": 518.8327216842002,
    "mh2": 523.0186432706413,
    "mhz": 518.4651895082471
}