{
    "mh1": 517.1885525239603,
    "mh2": 516.4242474553996,
    "mhz": 549.2461031913722
}