{
    "mh1": 524.8270553192533,
    "mh2": 526.3733531088682,
    "mhz": 521.1068230967911
}