{
    "mh1": 512.278271914183,
    "mh2": 516.493658099942,
    "mhz": 431.69106669025297
}