{
    "mh1": 498.60264286246263,
    "mh2": 574.1074859675289
}