{
    "mh1": 512.7727906606453,
    "mh2": 495.25706641281886
}