{
    "mh1": 522.9487592618111,
    "mh2": 527.6821645304619,
    "mhz": 521.1006642757451
}