{
    "mh1": 514.9527591088836,
    "mh2": 512.5862962593801,
    "mhz": 547.3003346182402
}