{
    "mh1": 520.2424938500031,
    "mh2": 548.3691907935773,
    "mhz": 473.0095911244428
}