{
    "mh1": 528.6007160304863,
    "mh2": 491.78650205128565,
    "mhz": 493.0368707879991
}