{
    "mh1": 519.0497374138854,
    "mh2": 529.612770208329,
    "mhz": 520.7110510082871
}