{
    "mh1": 527.5866178059239,
    "mh2": 492.3341153483877,
    "mhz": 494.30391576706387
}