{
    "mh1": 522.2121808348157,
    "mh2": 528.2275313100821,
    "mhz": 524.422690804546
}