{
    "mh1": 524.7919235223455,
    "mh2": 495.85039670265644,
    "mhz": 526.7308814167695
}