{
    "mh1": 529.8834805800966,
    "mh2": 527.4976021249313,
    "mhz": 531.8266347389581
}