{
    "mh1": 522.2405186499026,
    "mh2": 485.8364554900446,
    "mhz": 524.0999475762765
}