{
    "mh1": 517.8438521401495,
    "mh2": 516.1453515748582,
    "mhz": 500.2666398126843
}