{
    "mh1": 512.0987558197371,
    "mh2": 493.5761496752876
}