{
    "mh1": 511.9126835448296,
    "mh2": 490.7225366416954
}