{
    "mh1": 524.5387753443438,
    "mh2": 551.8736548073576
}