{
    "mh1": 523.404895147317,
    "mh2": 522.944127226058,
    "mhz": 559.0334655222093
}