{
    "mh1": 525.1172637808388,
    "mh2": 496.0347417116152,
    "mhz": 497.5625449191018
}