{
    "mh1": 514.7064721675385,
    "mh2": 494.324266078848
}