{
    "mh1": 526.5994173610977,
    "mh2": 494.2830853693358,
    "mhz": 496.03053511336583
}