{
    "mh1": 524.8691860106213,
    "mh2": 526.9228050309806,
    "mhz": 520.5685081060489
}