{
    "mh1": 508.98064330730506,
    "mh2": 509.2437010261471,
    "mhz": 482.326141626487
}