{
    "mh1": 525.1014686013144,
    "mh2": 523.6695667037909,
    "mhz": 518.283412063313
}