{
    "mh1": 505.7412038198269,
    "mh2": 503.2853850404234,
    "mhz": 493.25167721191127
}