{
    "mh1": 522.2318777403157,
    "mh2": 551.1954686211238
}