{
    "mh1": 523.7142085831256,
    "mh2": 528.8600745747075,
    "mhz": 520.759562965655
}