{
    "mh1": 512.8765569758443,
    "mh2": 493.8548496856893
}