{
    "mh1": 507.7998460577193,
    "mh2": 482.8353549600376
}