{
    "mh1": 517.1235079786109,
    "mh2": 520.6531093094989,
    "mhz": 491.95787691466563
}