{
    "mh1": 505.0383530656012,
    "mh2": 523.2544361662123,
    "mhz": 494.32461088293877
}