{
    "mh1": 520.3955662724759,
    "mh2": 523.597706535918,
    "mhz": 557.711550936976
}