{
    "mh1": 516.5014168661228,
    "mh2": 506.1890071646829,
    "mhz": 489.44050133562547
}