{
    "mh1": 517.7102634413867,
    "mh2": 519.7054125424085,
    "mhz": 516.4378241875854
}