{
    "mh1": 512.0320727474364,
    "mh2": 493.70127157931125
}