{
    "mh1": 515.8125065986668,
    "mh2": 491.39800886459494
}