{
    "mh1": 512.7800109550452,
    "mh2": 493.25367837656484
}