{
    "mh1": 515.9923341860632,
    "mh2": 512.323279175356,
    "mhz": 512.435466079289
}