{
    "mh1": 527.5054714267992,
    "mh2": 490.77119040880007,
    "mhz": 530.5483757685245
}