{
    "mh1": 520.639775732868,
    "mh2": 552.4945727804063,
    "mhz": 443.07944637671517
}