{
    "mh1": 531.99045153156,
    "mh2": 476.0017809138272,
    "mhz": 482.92809717328413
}