{
    "mh1": 511.935363148655,
    "mh2": 516.3663922319619,
    "mhz": 460.7425897309211
}