{
    "mh1": 516.6776451071897,
    "mh2": 523.0173185029639,
    "mhz": 554.712019859945
}