{
    "mh1": 506.58705364587996,
    "mh2": 506.0115212308038,
    "mhz": 492.041660961369
}