{
    "mh1": 512.4729025918192,
    "mh2": 523.2979398504422,
    "mhz": 547.7051673652279
}