{
    "mh1": 527.7391819402554,
    "mh2": 488.03827503115326,
    "mhz": 491.54271990045027
}