{
    "mh1": 507.139705444365,
    "mh2": 507.70422194383275,
    "mhz": 487.79263089706933
}