{
    "mh1": 526.033902103387,
    "mh2": 496.00606819276055,
    "mhz": 497.2599063334355
}