{
    "mh1": 501.05569063352647,
    "mh2": 501.83730491337144
}