{
    "mh1": 511.4384989955071,
    "mh2": 516.8025725554214,
    "mhz": 433.3249638934871
}