{
    "mh1": 558.2748550902114,
    "mh2": 529.6521475561356,
    "mhz": 521.564117827738
}