{
    "mh1": 512.9248680320945,
    "mh2": 516.7943619692462,
    "mhz": 513.6356618882638
}