{
    "mh1": 527.3317863992404,
    "mh2": 490.19305175807824,
    "mhz": 531.1624743846692
}