{
    "mh1": 517.3765733186001,
    "mh2": 519.7650881112585,
    "mhz": 492.60201613953365
}