{
    "mh1": 526.1331631813518,
    "mh2": 493.786147293756,
    "mhz": 508.11069662409955
}