{
    "mh1": 516.2882548096861,
    "mh2": 551.6065767833584
}