{
    "mh1": 501.61440431825696,
    "mh2": 549.6875078196774
}