{
    "mh1": 528.1207072216367,
    "mh2": 489.258196656851,
    "mhz": 491.9752592993892
}