{
    "mh1": 514.552432999162,
    "mh2": 494.1535945191647
}