{
    "mh1": 528.000059810401,
    "mh2": 535.8657923155122,
    "mhz": 491.23712085372654
}