{
    "mh1": 517.9539090810231,
    "mh2": 520.3872398642427,
    "mhz": 492.80962996613096
}