{
    "mh1": 529.5251457217191,
    "mh2": 495.98330737669994,
    "mhz": 527.9391196195497
}