{
    "mh1": 507.3627548039754,
    "mh2": 517.8241377501049,
    "mhz": 489.1988918679266
}