{
    "mh1": 517.5444109133698,
    "mh2": 519.3632035682508,
    "mhz": 532.0882311022773
}