{
    "mh1": 524.9008020692953,
    "mh2": 527.5007086063061,
    "mhz": 521.6684258574968
}