{
    "mh1": 525.2662591905486,
    "mh2": 526.0033985599916,
    "mhz": 521.2017949239006
}