{
    "mh1": 527.093766392726,
    "mh2": 497.7680591012415,
    "mhz": 497.7854397621962
}