{
    "mh1": 522.4467172532559,
    "mh2": 494.791649998834,
    "mhz": 497.6288051921028
}