{
    "mh1": 507.5145230028359,
    "mh2": 506.07194939761143,
    "mhz": 488.8903276872486
}