{
    "mh1": 515.9924844267553,
    "mh2": 514.1424562500988,
    "mhz": 476.6444785340756
}