{
    "mh1": 514.6069956172221,
    "mh2": 495.6921547028946
}