{
    "mh1": 521.7719272789046,
    "mh2": 525.1530721847964,
    "mhz": 520.19023780832
}