{
    "mh1": 518.1990246312782,
    "mh2": 548.8718914407438,
    "mhz": 435.3851208407468
}