{
    "mh1": 528.1627457643744,
    "mh2": 528.0203458532296,
    "mhz": 527.7568954705175
}