{
    "mh1": 511.9385566209814,
    "mh2": 498.789150421213
}