{
    "mh1": 512.1666249380637,
    "mh2": 512.574686101638,
    "mhz": 447.05427006551827
}