{
    "mh1": 512.4277401298998,
    "mh2": 525.7555354093686,
    "mhz": 482.6347869090192
}