{
    "mh1": 516.6161263199847,
    "mh2": 518.6936149533886,
    "mhz": 533.7313589897775
}