{
    "mh1": 524.3249461020514,
    "mh2": 528.8843578893668,
    "mhz": 521.6138921938086
}