{
    "mh1": 524.7033868397881,
    "mh2": 530.4681572561414,
    "mhz": 522.1276450404617
}