{
    "mh1": 522.6029247427495,
    "mh2": 570.4021187387889
}