{
    "mh1": 528.8150364840947,
    "mh2": 496.8098769405131,
    "mhz": 527.1045748776132
}