{
    "mh1": 501.5786480357909,
    "mh2": 515.8136274334703,
    "mhz": 527.9991735320125
}