{
    "mh1": 525.8574698458407,
    "mh2": 495.0806693763317,
    "mhz": 496.87971801768543
}