{
    "mh1": 501.20170779746206,
    "mh2": 551.6260289198569
}