{
    "mh1": 514.4888819776228,
    "mh2": 494.34590045739094
}