{
    "mh1": 514.6049835773454,
    "mh2": 532.1716262268017,
    "mhz": 514.1235534693923
}