{
    "mh1": 523.6214657078197,
    "mh2": 528.4226993661318,
    "mhz": 520.0885295063403
}