{
    "mh1": 499.3643183266458,
    "mh2": 572.9359207561638
}