{
    "mh1": 516.8211522603484,
    "mh2": 503.3834104819395,
    "mhz": 492.05076733999306
}