{
    "mh1": 537.6111221663484,
    "mh2": 533.1311085415155,
    "mhz": 531.7850845111833
}