{
    "mh1": 526.7439066892819,
    "mh2": 492.11666109035485,
    "mhz": 494.82115058435375
}