{
    "mh1": 524.5581352137833,
    "mh2": 524.1358335855763,
    "mhz": 519.1344721660298
}