{
    "mh1": 512.0904767757368,
    "mh2": 516.2762393744267,
    "mhz": 436.327066681038
}