{
    "mh1": 526.1393805309734,
    "mh2": 496.9888031050478,
    "mhz": 497.8605711160236
}