{
    "mh1": 507.5703938069872,
    "mh2": 505.9438215202921,
    "mhz": 489.3704216173909
}