{
    "mh1": 505.44494275745757,
    "mh2": 502.4568421202917,
    "mhz": 493.59563847026993
}