{
    "mh1": 506.81166459878744,
    "mh2": 504.5267663239554,
    "mhz": 499.5221096277107
}