{
    "mh1": 512.7170788040155,
    "mh2": 494.3236642981811
}