{
    "mh1": 508.95108436563896,
    "mh2": 526.6108490314318,
    "mhz": 560.8661507238437
}