{
    "mh1": 502.8236404568643,
    "mh2": 509.01750842168093,
    "mhz": 526.2637080517507
}