{
    "mh1": 528.5604563927876,
    "mh2": 534.0429685851352,
    "mhz": 541.2961831363257
}