{
    "mh1": 514.4252339476777,
    "mh2": 493.96010631313
}