{
    "mh1": 511.6576076986378,
    "mh2": 491.0467890613534
}