{
    "mh1": 517.5128308240506,
    "mh2": 508.65152830950257,
    "mhz": 541.4911737775044
}