{
    "mh1": 523.350247012175,
    "mh2": 544.4178493091454
}