{
    "mh1": 511.502610222,
    "mh2": 519.0919116618646,
    "mhz": 419.0197104793874
}