{
    "mh1": 523.5313056063429,
    "mh2": 572.7010660667747
}