{
    "mh1": 516.4919698152669,
    "mh2": 506.14195070940025,
    "mhz": 489.69727421910466
}