{
    "mh1": 514.5185771234745,
    "mh2": 494.29118899156964
}