{
    "mh1": 521.2398882314496,
    "mh2": 514.8200123720852,
    "mhz": 509.981522320352
}