{
    "mh1": 527.7784933823633,
    "mh2": 488.50076316325027,
    "mhz": 532.3900177546352
}