{
    "mh1": 526.9442959254584,
    "mh2": 496.9639772517763,
    "mhz": 497.18536325070426
}