{
    "mh1": 540.703098126327,
    "mh2": 525.9373964511565,
    "mhz": 526.1549997808459
}