{
    "mh1": 500.03093291214714,
    "mh2": 528.3210386430517
}