{
    "mh1": 510.9169906081888,
    "mh2": 518.9814282621971,
    "mhz": 449.98703110950004
}