{
    "mh1": 524.7314215035651,
    "mh2": 528.6568201410615,
    "mhz": 521.7145820977461
}