{
    "mh1": 511.65418608247063,
    "mh2": 511.7862948854012
}