{
    "mh1": 505.63800566909293,
    "mh2": 519.58203212486,
    "mhz": 490.5353682755483
}