{
    "mh1": 515.6215085962104,
    "mh2": 520.4887473717756,
    "mhz": 559.2560253778822
}