{
    "mh1": 510.1218093820071,
    "mh2": 507.53578573687594
}