{
    "mh1": 514.7282070565792,
    "mh2": 512.7278530470289,
    "mhz": 476.9076051367369
}