{
    "mh1": 514.171080622353,
    "mh2": 514.6639642710436,
    "mhz": 551.0075572869969
}