{
    "mh1": 506.2383902663313,
    "mh2": 504.90413515314845,
    "mhz": 532.478445994243
}