{
    "mh1": 508.30155446931764,
    "mh2": 510.2925429976503,
    "mhz": 543.3087462767398
}