{
    "mh1": 514.675702261545,
    "mh2": 492.8975055298833
}