{
    "mh1": 523.229672518989,
    "mh2": 525.1641863975096,
    "mhz": 534.8675635242694
}