{
    "mh1": 512.2630982958126,
    "mh2": 516.5343163934253,
    "mhz": 427.7707893336985
}