{
    "mh1": 522.668469471321,
    "mh2": 537.8003025151493
}