{
    "mh1": 523.8994568271212,
    "mh2": 529.9556793917913,
    "mhz": 521.8423380033464
}