{
    "mh1": 509.2940453043905,
    "mh2": 511.54088317296606,
    "mhz": 18.97570575082102
}