{
    "mh1": 509.0002273474499,
    "mh2": 508.17839585734345,
    "mhz": 485.94284659993144
}