{
    "mh1": 512.7577877777242,
    "mh2": 533.5267482994207,
    "mhz": 508.68312675523373
}