{
    "mh1": 513.5285215366705,
    "mh2": 517.8814235397967,
    "mhz": 577.3316966845189
}