{
    "mh1": 534.4499858610448,
    "mh2": 523.7387725852429,
    "mhz": 550.7684533877095
}