{
    "mh1": 519.7091893921112,
    "mh2": 522.5053504327898,
    "mhz": 518.2099690378125
}