{
    "mh1": 506.48336758373875,
    "mh2": 503.7675032240252,
    "mhz": 492.08246849809615
}