{
    "mh1": 502.60626703235425,
    "mh2": 504.492679064011
}