{
    "mh1": 517.4384265816389,
    "mh2": 519.8603491316192,
    "mhz": 491.52278728310534
}