{
    "mh1": 512.1429894379413,
    "mh2": 517.4693985649466,
    "mhz": 427.4909805228403
}