{
    "mh1": 513.1400243128132,
    "mh2": 516.4581033924838,
    "mhz": 432.3041661492286
}