{
    "mh1": 505.7792505989675,
    "mh2": 511.82278290454184,
    "mhz": 493.0050541067911
}