{
    "mh1": 523.4508878579427,
    "mh2": 521.6687847265576,
    "mhz": 563.958318702156
}