{
    "mh1": 513.4105889853782,
    "mh2": 529.9593785985263,
    "mhz": 451.53313507270536
}