{
    "mh1": 511.9438965182225,
    "mh2": 490.14806815262074,
    "mhz": 510.37519705165226
}