{
    "mh1": 506.2804808943488,
    "mh2": 492.37612591341093,
    "mhz": 517.2923757640413
}