{
    "mh1": 508.33584983014083,
    "mh2": 512.1408075127242,
    "mhz": 511.80088898700336
}