{
    "mh1": 506.32240921323967,
    "mh2": 504.53618772222563,
    "mhz": 492.66147857202765
}