{
    "mh1": 511.8835108203704,
    "mh2": 489.9812954373875
}