{
    "mh1": 515.5792419532295,
    "mh2": 526.5564330335386,
    "mhz": 517.6848517741141
}