{
    "mh1": 528.0062396659076,
    "mh2": 487.5320628501781,
    "mhz": 490.94934768970285
}