{
    "mh1": 536.1143497797186,
    "mh2": 512.2653243478917,
    "mhz": 521.0440770866524
}