{
    "mh1": 515.3796660662691,
    "mh2": 527.1648666065669,
    "mhz": 464.9981495403782
}