{
    "mh1": 515.9234529825367,
    "mh2": 535.336555208007,
    "mhz": 573.5920835681704
}