{
    "mh1": 513.8667663542227,
    "mh2": 514.5916096520913,
    "mhz": 547.4378880898703
}