{
    "mh1": 514.7084438712203,
    "mh2": 493.24146590819726
}