{
    "mh1": 512.0055895698766,
    "mh2": 517.361050186281,
    "mhz": 440.93871615284144
}