{
    "mh1": 527.7486711639833,
    "mh2": 513.8470625780644,
    "mhz": 491.6415964344341
}