{
    "mh1": 518.1004819916463,
    "mh2": 520.6664552179795,
    "mhz": 550.7694674219371
}