{
    "mh1": 524.3158326310673,
    "mh2": 530.2633423025077,
    "mhz": 522.5408176824172
}