{
    "mh1": 525.3329651180067,
    "mh2": 524.5008153784038,
    "mhz": 519.6990481151071
}