{
    "mh1": 512.4523716029992,
    "mh2": 525.3701427673188,
    "mhz": 539.0644935266137
}