{
    "mh1": 517.643628959276,
    "mh2": 548.9406882122121,
    "mhz": 429.7165990657132
}