{
    "mh1": 516.3111791301915,
    "mh2": 543.0441785050881,
    "mhz": 583.2099132299415
}