{
    "mh1": 515.8772531090237,
    "mh2": 512.9097192101765,
    "mhz": 476.1281063574115
}