{
    "mh1": 512.1620407883474,
    "mh2": 516.751798864615,
    "mhz": 446.0303223629404
}