{
    "mh1": 512.2347949971822,
    "mh2": 516.7313629020542,
    "mhz": 484.4474657845917
}