{
    "mh1": 523.0435018546624,
    "mh2": 525.3070104190007,
    "mhz": 518.714234449342
}