{
    "mh1": 506.2429134768265,
    "mh2": 504.151279551505,
    "mhz": 492.5793429366566
}