{
    "mh1": 507.7846467272607,
    "mh2": 512.0603492709689,
    "mhz": 480.6776468327116
}