{
    "mh1": 506.7796032746147,
    "mh2": 504.3505875951167,
    "mhz": 491.93995148374773
}