{
    "mh1": 511.44263702072243,
    "mh2": 490.994950059956
}