{
    "mh1": 511.2695545134408,
    "mh2": 493.64091759481056
}