{
    "mh1": 503.64410401164815,
    "mh2": 540.062490843538
}