{
    "mh1": 549.6845127652114,
    "mh2": 519.3056395561946,
    "mhz": 527.2494307126138
}