{
    "mh1": 518.0795990139807,
    "mh2": 519.958133785381,
    "mhz": 531.4460560890891
}