{
    "mh1": 522.9596751751878,
    "mh2": 526.6886829445173,
    "mhz": 520.1762064480222
}