{
    "mh1": 526.9083725589612,
    "mh2": 528.0651236067811,
    "mhz": 527.7555176600209
}