{
    "mh1": 525.660119090272,
    "mh2": 496.2645707933978,
    "mhz": 497.2776717490545
}