{
    "mh1": 511.69728502754816,
    "mh2": 516.868167354278,
    "mhz": 415.57880270011935
}