{
    "mh1": 512.7652055096111,
    "mh2": 490.8657586426818,
    "mhz": 509.00121088432996
}