{
    "mh1": 513.5365008263481,
    "mh2": 524.5318250508826,
    "mhz": 542.723140784637
}