{
    "mh1": 511.8667205738894,
    "mh2": 495.681701592577
}