{
    "mh1": 525.453868373059,
    "mh2": 531.3688478074098,
    "mhz": 520.2262829894635
}