{
    "mh1": 527.1251123569962,
    "mh2": 497.2852860940123,
    "mhz": 497.68606778119755
}