{
    "mh1": 516.8790880194163,
    "mh2": 532.7554669671556,
    "mhz": 452.8710344673894
}