{
    "mh1": 523.8578337050801,
    "mh2": 547.8228514889137
}