{
    "mh1": 519.6516582788036,
    "mh2": 535.0824516880541
}