{
    "mh1": 520.0460455028217,
    "mh2": 541.6092931702739
}