{
    "mh1": 512.8926258996206,
    "mh2": 524.7476406355161,
    "mhz": 525.2066613738612
}