{
    "mh1": 512.2029698805318,
    "mh2": 521.1505532416172,
    "mhz": 474.70982179626697
}