{
    "mh1": 519.9547660363444,
    "mh2": 539.8434107226499
}