{
    "mh1": 514.4043678919038,
    "mh2": 526.3644376286226,
    "mhz": 500.93666542926445
}