{
    "mh1": 521.9300979799286,
    "mh2": 521.9288536927672,
    "mhz": 511.96729405637245
}