{
    "mh1": 522.796191320221,
    "mh2": 527.8632549698744,
    "mhz": 518.9635438273773
}