{
    "mh1": 529.1763053945737,
    "mh2": 489.85189449565974,
    "mhz": 491.8134075033734
}