{
    "mh1": 511.9865035351719,
    "mh2": 493.70413915284263
}