{
    "mh1": 527.9503660787962,
    "mh2": 497.1428933562002,
    "mhz": 497.0624257003399
}