{
    "mh1": 512.0154474083013,
    "mh2": 492.22135380125167
}