{
    "mh1": 516.1795705670493,
    "mh2": 531.2832755797637,
    "mhz": 568.8099477537612
}