{
    "mh1": 525.970675773982,
    "mh2": 494.0443177982922,
    "mhz": 496.2338842382665
}