{
    "mh1": 517.4219407217306,
    "mh2": 504.3195988210079,
    "mhz": 492.4392779222959
}