{
    "mh1": 517.2446456306354,
    "mh2": 546.0625734886883,
    "mhz": 584.3417477593948
}