{
    "mh1": 512.9943725409349,
    "mh2": 518.3349692072505,
    "mhz": 601.6605139297033
}