{
    "mh1": 520.6611733517332,
    "mh2": 554.6428964402763,
    "mhz": 588.860794933574
}