{
    "mh1": 512.4862299776287,
    "mh2": 517.5669336998776,
    "mhz": 472.78394425476176
}