{
    "mh1": 499.58277201461436,
    "mh2": 573.6640666771505
}