{
    "mh1": 512.1576542215059,
    "mh2": 516.522453138318,
    "mhz": 425.55305337838683
}