{
    "mh1": 518.0737030539815,
    "mh2": 521.6306793183213,
    "mhz": 492.97670163247193
}