{
    "mh1": 507.66043748772506,
    "mh2": 509.35077021703927,
    "mhz": 482.0715728271906
}