{
    "mh1": 518.9586454731999,
    "mh2": 521.2765431969293,
    "mhz": 517.2073117016591
}