{
    "mh1": 501.33725361827493,
    "mh2": 456.0299084885503,
    "mhz": 518.4445497596236
}