{
    "mh1": 527.3600437261686,
    "mh2": 490.1514746454679,
    "mhz": 493.0127181428277
}