{
    "mh1": 517.4939215410675,
    "mh2": 519.6268498842185,
    "mhz": 532.0929639741372
}