{
    "mh1": 520.5264389125102,
    "mh2": 548.5159871736143,
    "mhz": 585.661306632081
}