{
    "mh1": 518.5988995152102,
    "mh2": 519.5542629762772,
    "mhz": 516.5251779409292
}