{
    "mh1": 532.7943706699594,
    "mh2": 528.9807843405501,
    "mhz": 527.0599332924114
}