{
    "mh1": 508.6066654775894,
    "mh2": 504.1659538081682,
    "mhz": 494.22941686659345
}