{
    "mh1": 523.9730408741972,
    "mh2": 526.0953903722719,
    "mhz": 519.536096280304
}