{
    "mh1": 512.2639624648891,
    "mh2": 543.160035679796,
    "mhz": 510.0036681585807
}