{
    "mh1": 515.4068369418067,
    "mh2": 512.0099599166896,
    "mhz": 476.0392815670186
}