{
    "mh1": 526.5505929646827,
    "mh2": 492.6795057730217,
    "mhz": 495.21971687702296
}