{
    "mh1": 516.0774079232247,
    "mh2": 534.1123411140973,
    "mhz": 458.60162229413777
}