{
    "mh1": 530.3420990487136,
    "mh2": 476.0736684672984,
    "mhz": 536.78596730138
}