{
    "mh1": 514.687051295298,
    "mh2": 493.0985568229797
}