{
    "mh1": 517.3065467461174,
    "mh2": 529.825385140876,
    "mhz": 549.1863991764875
}