{
    "mh1": 514.6574068125458,
    "mh2": 562.2170756764605
}