{
    "mh1": 522.2159099062836,
    "mh2": 542.2514289514489
}