{
    "mh1": 517.1842962771284,
    "mh2": 522.0558951002542,
    "mhz": 558.9115007785364
}