{
    "mh1": 511.98013359679646,
    "mh2": 492.1246463282843
}