{
    "mh1": 506.848221960177,
    "mh2": 504.10637001834516,
    "mhz": 491.55300653002803
}