{
    "mh1": 513.3487106372644,
    "mh2": 523.0065961677576,
    "mhz": 563.2504900402165
}