{
    "mh1": 501.59994755978187,
    "mh2": 470.6362307871143
}