{
    "mh1": 511.5981802807846,
    "mh2": 517.5206106950246,
    "mhz": 417.4999178895877
}