{
    "mh1": 509.8987635731252,
    "mh2": 504.24929949705216,
    "mhz": 509.0853632671241
}