{
    "mh1": 511.05510748437024,
    "mh2": 498.3027945290207
}