{
    "mh1": 525.3075814280173,
    "mh2": 524.1401390068246,
    "mhz": 519.5525686340629
}