{
    "mh1": 520.3962334960199,
    "mh2": 513.0905996931443,
    "mhz": 515.4914768755289
}