{
    "mh1": 506.878117487583,
    "mh2": 504.08362882856807,
    "mhz": 491.55032891311293
}