{
    "mh1": 514.2686264913525,
    "mh2": 524.0330951137693,
    "mhz": 518.754248685894
}