{
    "mh1": 509.7324587011625,
    "mh2": 519.3866461093106,
    "mhz": 417.1774132084047
}