{
    "mh1": 512.6974321535373,
    "mh2": 519.2970915938234,
    "mhz": 604.9011982563159
}