{
    "mh1": 525.6929280320894,
    "mh2": 495.4601170742996,
    "mhz": 496.9628616058358
}