{
    "mh1": 518.2753191288425,
    "mh2": 548.9013744099866,
    "mhz": 540.3172615685403
}