{
    "mh1": 515.6368104802751,
    "mh2": 520.0542979220297,
    "mhz": 517.6456523508409
}