{
    "mh1": 512.0676082112025,
    "mh2": 493.3871647413719
}