{
    "mh1": 512.3315370526909,
    "mh2": 518.891667547316,
    "mhz": 476.0937396230592
}