{
    "mh1": 508.4932217257444,
    "mh2": 511.5393083479984,
    "mhz": 478.95483191795506
}