{
    "mh1": 514.8872153468612,
    "mh2": 511.83410970808546,
    "mhz": 477.19901487364876
}