{
    "mh1": 512.0132778317939,
    "mh2": 516.3090232228961,
    "mhz": 431.1596093359068
}