{
    "mh1": 530.7926522430844,
    "mh2": 533.4526377384407,
    "mhz": 532.3430333907395
}