{
    "mh1": 500.681733603328,
    "mh2": 515.4033217610995
}