{
    "mh1": 523.4778635245143,
    "mh2": 569.5070971725993
}