{
    "mh1": 527.0733415199031,
    "mh2": 497.03650720348173,
    "mhz": 526.9774553672949
}