{
    "mh1": 515.374415717542,
    "mh2": 540.2741733172936
}