{
    "mh1": 523.7629264627509,
    "mh2": 525.636863893641,
    "mhz": 519.2477874250608
}