{
    "mh1": 512.4490342154172,
    "mh2": 513.6027543152222,
    "mhz": 512.2003090031321
}