{
    "mh1": 507.1283973807467,
    "mh2": 509.4718287030953,
    "mhz": 489.9855600159101
}