{
    "mh1": 515.8380877303623,
    "mh2": 514.8836624687522,
    "mhz": 548.1620486265002
}