{
    "mh1": 517.6367956264288,
    "mh2": 516.8287525980202,
    "mhz": 548.4883077860616
}