{
    "mh1": 514.3945322960332,
    "mh2": 493.54530243629233
}