{
    "mh1": 522.68918300311,
    "mh2": 529.9264220475247,
    "mhz": 520.103602737955
}