{
    "mh1": 512.7194610820343,
    "mh2": 516.6156295209123,
    "mhz": 577.6444579329068
}