{
    "mh1": 516.52112540693,
    "mh2": 503.01715625469524,
    "mhz": 491.93387527341594
}