{
    "mh1": 501.1164032503305,
    "mh2": 467.8167503778867
}