{
    "mh1": 506.7258747288005,
    "mh2": 504.54557918318596,
    "mhz": 492.2335124840107
}