{
    "mh1": 519.4908366854104,
    "mh2": 526.9212190050151,
    "mhz": 521.1922238860999
}