{
    "mh1": 514.0811238258703,
    "mh2": 528.8951119596252,
    "mhz": 509.04250374989033
}