{
    "mh1": 523.8478709907978,
    "mh2": 530.680194193146,
    "mhz": 522.9513531768297
}