{
    "mh1": 527.4745817264646,
    "mh2": 535.521128573853,
    "mhz": 491.9200528234608
}