{
    "mh1": 526.754843551349,
    "mh2": 491.93951829354427,
    "mhz": 494.9245267693177
}