{
    "mh1": 527.452007556608,
    "mh2": 489.5486061960638,
    "mhz": 492.44155523941635
}