{
    "mh1": 510.98762227535053,
    "mh2": 498.21322569966844
}