{
    "mh1": 520.0457944137634,
    "mh2": 524.0416004531365,
    "mhz": 520.0103581199794
}