{
    "mh1": 509.07810648194345,
    "mh2": 511.2080180801563,
    "mhz": 477.36681511669434
}