{
    "mh1": 511.9880759337956,
    "mh2": 492.67442327787154
}