{
    "mh1": 530.1541473788769,
    "mh2": 534.0766840455273,
    "mhz": 544.2721545292998
}