{
    "mh1": 520.834008513752,
    "mh2": 517.1796591114795,
    "mhz": 508.63445064325344
}