{
    "mh1": 515.5769482748681,
    "mh2": 512.8430248606719,
    "mhz": 476.7441176676124
}