{
    "mh1": 503.28519216073056,
    "mh2": 554.7899045235642,
    "mhz": 515.0606597395875
}