{
    "mh1": 529.4630347459537,
    "mh2": 500.28213217341687,
    "mhz": 526.3625179087167
}