{
    "mh1": 525.8096315646924,
    "mh2": 529.7074197426452,
    "mhz": 526.6694409690429
}