{
    "mh1": 518.623643796111,
    "mh2": 524.8803482369411,
    "mhz": 520.3024871860831
}