{
    "mh1": 514.8912115924786,
    "mh2": 512.7330251439009,
    "mhz": 512.4125519962802
}