{
    "mh1": 506.6958563482746,
    "mh2": 504.47259640030865,
    "mhz": 492.4418903716042
}