{
    "mh1": 516.0365293211738,
    "mh2": 543.8267398038023,
    "mhz": 454.51886540145676
}