{
    "mh1": 514.5046750368759,
    "mh2": 495.59401926001016
}