{
    "mh1": 512.7703086811215,
    "mh2": 493.8601170510133
}