{
    "mh1": 512.8589375392205,
    "mh2": 516.5802927937771,
    "mhz": 439.37919769271105
}