{
    "mh1": 510.6190786135461,
    "mh2": 498.8774552516928
}