{
    "mh1": 512.9652040719978,
    "mh2": 525.0298588111035,
    "mhz": 567.770217891853
}