{
    "mh1": 525.8635507552754,
    "mh2": 520.1842917667614,
    "mhz": 557.7555548179025
}