{
    "mh1": 514.2296882015553,
    "mh2": 513.0409781647793,
    "mhz": 512.9188098919433
}