{
    "mh1": 510.68729146743175,
    "mh2": 503.7744047460929,
    "mhz": 509.3294845390036
}