{
    "mh1": 511.58506489981806,
    "mh2": 496.9769712420681
}