{
    "mh1": 522.555966536578,
    "mh2": 527.1848107226697,
    "mhz": 520.7612983827323
}