{
    "mh1": 530.3905060556855,
    "mh2": 533.9505336017326,
    "mhz": 532.4689252175467
}