{
    "mh1": 515.7345866803196,
    "mh2": 497.26275976913684,
    "mhz": 504.1666171577947
}