{
    "mh1": 510.9724392582869,
    "mh2": 496.31516445576926
}