{
    "mh1": 520.4450302842201,
    "mh2": 523.9175019002998
}