{
    "mh1": 510.4774752345051,
    "mh2": 519.4208443572467,
    "mhz": 599.0205108793181
}