{
    "mh1": 510.9506884057971,
    "mh2": 533.0922738644465
}