{
    "mh1": 514.5660490734286,
    "mh2": 493.6920847143215
}