{
    "mh1": 500.69332936898536,
    "mh2": 453.60326283675477
}