{
    "mh1": 513.4798794515184,
    "mh2": 496.6265962300564
}