{
    "mh1": 515.997152017612,
    "mh2": 512.5084976456096,
    "mhz": 477.0099364708842
}