{
    "mh1": 515.3493793953384,
    "mh2": 513.9888733700309,
    "mhz": 513.2794581377152
}