{
    "mh1": 522.8257018701967,
    "mh2": 527.475497010679,
    "mhz": 517.6800169968402
}