{
    "mh1": 514.3167528453458,
    "mh2": 518.3078829469428,
    "mhz": 558.5702760031083
}