{
    "mh1": 527.6300037109909,
    "mh2": 489.2343963338211,
    "mhz": 492.0045057030227
}