{
    "mh1": 512.7878603550546,
    "mh2": 518.2719057665261,
    "mhz": 556.7348329301907
}