{
    "mh1": 511.47795069817533,
    "mh2": 490.1906811791808,
    "mhz": 510.6902270426817
}