{
    "mh1": 514.1048587313799,
    "mh2": 518.3526592768725,
    "mhz": 597.9727482848571
}