{
    "mh1": 508.28432998920397,
    "mh2": 538.376054416034
}