{
    "mh1": 511.9983943251011,
    "mh2": 492.84894643044345
}