{
    "mh1": 512.875886679903,
    "mh2": 517.86155102869,
    "mhz": 559.6026394397924
}