{
    "mh1": 514.9746485864804,
    "mh2": 532.9122183572515,
    "mhz": 569.3051876321815
}