{
    "mh1": 566.6406639963304,
    "mh2": 565.6210410529377
}