{
    "mh1": 543.0464934323445,
    "mh2": 514.2766825025375,
    "mhz": 523.6695372068887
}