{
    "mh1": 512.5036692311533,
    "mh2": 516.5166664201403,
    "mhz": 580.9991605867757
}