{
    "mh1": 511.22990890991287,
    "mh2": 520.8220262877069,
    "mhz": 531.1843553481276
}