{
    "mh1": 526.6209660576717,
    "mh2": 493.0374538224429,
    "mhz": 495.70937325372785
}