{
    "mh1": 516.6823361491303,
    "mh2": 517.4402307424714,
    "mhz": 547.1745883853813
}