{
    "mh1": 507.2775858198932,
    "mh2": 523.9711070184703,
    "mhz": 492.2821978547642
}