{
    "mh1": 516.0148327915963,
    "mh2": 513.1008289688791,
    "mhz": 540.8997136929752
}