{
    "mh1": 511.3794918577705,
    "mh2": 517.4892526018683,
    "mhz": 440.46245124218825
}