{
    "mh1": 515.4418597332849,
    "mh2": 523.7094672911411,
    "mhz": 526.5927250032341
}