{
    "mh1": 520.7353492251635,
    "mh2": 518.5117440884459,
    "mhz": 511.1292859124608
}