{
    "mh1": 527.144161216762,
    "mh2": 492.5096478030822,
    "mhz": 494.7816469220045
}