{
    "mh1": 513.6889331653019,
    "mh2": 537.5383346013498,
    "mhz": 510.4558197905794
}