{
    "mh1": 525.6984430028128,
    "mh2": 495.6849671069371,
    "mhz": 497.1078913242987
}