{
    "mh1": 512.0167833058356,
    "mh2": 533.0878225271824,
    "mhz": 514.8761840198058
}