{
    "mh1": 526.5745980106266,
    "mh2": 526.1300186427322,
    "mhz": 520.8396308500861
}