{
    "mh1": 527.8489284066602,
    "mh2": 488.01928064141816,
    "mhz": 491.17837869954843
}