{
    "mh1": 530.9810434837971,
    "mh2": 532.2806747032058,
    "mhz": 531.9670308900128
}