{
    "mh1": 512.1901511023937,
    "mh2": 516.2331388844494,
    "mhz": 426.6391767930014
}