{
    "mh1": 516.848191698843,
    "mh2": 523.9650665349282,
    "mhz": 482.4616000406395
}