{
    "mh1": 509.0470611564686,
    "mh2": 507.0629088665708,
    "mhz": 487.86634698586676
}