{
    "mh1": 514.9616660310417,
    "mh2": 512.5112852773261,
    "mhz": 475.7307162627292
}