{
    "mh1": 526.7213255723983,
    "mh2": 491.26884639936134,
    "mhz": 494.11819850807683
}