{
    "mh1": 516.9670604434755,
    "mh2": 524.0010049563039,
    "mhz": 573.8091994951271
}