{
    "mh1": 508.33687503606694,
    "mh2": 503.461859820128,
    "mhz": 495.94092537767574
}