{
    "mh1": 529.1136964223615,
    "mh2": 489.53837707296924,
    "mhz": 491.6924056018374
}