{
    "mh1": 515.9101608391609,
    "mh2": 521.5266879837202,
    "mhz": 534.198256993007
}