{
    "mh1": 506.45335450575624,
    "mh2": 504.04112126804284,
    "mhz": 492.5191022607993
}