{
    "mh1": 510.0873606468927,
    "mh2": 512.3623339935936,
    "mhz": 566.9293000401018
}