{
    "mh1": 507.30829917493156,
    "mh2": 517.8885805658414,
    "mhz": 489.4778228149698
}