{
    "mh1": 520.8301535223799,
    "mh2": 517.6674276005762,
    "mhz": 508.83968593013134
}