{
    "mh1": 513.6501405671237,
    "mh2": 534.2668691626354
}