{
    "mh1": 514.7067371034533,
    "mh2": 527.931821270966,
    "mhz": 455.43175039232244
}