{
    "mh1": 512.0077783756963,
    "mh2": 493.1906159638686
}