{
    "mh1": 513.649813628473,
    "mh2": 519.5352161576285,
    "mhz": 558.8605037218745
}