{
    "mh1": 512.0858332763671,
    "mh2": 516.5999621395368,
    "mhz": 435.5110461406867
}