{
    "mh1": 525.7916466364144,
    "mh2": 495.64423869327265,
    "mhz": 497.1081774495458
}