{
    "mh1": 526.1500888596577,
    "mh2": 493.98859342858344,
    "mhz": 496.0250048977764
}