{
    "mh1": 509.3151805435178,
    "mh2": 507.19643072449685,
    "mhz": 487.66698469780926
}