{
    "mh1": 511.8600852542009,
    "mh2": 495.0784568970031
}