{
    "mh1": 506.3004310625402,
    "mh2": 465.66645427788416,
    "mhz": 513.1780927443563
}