{
    "mh1": 515.9486428025607,
    "mh2": 517.0043643917392,
    "mhz": 587.1851810405724
}