{
    "mh1": 526.0199127995876,
    "mh2": 494.6782490777584,
    "mhz": 496.8657502791627
}