{
    "mh1": 513.2255052257499,
    "mh2": 514.6651744511257,
    "mhz": 543.7024123109838
}