{
    "mh1": 512.4241715372057,
    "mh2": 512.4432070757935,
    "mhz": 455.0926998697951
}