{
    "mh1": 527.2429102763215,
    "mh2": 489.233632010454,
    "mhz": 532.0757543464892
}