{
    "mh1": 507.3552425308758,
    "mh2": 500.8899279580044,
    "mhz": 488.1567665465679
}