{
    "mh1": 512.0448203706391,
    "mh2": 493.3702911864401
}