{
    "mh1": 513.4849607424393,
    "mh2": 513.7456308811697,
    "mhz": 513.2709982544452
}