{
    "mh1": 516.7851192967399,
    "mh2": 527.0537960264901,
    "mhz": 538.9469073711332
}