{
    "mh1": 527.7519103952802,
    "mh2": 531.8229803354482,
    "mhz": 531.5212345855015
}