{
    "mh1": 526.7470815717082,
    "mh2": 491.8658939894445,
    "mhz": 494.72640030071534
}