{
    "mh1": 511.1856472595436,
    "mh2": 494.5023013019219
}