{
    "mh1": 518.7032160673043,
    "mh2": 521.4300432199692,
    "mhz": 527.537374696137
}