{
    "mh1": 521.7609277159705,
    "mh2": 514.802336538559,
    "mhz": 512.6420653737816
}