{
    "mh1": 514.8673339924926,
    "mh2": 520.6894640041579,
    "mhz": 559.4784574468085
}