{
    "mh1": 515.9925274825112,
    "mh2": 523.4203955196108,
    "mhz": 533.1248200458447
}