{
    "mh1": 515.2074856736667,
    "mh2": 516.117761773281,
    "mhz": 550.5098155108398
}