{
    "mh1": 518.4242588216691,
    "mh2": 523.6495417744293,
    "mhz": 515.24041977135
}