{
    "mh1": 514.0273887620972,
    "mh2": 511.9449650144346,
    "mhz": 541.0494581828286
}