{
    "mh1": 517.0929774233691,
    "mh2": 541.9651794153685
}