{
    "mh1": 510.80373598609896,
    "mh2": 495.28847096525953
}