{
    "mh1": 511.46506720274493,
    "mh2": 517.0850877223756,
    "mhz": 539.2211549930189
}