{
    "mh1": 506.76923627926806,
    "mh2": 545.304829466033
}