{
    "mh1": 523.4908419911148,
    "mh2": 529.9189281841396,
    "mhz": 521.2866005526988
}