{
    "mh1": 517.2735693379473,
    "mh2": 522.7722155528878,
    "mhz": 518.3568620650888
}