{
    "mh1": 513.668873095666,
    "mh2": 517.7962665827697,
    "mhz": 593.629233514702
}