{
    "mh1": 512.4141284841844,
    "mh2": 493.0616107252917
}