{
    "mh1": 517.6473907344077,
    "mh2": 517.1083365382358,
    "mhz": 525.1991524582143
}