{
    "mh1": 531.1900465662846,
    "mh2": 526.7085402367601,
    "mhz": 527.5217352389911
}