{
    "mh1": 510.9246844805338,
    "mh2": 498.87716945436233
}