{
    "mh1": 517.9141397350877,
    "mh2": 519.9581248381611,
    "mhz": 531.7871599633281
}