{
    "mh1": 511.59259900008215,
    "mh2": 496.8000055920006
}