{
    "mh1": 507.4897818885224,
    "mh2": 502.0674204788367,
    "mhz": 491.33111269324655
}