{
    "mh1": 511.20282769602267,
    "mh2": 514.7632495482462,
    "mhz": 581.4634398897355
}