{
    "mh1": 517.3626083289737,
    "mh2": 513.6535562437667,
    "mhz": 512.4719987962116
}