{
    "mh1": 514.8933047922335,
    "mh2": 509.04183289338175,
    "mhz": 487.758887035745
}