{
    "mh1": 527.533295491889,
    "mh2": 492.9431390434613,
    "mhz": 494.9731352617365
}