{
    "mh1": 504.7388853032639,
    "mh2": 541.7009476903381
}