{
    "mh1": 512.1964578969969,
    "mh2": 516.0676219703489,
    "mhz": 429.4223769581021
}