{
    "mh1": 527.9441606707082,
    "mh2": 492.45367903617154,
    "mhz": 494.0635693957892
}