{
    "mh1": 523.5494627178958,
    "mh2": 527.1281211617879,
    "mhz": 519.9870624555404
}