{
    "mh1": 525.9187035414315,
    "mh2": 521.0062638618895,
    "mhz": 497.47488120199347
}