{
    "mh1": 525.7802348878847,
    "mh2": 528.9460418620513,
    "mhz": 497.5095948281926
}