{
    "mh1": 511.9734100144832,
    "mh2": 494.95783166412974
}