{
    "mh1": 505.9095196379293,
    "mh2": 503.59550126455844,
    "mhz": 490.6718710025868
}