{
    "mh1": 525.2073913681738,
    "mh2": 527.6364988378392,
    "mhz": 522.4755255509788
}