{
    "mh1": 517.4199509793787,
    "mh2": 514.8388204593382,
    "mhz": 482.43274067948454
}