{
    "mh1": 509.0945849614763,
    "mh2": 504.4885332268449,
    "mhz": 492.04506325389303
}