{
    "mh1": 513.0816917960008,
    "mh2": 520.6576878505791,
    "mhz": 560.41888215879
}