{
    "mh1": 507.0717905405405,
    "mh2": 528.5363175675676,
    "mhz": 449.36739864864865
}