{
    "mh1": 510.2317125290007,
    "mh2": 501.92422327011275,
    "mhz": 513.5582140971158
}