{
    "mh1": 524.1166965416361,
    "mh2": 495.33370691530035,
    "mhz": 497.3118852516522
}