{
    "mh1": 511.59221610773244,
    "mh2": 515.3795984979832,
    "mhz": 444.46810725490093
}