{
    "mh1": 531.5385498805231,
    "mh2": 527.8146423489845,
    "mhz": 529.3097172502517
}