{
    "mh1": 523.3213947079913,
    "mh2": 526.7176040727209,
    "mhz": 520.3337345805331
}