{
    "mh1": 519.3792133161251,
    "mh2": 502.593794211825,
    "mhz": 493.8001220655307
}