{
    "mh1": 517.7412001011577,
    "mh2": 533.7503083825471,
    "mhz": 450.96021402087814
}