{
    "mh1": 516.9528949655087,
    "mh2": 502.3468717112001,
    "mhz": 496.2200298795095
}