{
    "mh1": 526.9844759970998,
    "mh2": 494.01398356108905,
    "mhz": 495.624774444111
}