{
    "mh1": 506.01703264385844,
    "mh2": 503.5936851208044,
    "mhz": 489.2448031089443
}