{
    "mh1": 529.8959934051717,
    "mh2": 534.4219897249804,
    "mhz": 532.7591231806887
}