{
    "mh1": 510.53494397147,
    "mh2": 512.9852667710634,
    "mhz": 459.78202789137043
}