{
    "mh1": 516.2042674221343,
    "mh2": 548.9281851231262,
    "mhz": 513.0723999208845
}