{
    "mh1": 512.1428157026168,
    "mh2": 492.66213735111097
}