{
    "mh1": 516.9867218987124,
    "mh2": 503.08163597592363,
    "mhz": 491.93485987002435
}