{
    "mh1": 517.4890206446851,
    "mh2": 518.0239989261593,
    "mhz": 507.4019561784933
}