{
    "mh1": 524.7935458650624,
    "mh2": 495.58315394593836,
    "mhz": 497.0798548539775
}