{
    "mh1": 511.2152331084272,
    "mh2": 512.1931231540868,
    "mhz": 564.5296365409009
}