{
    "mh1": 508.2571546894713,
    "mh2": 537.0356573677332
}