{
    "mh1": 527.9447520694507,
    "mh2": 492.09728679858375,
    "mhz": 493.9917923056814
}