{
    "mh1": 514.354146711506,
    "mh2": 528.4875979032407,
    "mhz": 519.213493044255
}