{
    "mh1": 525.9736447797434,
    "mh2": 525.661941687635,
    "mhz": 520.9714825091351
}