{
    "mh1": 501.48599880176465,
    "mh2": 558.4581538830262
}