{
    "mh1": 519.0162695304305,
    "mh2": 542.1340993890904,
    "mhz": 583.6258383863816
}