{
    "mh1": 518.5544861167016,
    "mh2": 522.3313402559083,
    "mhz": 518.1228593112204
}