{
    "mh1": 515.2302878189039,
    "mh2": 512.498620041043,
    "mhz": 546.9684738310873
}