{
    "mh1": 524.727240398293,
    "mh2": 525.5203659226636,
    "mhz": 519.2879498970788
}