{
    "mh1": 511.5808772243427,
    "mh2": 518.6062483351326,
    "mhz": 419.6280269600541
}