{
    "mh1": 509.15290204556794,
    "mh2": 511.53020282264134,
    "mhz": 527.9995903598007
}