{
    "mh1": 523.3817563836706,
    "mh2": 527.173235427133,
    "mhz": 519.3844955125509
}