{
    "mh1": 517.8425157408948,
    "mh2": 528.5049412844712
}