{
    "mh1": 525.8760590736496,
    "mh2": 496.5644885553353,
    "mhz": 497.6998773366837
}