{
    "mh1": 511.6546462005254,
    "mh2": 496.0188843319251
}