{
    "mh1": 529.0662094890846,
    "mh2": 492.05203109571596,
    "mhz": 493.3491215612293
}