{
    "mh1": 519.0221699275153,
    "mh2": 548.7373619846261,
    "mhz": 446.87676624737946
}