{
    "mh1": 543.7909666425411,
    "mh2": 535.9677943647469
}