{
    "mh1": 545.3906230010392,
    "mh2": 517.9685098015849,
    "mhz": 517.9825801680295
}