{
    "mh1": 507.3051723926154,
    "mh2": 504.41393281534044,
    "mhz": 491.96836418128345
}