{
    "mh1": 512.9784285133661,
    "mh2": 516.4991033612367,
    "mhz": 584.0638591049672
}