{
    "mh1": 525.32780035758,
    "mh2": 496.22092347240755,
    "mhz": 497.6847196441705
}