{
    "mh1": 525.0015362998969,
    "mh2": 495.32912513145163,
    "mhz": 497.0484162785082
}