{
    "mh1": 517.4628461918892,
    "mh2": 504.4664977075416,
    "mhz": 492.30762540979066
}