{
    "mh1": 523.3548258770657,
    "mh2": 528.646501951424,
    "mhz": 523.657107888814
}