{
    "mh1": 523.7212107555428,
    "mh2": 527.7294884998283,
    "mhz": 521.5621077500233
}