{
    "mh1": 508.5766695493418,
    "mh2": 511.52019783783027,
    "mhz": 480.7005230717625
}