{
    "mh1": 524.1595837113882,
    "mh2": 548.416845883846
}