{
    "mh1": 523.1646766273554,
    "mh2": 541.0446057129867
}