{
    "mh1": 516.1201549570812,
    "mh2": 520.037702781963,
    "mhz": 517.1613705928735
}