{
    "mh1": 507.87580410928024,
    "mh2": 502.6004442401693,
    "mhz": 499.676239492494
}