{
    "mh1": 507.55813605007734,
    "mh2": 519.4775266367819,
    "mhz": 511.4597981837609
}