{
    "mh1": 520.9216668176466,
    "mh2": 550.1516147442227,
    "mhz": 578.2015798389361
}