{
    "mh1": 522.9485483239677,
    "mh2": 525.4667360938805,
    "mhz": 516.4869998706977
}