{
    "mh1": 521.6994753179202,
    "mh2": 522.9231012575264,
    "mhz": 513.6461919210279
}