{
    "mh1": 508.7335925330408,
    "mh2": 506.2715326399868,
    "mhz": 488.43164866681605
}