{
    "mh1": 505.93766344781625,
    "mh2": 503.6024167083216,
    "mhz": 491.9911348641615
}