{
    "mh1": 511.12726405082583,
    "mh2": 521.4775936025983,
    "mhz": 510.26223057130903
}