{
    "mh1": 518.912580802963,
    "mh2": 526.8458675909976,
    "mhz": 520.9333029338952
}