{
    "mh1": 510.85620814248114,
    "mh2": 517.1290538527593,
    "mhz": 422.5190589323634
}