{
    "mh1": 525.0321541943757,
    "mh2": 495.834793241908,
    "mhz": 497.1597014062497
}