{
    "mh1": 519.6923452051346,
    "mh2": 525.3526629494328,
    "mhz": 521.1627082619609
}