{
    "mh1": 514.4662834579635,
    "mh2": 496.17616995848533
}