{
    "mh1": 546.1951095496814,
    "mh2": 510.62680502744934,
    "mhz": 523.1832981570244
}