{
    "mh1": 524.5855774106128,
    "mh2": 568.5287812742058
}