{
    "mh1": 511.816115624123,
    "mh2": 495.9481375993871
}