{
    "mh1": 511.9704151940684,
    "mh2": 518.1585416586553,
    "mhz": 446.58559703292514
}