{
    "mh1": 514.6743570712881,
    "mh2": 518.4101387533352,
    "mhz": 594.3799504215651
}