{
    "mh1": 526.0688948019889,
    "mh2": 496.77909637806454,
    "mhz": 497.8406400134269
}