{
    "mh1": 532.5451051561947,
    "mh2": 498.09973095102464,
    "mhz": 525.5717046058152
}