{
    "mh1": 506.8829838829699,
    "mh2": 503.6967460671797,
    "mhz": 492.36067904390393
}