{
    "mh1": 509.4328461966261,
    "mh2": 505.17253311324043,
    "mhz": 508.94976937167576
}