{
    "mh1": 506.91150334243054,
    "mh2": 507.66896891527574,
    "mhz": 489.4027438283954
}