{
    "mh1": 522.2379097245007,
    "mh2": 528.3784016671234,
    "mhz": 568.7132834989573
}