{
    "mh1": 508.4847756354014,
    "mh2": 508.3999501645972,
    "mhz": 485.8491987730664
}