{
    "mh1": 529.3952862908656,
    "mh2": 525.369268976057,
    "mhz": 533.2762923837482
}