{
    "mh1": 518.1731287173666,
    "mh2": 516.2351569480666,
    "mhz": 514.5828375286042
}