{
    "mh1": 524.5946281193875,
    "mh2": 528.2482101239374,
    "mhz": 521.5004149290602
}