{
    "mh1": 518.4378066783831,
    "mh2": 519.7896151142355,
    "mhz": 516.4086172686324
}