{
    "mh1": 512.7503332512216,
    "mh2": 517.8021771830794,
    "mhz": 597.5473364407609
}