{
    "mh1": 505.0246675042944,
    "mh2": 519.3245219835985,
    "mhz": 490.57014887300477
}