{
    "mh1": 525.4274571616173,
    "mh2": 495.61210171071116,
    "mhz": 497.1533008793637
}