{
    "mh1": 524.295644233724,
    "mh2": 528.6534252540932,
    "mhz": 521.8270813870997
}