{
    "mh1": 506.87381786247846,
    "mh2": 504.61116087047793,
    "mhz": 491.90509394915324
}