{
    "mh1": 522.0178933469189,
    "mh2": 521.4904587295866,
    "mhz": 511.16990947403445
}