{
    "mh1": 518.4800482978671,
    "mh2": 550.5184159391622,
    "mhz": 585.4822972510152
}