{
    "mh1": 515.9946705322692,
    "mh2": 512.6285404040674,
    "mhz": 476.9141049163141
}