{
    "mh1": 516.3053606781094,
    "mh2": 512.9282786240735,
    "mhz": 476.1109505504106
}