{
    "mh1": 512.1340251417041,
    "mh2": 516.3345726557976,
    "mhz": 585.709506010098
}