{
    "mh1": 513.2774499955943,
    "mh2": 528.1304101110923,
    "mhz": 575.1379095295729
}