{
    "mh1": 514.2142830175858,
    "mh2": 519.1986450570442,
    "mhz": 592.710037525577
}