{
    "mh1": 517.9223854352744,
    "mh2": 524.2222101813414,
    "mhz": 520.2062254973074
}