{
    "mh1": 511.9735938298014,
    "mh2": 494.2896361829651
}