{
    "mh1": 510.7018511907262,
    "mh2": 500.2747248516413,
    "mhz": 509.2656772000931
}