{
    "mh1": 522.7444658384331,
    "mh2": 527.8577553129983,
    "mhz": 518.3953109450993
}