{
    "mh1": 519.7659545791496,
    "mh2": 542.947182032869,
    "mhz": 511.95302652904877
}