{
    "mh1": 513.7742467755158,
    "mh2": 518.8892555364363,
    "mhz": 540.7056503198294
}