{
    "mh1": 525.5720366341498,
    "mh2": 495.6169836479753,
    "mhz": 497.03217594217136
}