{
    "mh1": 526.5850951877724,
    "mh2": 492.5721428967045,
    "mhz": 495.1900618998879
}