{
    "mh1": 513.6609949619046,
    "mh2": 516.0255319436437,
    "mhz": 470.26044394801613
}