{
    "mh1": 527.9299719737754,
    "mh2": 486.3247074047859,
    "mhz": 490.31524497923056
}