{
    "mh1": 519.0818320888727,
    "mh2": 520.0723377352165,
    "mhz": 530.4678622715643
}