{
    "mh1": 515.0258248317778,
    "mh2": 512.5575490963947,
    "mhz": 585.5835175359036
}