{
    "mh1": 512.2816032362218,
    "mh2": 528.7830724888596,
    "mhz": 574.9132595956953
}