{
    "mh1": 515.8036872659283,
    "mh2": 512.193193263711,
    "mhz": 512.5295976847356
}