{
    "mh1": 508.5582699522741,
    "mh2": 510.199687938771,
    "mhz": 481.07077400606204
}