{
    "mh1": 516.8311312400906,
    "mh2": 518.5748119136247,
    "mhz": 579.1919830743682
}