{
    "mh1": 524.3672063854048,
    "mh2": 495.30112340628574,
    "mhz": 521.6947087004801
}