{
    "mh1": 511.39403766591965,
    "mh2": 494.12125559797306
}