{
    "mh1": 515.3186353173473,
    "mh2": 519.2748616853946,
    "mhz": 553.7294639666258
}