{
    "mh1": 515.6100327519287,
    "mh2": 536.5414448465831,
    "mhz": 476.60647434171705
}