{
    "mh1": 508.3708394847503,
    "mh2": 508.7449937377992,
    "mhz": 482.80297332092556
}