{
    "mh1": 514.3247716228752,
    "mh2": 519.284323823995,
    "mhz": 514.880367696145
}