{
    "mh1": 512.9175516569746,
    "mh2": 526.997315978409
}