{
    "mh1": 514.6209960814747,
    "mh2": 493.67256493683936
}