{
    "mh1": 522.3947885325207,
    "mh2": 527.917795476087,
    "mhz": 520.7760650214358
}