{
    "mh1": 518.9290935916172,
    "mh2": 522.764998342143,
    "mhz": 518.5625360736121
}