{
    "mh1": 513.2061677923925,
    "mh2": 521.2187027853321,
    "mhz": 459.0310714330148
}