{
    "mh1": 512.0717079120549,
    "mh2": 515.353092071924,
    "mhz": 441.71847652864375
}