{
    "mh1": 512.7883419874759,
    "mh2": 517.0840753667057,
    "mhz": 592.7551416307813
}