{
    "mh1": 510.8604749491575,
    "mh2": 495.4205404347659
}