{
    "mh1": 512.4479905729711,
    "mh2": 521.7808220630009,
    "mhz": 542.9062642405231
}