{
    "mh1": 527.7130852209266,
    "mh2": 488.6612039039407,
    "mhz": 491.80613559960295
}