{
    "mh1": 511.30746607484116,
    "mh2": 498.9157082149501
}