{
    "mh1": 507.318721937027,
    "mh2": 506.22891260828897,
    "mhz": 489.6288622484392
}