{
    "mh1": 525.1989267160907,
    "mh2": 528.9253825358915,
    "mhz": 523.6565252537978
}