{
    "mh1": 522.8488952145244,
    "mh2": 530.072701326751
}