{
    "mh1": 513.8066354020792,
    "mh2": 527.1388921057012,
    "mhz": 536.7011979145939
}