{
    "mh1": 516.4537358118401,
    "mh2": 522.9115239998944,
    "mhz": 561.5937796077078
}