{
    "mh1": 512.074275980153,
    "mh2": 491.3306620867205
}