{
    "mh1": 511.3036271880846,
    "mh2": 494.3631178132562
}