{
    "mh1": 518.1446636675994,
    "mh2": 520.2287535396008,
    "mhz": 531.748693554033
}