{
    "mh1": 527.5397161141497,
    "mh2": 488.23484676546207,
    "mhz": 491.761546518139
}