{
    "mh1": 515.0692873293284,
    "mh2": 516.181735739073,
    "mhz": 514.1013274668744
}