{
    "mh1": 522.4313408638989,
    "mh2": 554.1799352082816
}