{
    "mh1": 512.0784252824475,
    "mh2": 529.506295984512,
    "mhz": 535.858333524509
}