{
    "mh1": 506.38119421117955,
    "mh2": 518.7503299804288,
    "mhz": 491.07118661870123
}