{
    "mh1": 512.2507082425948,
    "mh2": 524.6848773207109,
    "mhz": 534.7404378380651
}