{
    "mh1": 510.5714460443848,
    "mh2": 518.0580955342574,
    "mhz": 113.27652910060306
}