{
    "mh1": 508.1752174955084,
    "mh2": 509.7102985709112,
    "mhz": 481.32730956013046
}