{
    "mh1": 525.9808420470612,
    "mh2": 496.43580712216016,
    "mhz": 497.31925138929716
}