{
    "mh1": 520.5427511438477,
    "mh2": 523.4803906484933,
    "mhz": 519.4015871378544
}