{
    "mh1": 515.8038928119483,
    "mh2": 551.2565348866322,
    "mhz": 512.2995756459005
}