{
    "mh1": 517.6856098127698,
    "mh2": 542.1146853342325,
    "mhz": 442.35738743365863
}