{
    "mh1": 513.0488762595536,
    "mh2": 514.2873964478617,
    "mhz": 554.259082618487
}