{
    "mh1": 511.23424453969193,
    "mh2": 528.7592567249861
}