{
    "mh1": 523.5258323484352,
    "mh2": 551.3215453722968
}