{
    "mh1": 522.6445667490707,
    "mh2": 541.0857429581959
}