{
    "mh1": 526.8790611420874,
    "mh2": 492.1718752762231,
    "mhz": 494.51840216947426
}