{
    "mh1": 515.1130194409525,
    "mh2": 545.470901687476
}