{
    "mh1": 525.822593111029,
    "mh2": 496.73847432082545,
    "mhz": 497.55388166086993
}