{
    "mh1": 528.2076562281276,
    "mh2": 496.1053883133015,
    "mhz": 526.9653475609864
}