{
    "mh1": 505.0698134821046,
    "mh2": 557.1886558183194
}