{
    "mh1": 564.5526318100158,
    "mh2": 534.4122695207295
}