{
    "mh1": 512.4232265500303,
    "mh2": 525.245356903924,
    "mhz": 457.08349806508454
}