{
    "mh1": 514.7737033302872,
    "mh2": 511.9317850615243,
    "mhz": 547.8304091421383
}