{
    "mh1": 523.4776036625431,
    "mh2": 527.1848157071096,
    "mhz": 521.1098552890245
}