{
    "mh1": 527.4195080359026,
    "mh2": 489.80174516149737,
    "mhz": 531.3681066808467
}