{
    "mh1": 503.7185282018981,
    "mh2": 549.5699373215343
}