{
    "mh1": 512.2128723350285,
    "mh2": 517.1579808203093,
    "mhz": 435.02538048891296
}