{
    "mh1": 529.0619610336659,
    "mh2": 524.4415898636136,
    "mhz": 557.6419677914166
}