{
    "mh1": 511.9549385009269,
    "mh2": 490.01641021323945
}