{
    "mh1": 516.8086392113926,
    "mh2": 528.3178651451519,
    "mhz": 524.8037111440975
}