{
    "mh1": 548.9100281784683,
    "mh2": 498.22759149912076,
    "mhz": 529.9022277227723
}