{
    "mh1": 532.6669907391522,
    "mh2": 508.1618234639257,
    "mhz": 529.436112111906
}