{
    "mh1": 527.1257308357177,
    "mh2": 490.52605489417414,
    "mhz": 493.21498287072643
}