{
    "mh1": 512.182272490007,
    "mh2": 495.1156945174286
}