{
    "mh1": 526.1692081075332,
    "mh2": 484.78834235051346,
    "mhz": 489.53524867510964
}