{
    "mh1": 517.9407505694986,
    "mh2": 538.2137147377695,
    "mhz": 572.6612558996719
}