{
    "mh1": 515.32651698464,
    "mh2": 537.4668470573765,
    "mhz": 574.7565391116718
}