{
    "mh1": 517.1434130769728,
    "mh2": 516.6281819641483,
    "mhz": 549.4030210755545
}