{
    "mh1": 518.2009632348353,
    "mh2": 504.1198615113491,
    "mhz": 531.6643213172783
}