{
    "mh1": 514.5664082375206,
    "mh2": 517.6452416441864,
    "mhz": 582.9627679805731
}