{
    "mh1": 514.6681029385028,
    "mh2": 526.4622054618862
}