{
    "mh1": 523.1853803427583,
    "mh2": 524.4593467710511,
    "mhz": 519.8448985592473
}