{
    "mh1": 520.196556851959,
    "mh2": 537.2562177529194
}