{
    "mh1": 526.6582827102394,
    "mh2": 493.2476412569902,
    "mhz": 512.2922784021619
}