{
    "mh1": 523.2982111675451,
    "mh2": 527.8548237920587,
    "mhz": 519.7375624146625
}