{
    "mh1": 527.4014522676126,
    "mh2": 489.98977837368875,
    "mhz": 492.78206170822847
}