{
    "mh1": 508.43705434539453,
    "mh2": 513.0588715385489,
    "mhz": 476.8697506968778
}