{
    "mh1": 507.8448197499894,
    "mh2": 511.91667518118305,
    "mhz": 478.9801376885378
}