{
    "mh1": 505.01934811389555,
    "mh2": 501.9906591090738,
    "mhz": 492.81799595651506
}