{
    "mh1": 506.68916423374105,
    "mh2": 535.0603616828304,
    "mhz": 456.79478549273716
}