{
    "mh1": 508.83656741209586,
    "mh2": 519.3145849143041,
    "mhz": 456.5423188010518
}