{
    "mh1": 523.8153628540156,
    "mh2": 541.4986281160863
}