{
    "mh1": 511.2188222325264,
    "mh2": 517.1068423253722,
    "mhz": 431.8080921194221
}