{
    "mh1": 518.3017615027018,
    "mh2": 544.2049667630437,
    "mhz": 446.08820189583065
}