{
    "mh1": 511.2555433978052,
    "mh2": 561.5707450072941,
    "mhz": 516.512431136472
}