{
    "mh1": 518.5939837006115,
    "mh2": 551.7664671496099,
    "mhz": 431.5826543437561
}