{
    "mh1": 563.2782953839628,
    "mh2": 569.7876976913288
}