{
    "mh1": 523.4265985324947,
    "mh2": 529.1695213137666,
    "mhz": 520.4556646674785
}