{
    "mh1": 510.0418663131903,
    "mh2": 502.96464944984996,
    "mhz": 509.1266779007932
}