{
    "mh1": 515.9435861750636,
    "mh2": 514.2593967347025,
    "mhz": 476.24258859073075
}