{
    "mh1": 506.45807856191976,
    "mh2": 519.6214910622434,
    "mhz": 532.2871278945443
}