{
    "mh1": 525.2881864827361,
    "mh2": 495.50320573225576,
    "mhz": 497.3028188271639
}