{
    "mh1": 506.94649137366235,
    "mh2": 505.4567311975988,
    "mhz": 490.0974122629247
}