{
    "mh1": 520.3960932872267,
    "mh2": 522.2977348936117
}