{
    "mh1": 514.4533664039545,
    "mh2": 525.1776389830627,
    "mhz": 533.7830520381522
}