{
    "mh1": 518.9094372602012,
    "mh2": 517.7625507188119,
    "mhz": 548.5287815487984
}