{
    "mh1": 518.8384742659549,
    "mh2": 522.6799978696521,
    "mhz": 531.0840694637786
}