{
    "mh1": 511.93007648049394,
    "mh2": 493.0513696227223
}