{
    "mh1": 508.3892631431523,
    "mh2": 508.8051210498397,
    "mhz": 487.643179765131
}