{
    "mh1": 511.3788113395691,
    "mh2": 494.38228302357186
}