{
    "mh1": 511.3393276502732,
    "mh2": 499.5380292231183,
    "mhz": 509.25951954619535
}