{
    "mh1": 521.4927301759989,
    "mh2": 533.8135664316027
}