{
    "mh1": 508.07227667427156,
    "mh2": 511.65140568099054,
    "mhz": 479.6213529481379
}