{
    "mh1": 521.5080014834407,
    "mh2": 520.5462536801944,
    "mhz": 511.10650040847315
}