{
    "mh1": 527.1717952309799,
    "mh2": 490.19283756203953,
    "mhz": 493.084351999751
}