{
    "mh1": 522.2736990876151,
    "mh2": 541.8103966357085
}