{
    "mh1": 511.9599178285764,
    "mh2": 489.8318236414084
}