{
    "mh1": 517.74641226981,
    "mh2": 535.5977173717246,
    "mhz": 460.4472178841684
}