{
    "mh1": 518.257441111413,
    "mh2": 522.1916306476369,
    "mhz": 530.5540802588837
}