{
    "mh1": 524.5128945238266,
    "mh2": 529.0526061826688,
    "mhz": 523.0678326727636
}