{
    "mh1": 518.7563959044854,
    "mh2": 521.976185348855,
    "mhz": 493.7633840617497
}