{
    "mh1": 509.95230100471457,
    "mh2": 519.2451261869415,
    "mhz": 622.3923969748959
}