{
    "mh1": 522.4834972061421,
    "mh2": 549.3824060973283
}