{
    "mh1": 510.76772605880956,
    "mh2": 500.44755432977837,
    "mhz": 509.13792639381427
}