{
    "mh1": 522.9804073833951,
    "mh2": 524.8844132530512,
    "mhz": 519.8303761212575
}