{
    "mh1": 514.70215447986,
    "mh2": 493.94678122685156
}