{
    "mh1": 531.9381928422711,
    "mh2": 527.0165859817505,
    "mhz": 528.8520994749115
}