{
    "mh1": 510.8192391093529,
    "mh2": 498.73468728049176
}