{
    "mh1": 517.5500253660584,
    "mh2": 516.2228928203433,
    "mhz": 530.1794806753355
}