{
    "mh1": 523.2675384305757,
    "mh2": 526.926470614428,
    "mhz": 520.1356942871188
}