{
    "mh1": 511.1570833672685,
    "mh2": 495.66274081405373
}