{
    "mh1": 512.1677014596629,
    "mh2": 516.0504002050667,
    "mhz": 581.9370516777676
}