{
    "mh1": 508.1021946155261,
    "mh2": 510.906869779593,
    "mhz": 481.6651954205054
}