{
    "mh1": 523.1525546176283,
    "mh2": 494.06935424675,
    "mhz": 500.71414111756707
}