{
    "mh1": 512.0531730393977,
    "mh2": 528.9268963600471,
    "mhz": 519.0218098127978
}