{
    "mh1": 515.0013970457377,
    "mh2": 512.4476389800977,
    "mhz": 545.2933989681383
}