{
    "mh1": 525.3876596255529,
    "mh2": 550.1070298473767
}