{
    "mh1": 528.0567860690253,
    "mh2": 486.15111838516094,
    "mhz": 490.0750001748582
}