{
    "mh1": 536.0169032029476,
    "mh2": 516.8143584421161,
    "mhz": 553.3351145789525
}