{
    "mh1": 504.87183123653347,
    "mh2": 555.9999964658505
}