{
    "mh1": 506.24605165122307,
    "mh2": 503.5572454731643,
    "mhz": 489.0058801306851
}