{
    "mh1": 507.4397066127554,
    "mh2": 531.819689907567
}