{
    "mh1": 527.2708746986243,
    "mh2": 489.01601199836193,
    "mhz": 491.8838633732629
}