{
    "mh1": 515.4958604524472,
    "mh2": 538.262522605276
}