{
    "mh1": 507.20337895038796,
    "mh2": 505.14272520875824,
    "mhz": 490.1784038872583
}