{
    "mh1": 515.3471234212566,
    "mh2": 537.0696885790487,
    "mhz": 583.1429779849158
}