{
    "mh1": 512.2357317613313,
    "mh2": 490.4658516094334,
    "mhz": 509.21039125842105
}