{
    "mh1": 521.5162271432991,
    "mh2": 519.3118084663816,
    "mhz": 509.4267625476754
}