{
    "mh1": 518.9653144633198,
    "mh2": 548.9552588428203,
    "mhz": 575.4441498008971
}