{
    "mh1": 515.9362998373235,
    "mh2": 513.0352146529151,
    "mhz": 509.24730682158764
}