{
    "mh1": 521.126409357713,
    "mh2": 525.046852759279,
    "mhz": 519.650414886654
}