{
    "mh1": 516.1216867912449,
    "mh2": 519.7000549241033,
    "mhz": 535.9540682460608
}