{
    "mh1": 514.0768266742298,
    "mh2": 518.2642530856648,
    "mhz": 594.4713421972962
}