{
    "mh1": 518.2718634186226,
    "mh2": 544.2018309971824,
    "mhz": 582.082227697077
}