{
    "mh1": 533.5478266795031,
    "mh2": 499.8249633949882,
    "mhz": 527.3674404707823
}