{
    "mh1": 514.6768835848416,
    "mh2": 514.8289637468991,
    "mhz": 469.11321481528387
}