{
    "mh1": 507.37316958953556,
    "mh2": 506.5023344406287,
    "mhz": 489.5429538076221
}