{
    "mh1": 516.8738754363161,
    "mh2": 514.6719109410485,
    "mhz": 549.1141882282925
}