{
    "mh1": 512.6607657811828,
    "mh2": 568.8033002141628
}