{
    "mh1": 512.293422292625,
    "mh2": 516.989701843003,
    "mhz": 600.5802100890292
}