{
    "mh1": 522.5651951728353,
    "mh2": 536.6494134588368,
    "mhz": 521.2669814766684
}