{
    "mh1": 518.6169568066771,
    "mh2": 523.5220035178511,
    "mhz": 493.8858076423285
}