{
    "mh1": 512.1643487551828,
    "mh2": 494.30472379946457
}