{
    "mh1": 508.83770766560764,
    "mh2": 504.6522712004367,
    "mhz": 492.4383598790746
}