{
    "mh1": 509.540213886538,
    "mh2": 505.2212812908731,
    "mhz": 508.9141811988648
}