{
    "mh1": 523.067083078979,
    "mh2": 525.7553436369615,
    "mhz": 518.8971121722552
}