{
    "mh1": 525.6490164902876,
    "mh2": 494.8598855299717,
    "mhz": 527.22768691384
}