{
    "mh1": 527.8356926967139,
    "mh2": 489.27645177897864,
    "mhz": 492.1495257057502
}