{
    "mh1": 527.9916889010428,
    "mh2": 487.5252480086325,
    "mhz": 490.934867160492
}