{
    "mh1": 518.431408778509,
    "mh2": 523.514893725684,
    "mhz": 530.8186606937661
}