{
    "mh1": 511.02137768468833,
    "mh2": 496.6625470657256
}