{
    "mh1": 527.7508300993317,
    "mh2": 487.402343195888,
    "mhz": 491.1097908453923
}