{
    "mh1": 517.9060783063296,
    "mh2": 523.1101245486448,
    "mhz": 495.5891654855489
}