{
    "mh1": 527.7921770785789,
    "mh2": 487.1998262636376,
    "mhz": 490.91362521233896
}