{
    "mh1": 521.8515246100985,
    "mh2": 526.9649546998667,
    "mhz": 524.9971862152828
}