{
    "mh1": 526.969847249404,
    "mh2": 496.9223786016875,
    "mhz": 497.34317533728137
}