{
    "mh1": 525.8835638515557,
    "mh2": 524.9035116787356,
    "mhz": 520.388290195411
}