{
    "mh1": 515.7481687500998,
    "mh2": 529.7717445515489,
    "mhz": 521.4986759433459
}