{
    "mh1": 518.1298330956974,
    "mh2": 518.1284048596295,
    "mhz": 549.0066415170825
}