{
    "mh1": 512.9625815304527,
    "mh2": 519.6212533230149,
    "mhz": 558.3849897715345
}