{
    "mh1": 515.7810639691945,
    "mh2": 513.126725599843,
    "mhz": 476.88487728991953
}