{
    "mh1": 512.1531489384287,
    "mh2": 510.61164268052505,
    "mhz": 511.5551037094837
}