{
    "mh1": 508.723401397931,
    "mh2": 510.3941856332953,
    "mhz": 480.23304890394826
}