{
    "mh1": 520.5769263697882,
    "mh2": 528.4937655511756
}