{
    "mh1": 552.7125722553453,
    "mh2": 519.0421951176892,
    "mhz": 525.3679855731677
}