{
    "mh1": 514.6256974127543,
    "mh2": 519.2897984224364,
    "mhz": 598.6787366959741
}