{
    "mh1": 524.6908724349141,
    "mh2": 527.042928397348,
    "mhz": 522.2626175098139
}