{
    "mh1": 517.0064615120534,
    "mh2": 513.0947800224899,
    "mhz": 543.2217746031857
}