{
    "mh1": 523.0472730016724,
    "mh2": 493.06549347802815,
    "mhz": 521.4298597510898
}