{
    "mh1": 523.3584948182727,
    "mh2": 526.9184356956298,
    "mhz": 518.3011451882005
}