{
    "mh1": 514.6448578573262,
    "mh2": 493.88520395602234
}