{
    "mh1": 511.55723046153685,
    "mh2": 496.00439329805994
}