{
    "mh1": 506.4066162494297,
    "mh2": 519.7133912700328,
    "mhz": 491.89287847263205
}