{
    "mh1": 518.8476123780852,
    "mh2": 542.7369423142572
}