{
    "mh1": 523.2191417171662,
    "mh2": 529.3858782428078,
    "mhz": 521.4291000356778
}