{
    "mh1": 510.30700599703823,
    "mh2": 519.0983692931386,
    "mhz": 509.120754512212
}