{
    "mh1": 507.2033107555869,
    "mh2": 503.06396416565195,
    "mhz": 491.95722951980355
}