{
    "mh1": 520.0002735618464,
    "mh2": 542.8670772097058,
    "mhz": 512.2891832190383
}