{
    "mh1": 508.58109293199516,
    "mh2": 511.4341602208183,
    "mhz": 521.839992063028
}