{
    "mh1": 514.6226705903734,
    "mh2": 531.2912194780662
}