{
    "mh1": 511.9847710166165,
    "mh2": 517.2879179673207,
    "mhz": 443.99003696556935
}