{
    "mh1": 512.2411004656979,
    "mh2": 516.4877095815743,
    "mhz": 596.8998719864576
}