{
    "mh1": 554.4117536908177,
    "mh2": 532.2837301141681,
    "mhz": 920.7497148465228
}