{
    "mh1": 515.2037303661461,
    "mh2": 535.227613735494,
    "mhz": 571.2101915991027
}