{
    "mh1": 500.7391440322316,
    "mh2": 465.0155444126074
}