{
    "mh1": 511.9389827835458,
    "mh2": 492.83447993074856
}