{
    "mh1": 507.15284457808417,
    "mh2": 518.8908805712384,
    "mhz": 531.7182017756198
}