{
    "mh1": 512.4676771872864,
    "mh2": 516.9714052709866,
    "mhz": 594.9253398472722
}