{
    "mh1": 524.5070544907084,
    "mh2": 557.4611998311583
}