{
    "mh1": 527.6899703829733,
    "mh2": 515.482474149617,
    "mhz": 533.2827226368845
}