{
    "mh1": 511.26547131004185,
    "mh2": 491.05134609027806
}