{
    "mh1": 519.4577727723439,
    "mh2": 526.0969774973594,
    "mhz": 571.3349217035488
}