{
    "mh1": 517.3482191383429,
    "mh2": 518.5601582597025,
    "mhz": 516.4183941309902
}