{
    "mh1": 518.1420072620728,
    "mh2": 518.8709729865807,
    "mhz": 515.7449437161173
}