{
    "mh1": 511.01314535700936,
    "mh2": 495.47654846136567
}