{
    "mh1": 523.1232152736917,
    "mh2": 528.2738036273198,
    "mhz": 518.2545701077717
}