{
    "mh1": 516.0948408550071,
    "mh2": 541.2769756080478,
    "mhz": 588.4398923513045
}