{
    "mh1": 514.0041751390402,
    "mh2": 538.5796912646383
}