{
    "mh1": 515.1616281808153,
    "mh2": 523.3386643812573,
    "mhz": 533.793758023817
}