{
    "mh1": 525.4886396505209,
    "mh2": 496.00637393767704,
    "mhz": 497.2501367346366
}