{
    "mh1": 505.7911556487939,
    "mh2": 503.0877508099414,
    "mhz": 492.463325989644
}