{
    "mh1": 506.5140146714155,
    "mh2": 546.6614538708284,
    "mhz": 437.59638532889613
}