{
    "mh1": 525.9471288906904,
    "mh2": 494.6495408740863,
    "mhz": 496.55473172231615
}