{
    "mh1": 517.6515606193163,
    "mh2": 525.322423394513,
    "mhz": 548.2606393568077
}