{
    "mh1": 512.8585774372136,
    "mh2": 512.9884963793572,
    "mhz": 469.11579769686
}