{
    "mh1": 516.6156058853906,
    "mh2": 515.55309428719,
    "mhz": 474.29453041675526
}