{
    "mh1": 515.9666308916755,
    "mh2": 518.6328080674655,
    "mhz": 557.2811587839617
}