{
    "mh1": 510.4848028511032,
    "mh2": 517.780781809034,
    "mhz": 415.9989832640369
}