{
    "mh1": 511.9603823767761,
    "mh2": 491.8865153350291
}