{
    "mh1": 515.7285497184178,
    "mh2": 541.8841473120888,
    "mhz": 443.8083165164995
}