{
    "mh1": 506.27232061652455,
    "mh2": 538.2799239954754
}