{
    "mh1": 511.7106821840095,
    "mh2": 513.3741676366649,
    "mhz": 428.2002163632106
}