{
    "mh1": 532.4559645163246,
    "mh2": 525.8761093026324,
    "mhz": 558.0524086516435
}