{
    "mh1": 514.4162421109997,
    "mh2": 515.1357884262418,
    "mhz": 471.8595822493751
}