{
    "mh1": 510.86089182657435,
    "mh2": 495.08512467755804
}