{
    "mh1": 506.5100302618306,
    "mh2": 504.7970035654311,
    "mhz": 532.7761460878589
}