{
    "mh1": 523.2993187989433,
    "mh2": 520.0722329016061,
    "mhz": 514.1801320746789
}