{
    "mh1": 526.628685352287,
    "mh2": 492.95160438838155,
    "mhz": 495.455883998182
}