{
    "mh1": 512.156360631695,
    "mh2": 515.800278587205,
    "mhz": 442.7618288256521
}