{
    "mh1": 519.0265944051541,
    "mh2": 528.6072945989894,
    "mhz": 528.868455702223
}