{
    "mh1": 520.6156543244523,
    "mh2": 536.3894073073617,
    "mhz": 578.4237083911387
}