{
    "mh1": 524.975304731827,
    "mh2": 555.0548624872167
}