{
    "mh1": 526.9506947468784,
    "mh2": 532.9963171713008,
    "mhz": 516.1243400466672
}