{
    "mh1": 507.4051730163057,
    "mh2": 505.29703048146564,
    "mhz": 490.10764875986126
}