{
    "mh1": 516.4523484322508,
    "mh2": 514.4276767726229,
    "mhz": 475.92450787676984
}