{
    "mh1": 517.0191490328489,
    "mh2": 534.2446242572527,
    "mhz": 450.83883511094723
}