{
    "mh1": 526.6485302634119,
    "mh2": 492.88208980892614,
    "mhz": 495.0027288744753
}