{
    "mh1": 511.5678319259015,
    "mh2": 517.6468578817239,
    "mhz": 454.5789335746809
}