{
    "mh1": 522.8962939790704,
    "mh2": 527.5819130939316,
    "mhz": 518.9219796927702
}