{
    "mh1": 524.7786140838721,
    "mh2": 527.0865189375195,
    "mhz": 521.0622391439872
}