{
    "mh1": 523.7921592028657,
    "mh2": 529.9562721041294,
    "mhz": 523.1149203427084
}