{
    "mh1": 527.2077094974029,
    "mh2": 568.3481622822878
}