{
    "mh1": 517.6449267904045,
    "mh2": 542.687150156566,
    "mhz": 514.3464996292929
}