{
    "mh1": 529.3141845601613,
    "mh2": 523.3793502727226,
    "mhz": 521.2650074388052
}