{
    "mh1": 505.6683379025634,
    "mh2": 502.8506853382596,
    "mhz": 492.7297871167488
}