{
    "mh1": 525.2413723793793,
    "mh2": 526.6140425695539,
    "mhz": 521.8698735124119
}