{
    "mh1": 511.7579549054302,
    "mh2": 518.8891471335138,
    "mhz": 421.11581084392174
}