{
    "mh1": 515.7724063920637,
    "mh2": 540.1148764505286,
    "mhz": 579.9456262420235
}