{
    "mh1": 510.3878855874652,
    "mh2": 518.1436950300612,
    "mhz": 427.98964357225873
}