{
    "mh1": 512.3096985071543,
    "mh2": 517.8234732857838,
    "mhz": 605.6202557795499
}