{
    "mh1": 508.46524994606614,
    "mh2": 521.8545530125109,
    "mhz": 528.0558265411539
}