{
    "mh1": 516.0750089972362,
    "mh2": 529.217105021794,
    "mhz": 467.4027511844698
}