{
    "mh1": 524.3627122737686,
    "mh2": 528.1893204987967,
    "mhz": 522.9198265934397
}