{
    "mh1": 519.0994776556672,
    "mh2": 512.7178013725791,
    "mhz": 530.8143886279967
}