{
    "mh1": 526.7226236886872,
    "mh2": 514.0174404284087,
    "mhz": 494.8164374822796
}