{
    "mh1": 517.9623791128046,
    "mh2": 515.9428343637967,
    "mhz": 460.61971345151716
}