{
    "mh1": 522.090716513519,
    "mh2": 524.6804063129617,
    "mhz": 552.1027331271234
}