{
    "mh1": 518.6608640788907,
    "mh2": 513.202625942407,
    "mhz": 547.5685453904547
}