{
    "mh1": 513.5130880081628,
    "mh2": 515.2866796430276,
    "mhz": 545.9071472994976
}