{
    "mh1": 523.2382652159998,
    "mh2": 529.2989887789795,
    "mhz": 519.9169843857121
}