{
    "mh1": 518.822858650766,
    "mh2": 527.9652836771579
}