{
    "mh1": 514.0246623605402,
    "mh2": 513.5558515020045,
    "mhz": 487.177561999793
}