{
    "mh1": 523.3012307322507,
    "mh2": 537.0443530302432
}