{
    "mh1": 524.6617663678809,
    "mh2": 528.8499408430309,
    "mhz": 522.4224259258932
}