{
    "mh1": 536.1190546487514,
    "mh2": 528.8085877309145,
    "mhz": 481.1370513947098
}