{
    "mh1": 511.3540826549556,
    "mh2": 512.1927884304295
}