{
    "mh1": 517.106563005023,
    "mh2": 535.3859410050525,
    "mhz": 577.1973354809743
}