{
    "mh1": 517.1962265360413,
    "mh2": 504.572428762462,
    "mhz": 491.98273884987395
}