{
    "mh1": 513.1451223091891,
    "mh2": 516.0440890851216,
    "mhz": 440.26253526077596
}