{
    "mh1": 512.4498967196184,
    "mh2": 515.851453774826,
    "mhz": 464.589363140657
}