{
    "mh1": 507.3406688971729,
    "mh2": 506.34435424595927,
    "mhz": 489.2898129904248
}