{
    "mh1": 525.5692011696588,
    "mh2": 528.70824672715,
    "mhz": 497.4776870144607
}