{
    "mh1": 517.3594738619454,
    "mh2": 544.9523265242506,
    "mhz": 444.7559800800065
}