{
    "mh1": 502.5579636973498,
    "mh2": 568.7830871882857
}