{
    "mh1": 507.0696927662221,
    "mh2": 513.7005651691577,
    "mhz": 482.486369623933
}