{
    "mh1": 509.30572452295644,
    "mh2": 510.8487586250913,
    "mhz": 475.74049845230877
}