{
    "mh1": 517.9056780680381,
    "mh2": 517.6945514211047,
    "mhz": 515.1142632139523
}