{
    "mh1": 517.1280523194831,
    "mh2": 533.8157432852937,
    "mhz": 525.2849258600133
}