{
    "mh1": 522.0592976567536,
    "mh2": 526.6344649623618,
    "mhz": 517.98353050824
}