{
    "mh1": 531.4769082267683,
    "mh2": 498.88634859707895,
    "mhz": 526.87304639632
}