{
    "mh1": 519.8099793219994,
    "mh2": 565.9647465111275,
    "mhz": 517.0066161909493
}