{
    "mh1": 515.4494070176004,
    "mh2": 513.376557919859,
    "mhz": 476.6539608253481
}