{
    "mh1": 500.9512322544009,
    "mh2": 453.62964703744535
}