{
    "mh1": 509.4576267302227,
    "mh2": 546.4303607081765
}