{
    "mh1": 516.822039736028,
    "mh2": 520.8915786613849,
    "mhz": 533.1480354488599
}