{
    "mh1": 512.8363188922085,
    "mh2": 511.6466220268017,
    "mhz": 515.5393528698529
}