{
    "mh1": 512.9856422930964,
    "mh2": 494.3425667834215
}