{
    "mh1": 506.5606365999521,
    "mh2": 502.89131996706504,
    "mhz": 491.15768532859704
}