{
    "mh1": 517.3153470171969,
    "mh2": 520.7971845259774,
    "mhz": 533.1333101085758
}