{
    "mh1": 512.5819629583671,
    "mh2": 513.1069075785906,
    "mhz": 458.7662297046794
}