{
    "mh1": 518.2986995043566,
    "mh2": 519.5782413577202,
    "mhz": 531.8187106274769
}