{
    "mh1": 523.3194229508197,
    "mh2": 527.2299260818852,
    "mhz": 521.0504236065574
}