{
    "mh1": 522.325717954971,
    "mh2": 561.8429340872834,
    "mhz": 515.8709066253595
}