{
    "mh1": 516.89341162439,
    "mh2": 513.2558718182634,
    "mhz": 479.9227875953167
}