{
    "mh1": 523.9727407417761,
    "mh2": 530.0165997215034,
    "mhz": 523.1461730112028
}