{
    "mh1": 537.9642337812505,
    "mh2": 552.3881058789109,
    "mhz": 581.5450815795282
}