{
    "mh1": 523.9813051814243,
    "mh2": 537.6428180157128
}