{
    "mh1": 525.1254473199302,
    "mh2": 526.4974145126772,
    "mhz": 520.7123763259849
}