{
    "mh1": 511.9401232761492,
    "mh2": 490.8453469924134
}