{
    "mh1": 517.601595748398,
    "mh2": 512.2597248767465,
    "mhz": 530.0647268470798
}