{
    "mh1": 515.453361026434,
    "mh2": 513.0375376788808,
    "mhz": 476.1067566620267
}