{
    "mh1": 514.1462638053963,
    "mh2": 518.0873452184155,
    "mhz": 550.2805413972117
}