{
    "mh1": 521.9757189532139,
    "mh2": 520.463153137628,
    "mhz": 511.80224133868376
}