{
    "mh1": 522.5843948065815,
    "mh2": 523.7374746894685,
    "mhz": 513.9308130264054
}