{
    "mh1": 526.0700434497735,
    "mh2": 494.1814343219474,
    "mhz": 496.33560614938796
}