{
    "mh1": 511.9174787049113,
    "mh2": 490.7576227343439
}