{
    "mh1": 522.501718916121,
    "mh2": 494.27272520616356,
    "mhz": 498.4344490763732
}