{
    "mh1": 548.8402202769457,
    "mh2": 527.4585897792867,
    "mhz": 532.2519302371968
}