{
    "mh1": 509.876190659828,
    "mh2": 515.5268168757447,
    "mhz": 579.2034449053378
}