{
    "mh1": 512.2228142076503,
    "mh2": 529.1525910852015,
    "mhz": 534.3621099385012
}