{
    "mh1": 514.9442204082413,
    "mh2": 512.7864157385734,
    "mhz": 475.98197268821116
}