{
    "mh1": 515.0044311288127,
    "mh2": 512.2732222332463,
    "mhz": 475.4980191915183
}