{
    "mh1": 505.1055168925976,
    "mh2": 523.5625240498257,
    "mhz": 493.95295561989224
}