{
    "mh1": 503.6867736038338,
    "mh2": 458.3816563341682,
    "mhz": 515.9806821121217
}