{
    "mh1": 504.7736360978601,
    "mh2": 501.54857094827804
}