{
    "mh1": 529.8818198158826,
    "mh2": 490.3136346494768,
    "mhz": 491.9198631814713
}