{
    "mh1": 517.1826035096922,
    "mh2": 523.1840923910993,
    "mhz": 520.1011432522969
}