{
    "mh1": 517.1197736079951,
    "mh2": 518.9090298604543,
    "mhz": 545.6136931648417
}