{
    "mh1": 522.7855819055858,
    "mh2": 525.4386337001368,
    "mhz": 515.2140200536214
}