{
    "mh1": 512.9627581709201,
    "mh2": 516.6522133867086,
    "mhz": 489.91294090841376
}