{
    "mh1": 514.8890288985949,
    "mh2": 512.0381397594125,
    "mhz": 477.14170430646635
}