{
    "mh1": 501.77379563114937,
    "mh2": 568.2948318760964
}