{
    "mh1": 512.0349447732101,
    "mh2": 492.41458300773877
}