{
    "mh1": 511.50132617188865,
    "mh2": 517.8063991389538,
    "mhz": 425.1951643113739
}