{
    "mh1": 511.3294240451922,
    "mh2": 516.5005227960113,
    "mhz": 526.0422455896594
}