{
    "mh1": 508.31658417315583,
    "mh2": 502.66395366351753,
    "mhz": 499.64296135422234
}