{
    "mh1": 507.80692031208906,
    "mh2": 509.03737867141695,
    "mhz": 482.165197983
}