{
    "mh1": 503.38545047387015,
    "mh2": 514.1540099474591,
    "mhz": 527.8825408204185
}