{
    "mh1": 524.1665274844905,
    "mh2": 526.8454765471937,
    "mhz": 522.2147280925253
}