{
    "mh1": 516.0805156732827,
    "mh2": 515.1439222429015,
    "mhz": 507.91703544567713
}