{
    "mh1": 513.1644766961527,
    "mh2": 518.9123132758258,
    "mhz": 600.9124817440182
}