{
    "mh1": 505.92485101217267,
    "mh2": 503.76263401033077,
    "mhz": 490.8889170704403
}