{
    "mh1": 512.229746716401,
    "mh2": 515.0513769805502,
    "mhz": 446.95269895304534
}