{
    "mh1": 508.04922400312046,
    "mh2": 502.56003499737875,
    "mhz": 495.9966094113437
}