{
    "mh1": 508.18332473302604,
    "mh2": 537.7237073279996
}