{
    "mh1": 523.094711473052,
    "mh2": 528.6792368431288,
    "mhz": 520.7797879351684
}