{
    "mh1": 533.0344470013849,
    "mh2": 517.371262594998,
    "mhz": 551.2472376342714
}