{
    "mh1": 511.8809199518134,
    "mh2": 493.0140871420079
}