{
    "mh1": 514.4031971767008,
    "mh2": 493.0146206751903
}