{
    "mh1": 508.62297356237883,
    "mh2": 504.760155047178,
    "mhz": 494.30931245993406
}