{
    "mh1": 522.0761637791735,
    "mh2": 497.07387131051803,
    "mhz": 524.6435728600057
}