{
    "mh1": 528.4061248534045,
    "mh2": 533.3366372752748,
    "mhz": 531.7401929920798
}