{
    "mh1": 517.649993884647,
    "mh2": 535.3391405383211,
    "mhz": 451.52187890382714
}