{
    "mh1": 515.9271110740983,
    "mh2": 531.7240558820067
}