{
    "mh1": 523.0345030400347,
    "mh2": 493.70411766085545,
    "mhz": 496.72079802406415
}