{
    "mh1": 522.821780238769,
    "mh2": 526.6424979755457,
    "mhz": 521.1990915959508
}