{
    "mh1": 521.678103537171,
    "mh2": 523.9438780178785,
    "mhz": 519.3904923629196
}