{
    "mh1": 511.5486522145622,
    "mh2": 500.9458545075808,
    "mhz": 509.2414528869006
}