{
    "mh1": 514.5408494216599,
    "mh2": 495.9844348445322
}