{
    "mh1": 530.1460101778039,
    "mh2": 532.6623259280614,
    "mhz": 538.3153879812533
}