{
    "mh1": 510.72990330091386,
    "mh2": 524.1700079533636
}