{
    "mh1": 511.22637479500713,
    "mh2": 519.0394249447235,
    "mhz": 416.84149212527234
}