{
    "mh1": 520.8779115764869,
    "mh2": 532.1320087160525
}