{
    "mh1": 521.1892728093158,
    "mh2": 521.1887645165804,
    "mhz": 511.12794120476366
}