{
    "mh1": 513.0033684997155,
    "mh2": 527.275203604032
}