{
    "mh1": 518.589604814923,
    "mh2": 514.5307175664298,
    "mhz": 531.9216155566919
}