{
    "mh1": 523.9416303065824,
    "mh2": 525.8034019352283,
    "mhz": 520.3727722664814
}