{
    "mh1": 513.2429260014171,
    "mh2": 529.5137018536825
}