{
    "mh1": 525.6782054261928,
    "mh2": 495.40042013625373,
    "mhz": 497.0545541306503
}