{
    "mh1": 512.5753532527795,
    "mh2": 516.0179864986752,
    "mhz": 438.2186083546636
}