{
    "mh1": 526.9843858805425,
    "mh2": 484.3340316089964,
    "mhz": 488.58915387781957
}