{
    "mh1": 501.58115481446407,
    "mh2": 484.53009457020613
}