{
    "mh1": 525.3063464405369,
    "mh2": 512.3246437169878,
    "mhz": 497.31394525781536
}