{
    "mh1": 520.6572172333066,
    "mh2": 527.726196195864,
    "mhz": 520.3122759324356
}