{
    "mh1": 517.5005833019966,
    "mh2": 504.30457139559,
    "mhz": 492.6300664271697
}