{
    "mh1": 505.01105310884003,
    "mh2": 487.49008366180067
}