{
    "mh1": 525.0306589621264,
    "mh2": 530.3123652904129,
    "mhz": 542.7709805402702
}