{
    "mh1": 526.0156052774468,
    "mh2": 495.1307380813446,
    "mhz": 497.07026089347954
}