{
    "mh1": 518.2137536860881,
    "mh2": 521.1948851560543,
    "mhz": 517.2215943735414
}