{
    "mh1": 507.8027005423714,
    "mh2": 507.29529751845917,
    "mhz": 485.0214595172658
}