{
    "mh1": 511.9512351070892,
    "mh2": 517.7605884788545,
    "mhz": 426.878616836732
}