{
    "mh1": 516.7380021541917,
    "mh2": 515.3397882714694,
    "mhz": 547.767289729479
}