{
    "mh1": 515.2342787447426,
    "mh2": 512.0915034347972,
    "mhz": 476.56703585199773
}