{
    "mh1": 505.8966546001434,
    "mh2": 503.51718951928103,
    "mhz": 524.2411464226318
}