{
    "mh1": 515.5915749123806,
    "mh2": 513.483290353691,
    "mhz": 476.3105646057404
}