{
    "mh1": 514.7771394604802,
    "mh2": 518.8889223012075,
    "mhz": 535.8558713386085
}