{
    "mh1": 542.397331125061,
    "mh2": 522.3929602150217,
    "mhz": 553.3572647863257
}