{
    "mh1": 512.1030059305914,
    "mh2": 516.3451380909677,
    "mhz": 443.2845993382877
}