{
    "mh1": 515.9962423370293,
    "mh2": 531.1729236615674
}