{
    "mh1": 514.301761520463,
    "mh2": 509.9027923724658,
    "mhz": 543.5019282569328
}