{
    "mh1": 514.8618855440226,
    "mh2": 521.8984100005771,
    "mhz": 534.8015149713583
}