{
    "mh1": 517.6560993425858,
    "mh2": 520.2500116449928,
    "mhz": 517.348301736586
}