{
    "mh1": 507.92154350369833,
    "mh2": 511.85399429588006,
    "mhz": 479.2798072035693
}