{
    "mh1": 510.9129456513942,
    "mh2": 513.7532058291939,
    "mhz": 422.208506543495
}