{
    "mh1": 516.7436739138195,
    "mh2": 515.5199786513584,
    "mhz": 474.6305995458959
}