{
    "mh1": 517.4407435365163,
    "mh2": 515.637795041692,
    "mhz": 538.9706010833479
}