{
    "mh1": 514.9676077411416,
    "mh2": 510.9765711848646,
    "mhz": 544.9670411304179
}