{
    "mh1": 525.8029377866868,
    "mh2": 496.0029688191431,
    "mhz": 497.2537944335099
}