{
    "mh1": 502.96065796671365,
    "mh2": 507.59495932739696
}