{
    "mh1": 508.75726753092147,
    "mh2": 508.38612315212293,
    "mhz": 484.70709157403985
}