{
    "mh1": 526.4420495431922,
    "mh2": 494.1543118787472,
    "mhz": 496.0187635326821
}