{
    "mh1": 521.1950625851778,
    "mh2": 548.5823367505484,
    "mhz": 514.2850510047612
}