{
    "mh1": 525.7422808009916,
    "mh2": 496.2269217947627,
    "mhz": 497.79784627060457
}