{
    "mh1": 509.4793074614254,
    "mh2": 505.3909949019111,
    "mhz": 508.8011868548171
}