{
    "mh1": 505.0331700100722,
    "mh2": 524.1932708600366,
    "mhz": 488.11677747196063
}