{
    "mh1": 514.2373703034809,
    "mh2": 546.041101077669
}