{
    "mh1": 523.7474829174523,
    "mh2": 530.3097137214806,
    "mhz": 523.3680973539638
}