{
    "mh1": 513.1544980329097,
    "mh2": 525.77211189992,
    "mhz": 520.3986411096728
}