{
    "mh1": 528.1377210657025,
    "mh2": 487.9169278803588,
    "mhz": 491.1157147084936
}