{
    "mh1": 508.40642138047974,
    "mh2": 508.2471222166647,
    "mhz": 489.8830149324148
}