{
    "mh1": 535.9304555904846,
    "mh2": 536.3528153072831,
    "mhz": 581.1956389145894
}