{
    "mh1": 527.5214590363832,
    "mh2": 489.56700176786626,
    "mhz": 493.61015606403913
}