{
    "mh1": 505.5493087084685,
    "mh2": 549.2232671296501,
    "mhz": 433.33428582550107
}