{
    "mh1": 513.551771005302,
    "mh2": 534.0987039615948
}