{
    "mh1": 508.1371250553267,
    "mh2": 510.62718869341364,
    "mhz": 486.55186084693315
}