{
    "mh1": 518.5665260246153,
    "mh2": 521.342952337432,
    "mhz": 527.3355987349707
}