{
    "mh1": 511.6194291842098,
    "mh2": 494.7011212370525
}