{
    "mh1": 514.4621316191456,
    "mh2": 517.761218080356,
    "mhz": 598.9017167884538
}