{
    "mh1": 512.9921068928238,
    "mh2": 516.7558071186405,
    "mhz": 586.9591542225029
}