{
    "mh1": 527.5362227360114,
    "mh2": 489.0616572134503,
    "mhz": 491.896215781434
}