{
    "mh1": 511.97427956414487,
    "mh2": 533.2688748753956,
    "mhz": 509.07646036939923
}