{
    "mh1": 508.0948410867346,
    "mh2": 502.60318422915265,
    "mhz": 491.8863481854962
}