{
    "mh1": 512.3431839409295,
    "mh2": 533.0142290062862,
    "mhz": 509.028857768487
}