{
    "mh1": 515.4804979267842,
    "mh2": 513.2462533836255,
    "mhz": 475.70043452330236
}