{
    "mh1": 527.481175271873,
    "mh2": 488.3666090138868,
    "mhz": 491.81674592148045
}