{
    "mh1": 517.5586331979614,
    "mh2": 523.0634673839664,
    "mhz": 520.317647182282
}