{
    "mh1": 526.1108293843006,
    "mh2": 495.4362172587874,
    "mhz": 497.059428153749
}