{
    "mh1": 544.3107113269084,
    "mh2": 550.4638158929702,
    "mhz": 582.6209393284819
}