{
    "mh1": 526.9391001583427,
    "mh2": 492.3572525842099,
    "mhz": 495.0398953015155
}