{
    "mh1": 511.69522561581556,
    "mh2": 495.69007220057864
}