{
    "mh1": 510.766198583149,
    "mh2": 502.8761854592993,
    "mhz": 509.1732072354605
}