{
    "mh1": 517.2989862767581,
    "mh2": 518.6442687602702,
    "mhz": 516.3278618483516
}