{
    "mh1": 507.828539970172,
    "mh2": 512.8693996082461,
    "mhz": 482.0380042641236
}