{
    "mh1": 504.5701223731813,
    "mh2": 540.4220566595986
}