{
    "mh1": 506.142779768571,
    "mh2": 503.83240681211475,
    "mhz": 492.1396665222435
}