{
    "mh1": 512.0751327381049,
    "mh2": 492.7340232654024
}