{
    "mh1": 516.4914050174316,
    "mh2": 540.5831296314454,
    "mhz": 541.0399582557048
}