{
    "mh1": 511.6828825740979,
    "mh2": 497.16954177326113
}