{
    "mh1": 512.9152977062962,
    "mh2": 518.7778728935259,
    "mhz": 609.2031229800036
}