{
    "mh1": 522.2049752635352,
    "mh2": 530.1554266194898,
    "mhz": 522.1158088138889
}