{
    "mh1": 505.52514483706705,
    "mh2": 502.7835685328321,
    "mhz": 494.23881458049857
}