{
    "mh1": 517.2937911008626,
    "mh2": 521.2288908415055,
    "mhz": 533.4223837176901
}