{
    "mh1": 506.110093778607,
    "mh2": 519.1786353186167,
    "mhz": 532.5618383262406
}