{
    "mh1": 517.3703091356506,
    "mh2": 532.992535774455,
    "mhz": 566.2050045179433
}