{
    "mh1": 512.9051367660732,
    "mh2": 490.6344968749003,
    "mhz": 512.9544763194044
}