{
    "mh1": 512.2229962539956,
    "mh2": 516.0299854551583,
    "mhz": 518.8488431518731
}