{
    "mh1": 522.8350960757214,
    "mh2": 528.3421211268737,
    "mhz": 521.1310251437159
}