{
    "mh1": 512.2343504970996,
    "mh2": 519.7720602368596,
    "mhz": 416.1839150458646
}