{
    "mh1": 517.8679786859163,
    "mh2": 534.1333213743442,
    "mhz": 567.2263304353025
}