{
    "mh1": 510.82703354094315,
    "mh2": 502.2046444483605,
    "mhz": 509.3452914957849
}