{
    "mh1": 506.21307931626376,
    "mh2": 503.65706669145925,
    "mhz": 491.94023499796185
}