{
    "mh1": 512.0617722490464,
    "mh2": 519.0328231576909,
    "mhz": 466.33248078690093
}