{
    "mh1": 512.8553899446682,
    "mh2": 544.9224686540819
}