{
    "mh1": 526.0783810740345,
    "mh2": 495.21199421864173,
    "mhz": 497.00753466365234
}