{
    "mh1": 510.15872448908124,
    "mh2": 519.2419371218064,
    "mhz": 610.4516951942066
}