{
    "mh1": 527.3800391020164,
    "mh2": 487.96112700073905,
    "mhz": 491.5409784222941
}