{
    "mh1": 515.7166015314492,
    "mh2": 524.9894024972091,
    "mhz": 518.331428481581
}