{
    "mh1": 519.3389036654935,
    "mh2": 546.1338317446922
}