{
    "mh1": 512.0221255018993,
    "mh2": 517.3803346973292,
    "mhz": 426.14744557430896
}