{
    "mh1": 506.949656002278,
    "mh2": 515.1978763077884,
    "mhz": 477.2893826997197
}