{
    "mh1": 517.6383557236504,
    "mh2": 504.74285948914354,
    "mhz": 489.99670473288415
}