{
    "mh1": 525.9052538019554,
    "mh2": 494.6036045966393,
    "mhz": 496.8466245002581
}