{
    "mh1": 522.511511718285,
    "mh2": 514.1944971055364,
    "mhz": 517.0611103817101
}