{
    "mh1": 508.7202629225888,
    "mh2": 509.68168029939085,
    "mhz": 481.3025875813028
}