{
    "mh1": 506.0113968137902,
    "mh2": 526.2823700230915,
    "mhz": 516.6874919093285
}