{
    "mh1": 514.6473307684747,
    "mh2": 512.5747555945591,
    "mhz": 548.2275002544923
}