{
    "mh1": 515.3611794694609,
    "mh2": 500.9394989442367,
    "mhz": 491.22819107779566
}