{
    "mh1": 520.597626072305,
    "mh2": 547.0775727364569,
    "mhz": 557.7118250063359
}