{
    "mh1": 516.8047989088116,
    "mh2": 520.9626397384518,
    "mhz": 517.8634940667554
}