{
    "mh1": 513.0347737017196,
    "mh2": 538.2575282121006,
    "mhz": 544.0951600564158
}