{
    "mh1": 529.2538540758932,
    "mh2": 526.6827677871962,
    "mhz": 527.4853107384417
}