{
    "mh1": 515.0311555927531,
    "mh2": 536.9089774885678,
    "mhz": 577.1021908267974
}