{
    "mh1": 511.98038281701486,
    "mh2": 494.9348195366268
}