{
    "mh1": 515.9629148465115,
    "mh2": 513.7049282673927,
    "mhz": 475.95661407548016
}