{
    "mh1": 509.5077235465226,
    "mh2": 511.63071112957437,
    "mhz": 529.7504455957767
}