{
    "mh1": 501.6656056466541,
    "mh2": 556.9172963771019
}