{
    "mh1": 512.5104713563361,
    "mh2": 490.24887151172516,
    "mhz": 507.4972147432101
}