{
    "mh1": 514.4794862590998,
    "mh2": 519.983806675063,
    "mhz": 603.7347470835498
}