{
    "mh1": 528.3810971826827,
    "mh2": 522.5714615263627,
    "mhz": 512.8713965160497
}