{
    "mh1": 524.1963641902305,
    "mh2": 542.0375949956983
}