{
    "mh1": 501.867509336294,
    "mh2": 464.08877702305415
}