{
    "mh1": 516.7544979284933,
    "mh2": 503.33347424417855,
    "mhz": 530.1525666590595
}