{
    "mh1": 524.0902949850915,
    "mh2": 529.02387805541,
    "mhz": 520.9233867192845
}