{
    "mh1": 511.97328807321986,
    "mh2": 496.37170361264225
}