{
    "mh1": 525.1388540249403,
    "mh2": 494.12549702750306,
    "mhz": 527.9372899351699
}