{
    "mh1": 511.8685832061123,
    "mh2": 494.7547238041966
}