{
    "mh1": 525.0487169353344,
    "mh2": 524.299340891484,
    "mhz": 520.1319928510721
}