{
    "mh1": 511.5026139928172,
    "mh2": 500.1115750454609,
    "mhz": 509.3105045425616
}