{
    "mh1": 506.02070742853095,
    "mh2": 503.3633479754862,
    "mhz": 489.6857699528853
}