{
    "mh1": 518.0010786703131,
    "mh2": 516.2785398884495,
    "mhz": 478.2943538388511
}