{
    "mh1": 517.2735557305463,
    "mh2": 515.5640057478566,
    "mhz": 438.16310951331985
}