{
    "mh1": 516.8955399061033,
    "mh2": 532.9420669603999,
    "mhz": 564.4863929218786
}