{
    "mh1": 513.45349602076,
    "mh2": 519.2432612643543,
    "mhz": 528.2393963049701
}