{
    "mh1": 518.7420689407068,
    "mh2": 521.6607248888915,
    "mhz": 531.0395425183099
}