{
    "mh1": 524.6613642870064,
    "mh2": 525.2224841096579,
    "mhz": 520.6184431915977
}