{
    "mh1": 507.7819524412512,
    "mh2": 519.1748997824246,
    "mhz": 484.1357763860007
}