{
    "mh1": 512.6611700677419,
    "mh2": 523.9795318775583,
    "mhz": 567.6973715939233
}