{
    "mh1": 512.2376512669537,
    "mh2": 521.8460159031465,
    "mhz": 534.8908436240965
}