{
    "mh1": 546.44605353502,
    "mh2": 513.4036472209943,
    "mhz": 521.9749883380243
}