{
    "mh1": 514.5905954901059,
    "mh2": 520.0991970429385,
    "mhz": 460.59331492729615
}