{
    "mh1": 511.8305025287222,
    "mh2": 495.7239024756941
}