{
    "mh1": 516.6603178504138,
    "mh2": 506.34183229801556,
    "mhz": 489.69797690678877
}