{
    "mh1": 524.9574073586347,
    "mh2": 514.7038623142982,
    "mhz": 512.9429989131446
}