{
    "mh1": 515.8652324184843,
    "mh2": 515.0917053777014,
    "mhz": 506.7097753193989
}