{
    "mh1": 511.7774968064861,
    "mh2": 495.93562424548696
}