{
    "mh1": 514.7620472454935,
    "mh2": 512.8252374741915,
    "mhz": 481.59299935146277
}