{
    "mh1": 528.0343499832055,
    "mh2": 489.01331119757043,
    "mhz": 491.8991219706764
}