{
    "mh1": 514.6091052079693,
    "mh2": 494.2052509177574
}