{
    "mh1": 516.2658868638739,
    "mh2": 520.7638493398913,
    "mhz": 533.924632915599
}