{
    "mh1": 506.50645884606894,
    "mh2": 542.5157890636738,
    "mhz": 465.43236917461684
}