{
    "mh1": 514.3560455740578,
    "mh2": 521.7173685206735,
    "mhz": 544.6141624929464
}