{
    "mh1": 506.1356998042506,
    "mh2": 504.90498495181436,
    "mhz": 533.8741962489579
}