{
    "mh1": 513.6502738445681,
    "mh2": 530.2700694604586,
    "mhz": 576.5308182802837
}