{
    "mh1": 505.7853020494187,
    "mh2": 520.2737717982905,
    "mhz": 531.1625663581442
}