{
    "mh1": 509.8982231183643,
    "mh2": 521.9800642006252,
    "mhz": 509.54760054468636
}