{
    "mh1": 524.641896326895,
    "mh2": 495.22520754822665,
    "mhz": 497.24085179078406
}