{
    "mh1": 507.4715796315451,
    "mh2": 505.7098826908763,
    "mhz": 489.4736220458683
}