{
    "mh1": 526.0698766676466,
    "mh2": 495.9271518890987,
    "mhz": 497.26444885417106
}