{
    "mh1": 536.452699572345,
    "mh2": 513.1767053746273,
    "mhz": 524.6923436032764
}