{
    "mh1": 523.8734171376669,
    "mh2": 528.2278773385749,
    "mhz": 521.0257744395049
}