{
    "mh1": 512.0295431712074,
    "mh2": 529.1195720764554,
    "mhz": 513.0315159409624
}