{
    "mh1": 529.661675432925,
    "mh2": 524.6018325151733,
    "mhz": 525.8185880453245
}