{
    "mh1": 515.4498644748884,
    "mh2": 533.2804127796177,
    "mhz": 560.9601529503964
}