{
    "mh1": 510.0588963243303,
    "mh2": 503.78912873498433,
    "mhz": 511.57954449134587
}