{
    "mh1": 512.0769589992759,
    "mh2": 516.5751041132836,
    "mhz": 416.2228796602699
}