{
    "mh1": 512.9359241466586,
    "mh2": 529.0391876048665,
    "mhz": 577.4697367105219
}