{
    "mh1": 502.9816243987757,
    "mh2": 557.3142249020596,
    "mhz": 515.2606860340976
}