{
    "mh1": 507.2170606853426,
    "mh2": 505.81504504425783,
    "mhz": 490.0984109064282
}