{
    "mh1": 515.9022461268553,
    "mh2": 524.2960265467705,
    "mhz": 532.8612393036191
}