{
    "mh1": 500.63749080482467,
    "mh2": 568.7109631416138
}