{
    "mh1": 505.38039653669347,
    "mh2": 502.2883663691315,
    "mhz": 493.32808552876895
}