{
    "mh1": 514.794194135389,
    "mh2": 512.5901169559221,
    "mhz": 526.2234642174624
}