{
    "mh1": 521.730532697824,
    "mh2": 514.6188316932805,
    "mhz": 526.6492943004394
}