{
    "mh1": 529.0647769430002,
    "mh2": 487.0288419214097,
    "mhz": 533.7379179930699
}