{
    "mh1": 527.9769424824334,
    "mh2": 487.9529922269603,
    "mhz": 491.01554424998125
}