{
    "mh1": 517.8058728467413,
    "mh2": 549.0798481315672,
    "mhz": 592.6057209733505
}