{
    "mh1": 513.3149867617375,
    "mh2": 524.7963103758663,
    "mhz": 474.91920843838506
}