{
    "mh1": 516.0414672452986,
    "mh2": 531.5017214727375,
    "mhz": 561.6800971275056
}