{
    "mh1": 523.788625427866,
    "mh2": 571.2218409146706
}