{
    "mh1": 524.0068065836576,
    "mh2": 556.9734563986449
}