{
    "mh1": 506.6774211706759,
    "mh2": 502.5828019595599,
    "mhz": 490.39635140626183
}