{
    "mh1": 507.46121939798866,
    "mh2": 506.1417950998258,
    "mhz": 489.5820794341904
}