{
    "mh1": 522.9680510957994,
    "mh2": 528.0837657212019,
    "mhz": 519.16095773897
}