{
    "mh1": 521.1370693497388,
    "mh2": 525.5764123099168,
    "mhz": 518.2945138307746
}