{
    "mh1": 523.932280838076,
    "mh2": 526.0595394143888,
    "mhz": 520.0650047952062
}