{
    "mh1": 528.210669528092,
    "mh2": 490.82687377337686,
    "mhz": 492.6223361679966
}