{
    "mh1": 517.6083451135532,
    "mh2": 517.7577674915996,
    "mhz": 474.35983344021446
}