{
    "mh1": 525.9686643103098,
    "mh2": 494.7531326101783,
    "mhz": 496.96035555867246
}