{
    "mh1": 524.344331956788,
    "mh2": 539.8900475366141,
    "mhz": 565.4509401004867
}