{
    "mh1": 527.7968338336166,
    "mh2": 488.4271753516032,
    "mhz": 510.3444352291376
}