{
    "mh1": 506.4890227661277,
    "mh2": 504.4073960060541,
    "mhz": 512.2834984468138
}