{
    "mh1": 514.3060547744489,
    "mh2": 514.0822335559178,
    "mhz": 550.325021381602
}