{
    "mh1": 517.1865552864739,
    "mh2": 516.4288646316753,
    "mhz": 482.51123261347
}