{
    "mh1": 507.23651105401876,
    "mh2": 505.69085121083054,
    "mhz": 490.3220222514805
}