{
    "mh1": 523.5777194203185,
    "mh2": 528.5034406991614,
    "mhz": 519.902182781457
}