{
    "mh1": 511.5098588099135,
    "mh2": 491.2118677011721
}