{
    "mh1": 507.8418961285584,
    "mh2": 529.7772801215397,
    "mhz": 514.2233582185794
}