{
    "mh1": 522.9861037525658,
    "mh2": 493.9352714245865,
    "mhz": 496.972074223129
}