{
    "mh1": 512.170051862002,
    "mh2": 517.3068450858129,
    "mhz": 447.68131124794036
}