{
    "mh1": 511.962736241531,
    "mh2": 499.50251712167136,
    "mhz": 509.1115937519665
}