{
    "mh1": 516.5393582898912,
    "mh2": 520.1522395777829,
    "mhz": 567.6982559977919
}