{
    "mh1": 527.3876731893276,
    "mh2": 490.96906669094,
    "mhz": 493.42982904797407
}