{
    "mh1": 513.2976824818156,
    "mh2": 531.1970402246071,
    "mhz": 449.70682709849626
}