{
    "mh1": 515.655259658681,
    "mh2": 520.3074952603115,
    "mhz": 559.1607246743945
}