{
    "mh1": 519.9735970073224,
    "mh2": 552.4043923147622,
    "mhz": 580.6681739008657
}