{
    "mh1": 518.5607150900694,
    "mh2": 503.44393411028017,
    "mhz": 492.5768336133213
}