{
    "mh1": 528.1439284623406,
    "mh2": 494.4435078135149,
    "mhz": 495.18635873705796
}