{
    "mh1": 512.2253114109395,
    "mh2": 520.0874379587802,
    "mhz": 516.1315828746499
}