{
    "mh1": 516.5462295738416,
    "mh2": 525.803582187752,
    "mhz": 535.2078076618645
}