{
    "mh1": 503.5646641341349,
    "mh2": 540.0751021200385
}