{
    "mh1": 510.9417300638914,
    "mh2": 514.3815761947994,
    "mhz": 560.3082143517117
}