{
    "mh1": 523.9263019715216,
    "mh2": 494.29385297321267,
    "mhz": 527.2978699443071
}