{
    "mh1": 525.8633732730505,
    "mh2": 495.69367030136755,
    "mhz": 497.34461828641815
}