{
    "mh1": 516.3710086933511,
    "mh2": 505.8739052850282,
    "mhz": 489.74594390665175
}