{
    "mh1": 514.4306094411752,
    "mh2": 510.92475029324993,
    "mhz": 545.5615832623907
}