{
    "mh1": 514.9716067911406,
    "mh2": 514.4994358781497,
    "mhz": 548.4231683532015
}