{
    "mh1": 512.5545626718734,
    "mh2": 491.76419989797535,
    "mhz": 509.99839926354394
}