{
    "mh1": 517.8731412188235,
    "mh2": 545.3128629030723,
    "mhz": 441.16541719811914
}