{
    "mh1": 518.5070210992296,
    "mh2": 516.203960452962,
    "mhz": 534.1939401016871
}