{
    "mh1": 527.4890602109127,
    "mh2": 534.7709211691763,
    "mhz": 492.3884098997518
}