{
    "mh1": 516.1550099909107,
    "mh2": 513.4707623805186,
    "mhz": 475.58112479208677
}