{
    "mh1": 522.193391450331,
    "mh2": 524.8011244502347,
    "mhz": 516.7035288274724
}