{
    "mh1": 519.701496906071,
    "mh2": 518.5417285018607,
    "mhz": 549.6182521556747
}