{
    "mh1": 508.5327924338356,
    "mh2": 512.5873897816075,
    "mhz": 477.9068682945269
}