{
    "mh1": 513.7310387602317,
    "mh2": 519.9068490326368,
    "mhz": 462.0545480273858
}