{
    "mh1": 523.7174022475097,
    "mh2": 527.0423801665784,
    "mhz": 521.1161741220428
}