{
    "mh1": 519.7098939942022,
    "mh2": 514.570292939634,
    "mhz": 503.29622146069516
}