{
    "mh1": 508.6337429756841,
    "mh2": 512.7505256210732,
    "mhz": 476.96575465967356
}