{
    "mh1": 511.65616342824586,
    "mh2": 517.5959233682725,
    "mhz": 446.2278769723366
}