{
    "mh1": 522.0937587373484,
    "mh2": 523.0574551554814,
    "mhz": 513.5408454986772
}