{
    "mh1": 511.49717790638937,
    "mh2": 491.3294994511372
}