{
    "mh1": 513.8020552301018,
    "mh2": 517.5293503926198,
    "mhz": 538.4576687246953
}