{
    "mh1": 520.7982724793451,
    "mh2": 517.1462028047654,
    "mhz": 508.80889860268144
}