{
    "mh1": 512.0792523936602,
    "mh2": 516.2628875544494,
    "mhz": 596.074624667136
}