{
    "mh1": 516.241259243431,
    "mh2": 520.9422047930893,
    "mhz": 517.4354367503643
}