{
    "mh1": 524.059067739725,
    "mh2": 527.8754370079291,
    "mhz": 521.6378227763133
}