{
    "mh1": 520.4389650490132,
    "mh2": 550.5874996480228
}