{
    "mh1": 520.0727227938132,
    "mh2": 526.2914172005402,
    "mhz": 555.3799772190466
}