{
    "mh1": 525.7980499441289,
    "mh2": 495.70590058848256,
    "mhz": 497.20680257811404
}