{
    "mh1": 529.9041974376189,
    "mh2": 531.0896664825059,
    "mhz": 530.6721990467965
}