{
    "mh1": 521.6223314210476,
    "mh2": 520.4234016292273,
    "mhz": 510.99967558037025
}