{
    "mh1": 517.9425435684573,
    "mh2": 516.4743233100091,
    "mhz": 544.2737576239441
}