{
    "mh1": 511.74576244574786,
    "mh2": 498.89814443071276
}