{
    "mh1": 532.3344781075474,
    "mh2": 553.6571558600812,
    "mhz": 584.6566891712546
}