{
    "mh1": 521.3165798350653,
    "mh2": 551.5778965840175,
    "mhz": 579.7263605234972
}