{
    "mh1": 527.6856544344495,
    "mh2": 487.68142453784344,
    "mhz": 511.7934315579506
}