{
    "mh1": 521.3076327282772,
    "mh2": 524.3685969948842,
    "mhz": 519.7009658051815
}