{
    "mh1": 517.4247814173599,
    "mh2": 533.5598798663856,
    "mhz": 453.9119003277123
}