{
    "mh1": 523.1924227143784,
    "mh2": 526.0721951304773,
    "mhz": 520.138132458943
}