{
    "mh1": 523.5003922336,
    "mh2": 526.5958215182376,
    "mhz": 519.9509070292804
}