{
    "mh1": 518.9233536721742,
    "mh2": 541.9445761743424,
    "mhz": 447.8867319570516
}