{
    "mh1": 512.6684088075422,
    "mh2": 527.4337121878143,
    "mhz": 568.5972425539103
}