{
    "mh1": 527.2933702005782,
    "mh2": 488.2313894463038,
    "mhz": 491.5621364662311
}