{
    "mh1": 519.1948621014009,
    "mh2": 538.7375491857426
}