{
    "mh1": 515.4777555828454,
    "mh2": 536.1385569909482
}