{
    "mh1": 522.088508609085,
    "mh2": 565.4803882230788,
    "mhz": 517.9521376274157
}