{
    "mh1": 511.9794907098402,
    "mh2": 519.0356245522688,
    "mhz": 413.24717907500917
}