{
    "mh1": 526.5602099873453,
    "mh2": 492.44726655447107,
    "mhz": 495.0227094539156
}