{
    "mh1": 511.04085334526303,
    "mh2": 495.5117930257145
}