{
    "mh1": 528.5978619246262,
    "mh2": 527.5806768392664,
    "mhz": 512.3286546690813
}