{
    "mh1": 514.6198433171444,
    "mh2": 513.4801451323993,
    "mhz": 476.53495466920896
}