{
    "mh1": 547.3027384265226,
    "mh2": 527.0870930581199,
    "mhz": 529.2027848305465
}