{
    "mh1": 526.7912529181239,
    "mh2": 529.8441001120709,
    "mhz": 527.3358815769366
}