{
    "mh1": 523.9902918738417,
    "mh2": 530.4942506606927,
    "mhz": 523.3255415892218
}