{
    "mh1": 523.947956960601,
    "mh2": 527.0507749369849,
    "mhz": 520.6566604028916
}