{
    "mh1": 510.00818251441007,
    "mh2": 516.8051415980046,
    "mhz": 582.0751271062509
}