{
    "mh1": 516.9150023925253,
    "mh2": 534.793773708458
}