{
    "mh1": 512.0580528301887,
    "mh2": 492.64842556879125
}