{
    "mh1": 524.6421403391852,
    "mh2": 495.9035249715445,
    "mhz": 497.62813558311365
}