{
    "mh1": 516.1011780779951,
    "mh2": 513.0588265329478,
    "mhz": 476.776460583353
}