{
    "mh1": 527.7337486965198,
    "mh2": 488.1508157550728,
    "mhz": 491.52721465452083
}