{
    "mh1": 522.1257272988244,
    "mh2": 540.2064877959979
}