{
    "mh1": 507.11354986778775,
    "mh2": 543.5359683960505
}