{
    "mh1": 523.1840492471705,
    "mh2": 527.2047782889396,
    "mhz": 522.1459973029579
}