{
    "mh1": 566.1881755564331,
    "mh2": 521.8535450075656,
    "mhz": 585.5620606158018
}