{
    "mh1": 521.3111881314701,
    "mh2": 552.3666257436632,
    "mhz": 581.1273699400707
}