{
    "mh1": 511.90281662005594,
    "mh2": 495.05421417569534
}