{
    "mh1": 515.1640380165773,
    "mh2": 533.8676474895474,
    "mhz": 535.8128514526711
}