{
    "mh1": 525.3620706854158,
    "mh2": 528.3683752741069,
    "mhz": 522.1321952030521
}