{
    "mh1": 508.932705215795,
    "mh2": 509.34019065672805,
    "mhz": 482.1038858538149
}