{
    "mh1": 508.4184275429069,
    "mh2": 513.4399820314903,
    "mhz": 475.18221161829354
}