{
    "mh1": 512.3363027668688,
    "mh2": 516.6789664350011,
    "mhz": 596.0941443944653
}