{
    "mh1": 527.8494225263943,
    "mh2": 487.85529820783233,
    "mhz": 491.17793918663307
}