{
    "mh1": 525.1764172058053,
    "mh2": 496.0271044836667,
    "mhz": 497.3343189368771
}