{
    "mh1": 508.51504414254333,
    "mh2": 512.2090483892118,
    "mhz": 494.4436053026767
}