{
    "mh1": 515.3619795351827,
    "mh2": 515.2411512928022,
    "mhz": 473.095742729412
}