{
    "mh1": 519.6960281336876,
    "mh2": 526.2292477086103,
    "mhz": 569.8207432012937
}