{
    "mh1": 526.0306457984042,
    "mh2": 495.8736749690526,
    "mhz": 497.00882338997275
}