{
    "mh1": 514.3429583380049,
    "mh2": 523.7604890252398,
    "mhz": 563.5944735521834
}