{
    "mh1": 518.4221304686481,
    "mh2": 518.6448726262811,
    "mhz": 515.8469732828396
}