{
    "mh1": 512.6568685864451,
    "mh2": 515.6429802000266,
    "mhz": 583.1978980658012
}