{
    "mh1": 525.8093627697115,
    "mh2": 495.85144790616954,
    "mhz": 497.6052601192476
}