{
    "mh1": 517.1194056191496,
    "mh2": 519.8922618579579,
    "mhz": 533.2035730074385
}