{
    "mh1": 550.5669705046975,
    "mh2": 515.8682092907006,
    "mhz": 524.7521285056325
}