{
    "mh1": 513.0124976545472,
    "mh2": 533.5147693029467,
    "mhz": 510.61696999437123
}