{
    "mh1": 514.9032497094573,
    "mh2": 523.1272924276052,
    "mhz": 573.1374294197522
}