{
    "mh1": 546.3261936440389,
    "mh2": 509.9782717396245,
    "mhz": 522.2387733515163
}