{
    "mh1": 513.8337049687897,
    "mh2": 510.42227540912586
}