{
    "mh1": 506.0090953225821,
    "mh2": 503.00326661278194,
    "mhz": 489.26672006549
}