{
    "mh1": 559.9777271336477,
    "mh2": 528.92938849079,
    "mhz": 579.8844127988748
}