{
    "mh1": 512.8841065084479,
    "mh2": 493.724465485877
}