{
    "mh1": 513.2372807497292,
    "mh2": 523.7891501752789,
    "mhz": 541.7107248503748
}