{
    "mh1": 509.09750254013056,
    "mh2": 510.86216189275353,
    "mhz": 478.60838474775454
}