{
    "mh1": 514.6820917246301,
    "mh2": 494.59772890483174
}