{
    "mh1": 507.84608449658816,
    "mh2": 538.6756690026161
}