{
    "mh1": 510.8790069803665,
    "mh2": 500.9863766362721,
    "mhz": 509.36132943611545
}