{
    "mh1": 512.4989661567577,
    "mh2": 516.2478819221241,
    "mhz": 433.7947216459104
}