{
    "mh1": 518.1570927665468,
    "mh2": 518.5060007575348,
    "mhz": 531.0604474489207
}