{
    "mh1": 515.0932117607983,
    "mh2": 513.556196990965,
    "mhz": 475.9520936301451
}