{
    "mh1": 523.7481165577864,
    "mh2": 528.4068434313393,
    "mhz": 521.0312958660847
}