{
    "mh1": 526.8124637547097,
    "mh2": 526.7783067032408,
    "mhz": 497.70162343322505
}