{
    "mh1": 502.8690145201568,
    "mh2": 455.52921429407746,
    "mhz": 519.0366173111772
}