{
    "mh1": 514.7655489983633,
    "mh2": 540.4764283148372,
    "mhz": 586.6268916473612
}