{
    "mh1": 527.7597995343211,
    "mh2": 487.1088594362908,
    "mhz": 490.7863907787186
}