{
    "mh1": 512.0638836743947,
    "mh2": 512.1225261969574,
    "mhz": 441.1091028925266
}