{
    "mh1": 522.8238862257764,
    "mh2": 527.3560442556285,
    "mhz": 517.9502919326624
}