{
    "mh1": 520.6406440305379,
    "mh2": 547.2320016700612,
    "mhz": 512.8972654434657
}