{
    "mh1": 524.72073786564,
    "mh2": 528.2139912296813,
    "mhz": 521.3057216771646
}