{
    "mh1": 506.2275158900627,
    "mh2": 503.7306591815195,
    "mhz": 492.51173517959114
}