{
    "mh1": 516.7951053519232,
    "mh2": 522.4566448176045,
    "mhz": 463.675982407362
}