{
    "mh1": 526.786770565373,
    "mh2": 493.4896806145845,
    "mhz": 495.8355574040935
}