{
    "mh1": 512.7045230743181,
    "mh2": 493.2434388757196
}