{
    "mh1": 515.1370764822282,
    "mh2": 512.1449113473136,
    "mhz": 476.72715355589594
}