{
    "mh1": 514.81207495038,
    "mh2": 494.11560658292694
}