{
    "mh1": 537.0478825542361,
    "mh2": 518.9283226271177,
    "mhz": 530.933993542632
}