{
    "mh1": 517.0022228869587,
    "mh2": 521.3311492558433,
    "mhz": 531.0404324641897
}