{
    "mh1": 513.1551910560571,
    "mh2": 523.350086952262,
    "mhz": 546.750242281116
}