{
    "mh1": 504.5960273929504,
    "mh2": 521.7823367779285,
    "mhz": 522.3427526694528
}