{
    "mh1": 512.5217336469962,
    "mh2": 498.19733622029173
}