{
    "mh1": 511.95161602130827,
    "mh2": 490.84359308963394
}