{
    "mh1": 506.58477784419205,
    "mh2": 505.1611132957574,
    "mhz": 532.532064490759
}