{
    "mh1": 512.0240085515379,
    "mh2": 497.65090841776873
}