{
    "mh1": 500.42228156620575,
    "mh2": 557.2407839752016
}