{
    "mh1": 520.7017426921772,
    "mh2": 514.4737420617682,
    "mhz": 516.7666109831366
}