{
    "mh1": 525.8497507444445,
    "mh2": 532.8023700633147,
    "mhz": 546.1923939822823
}