{
    "mh1": 517.8395114492896,
    "mh2": 519.3229618875292,
    "mhz": 532.3792687898272
}