{
    "mh1": 516.8623821594322,
    "mh2": 518.1931203604587,
    "mhz": 490.084431190093
}