{
    "mh1": 510.7898265004948,
    "mh2": 503.59573547546313,
    "mhz": 509.0309215689022
}