{
    "mh1": 512.4480916796228,
    "mh2": 516.8509152785241,
    "mhz": 579.3576597360541
}