{
    "mh1": 531.1885669762339,
    "mh2": 495.70690218426205,
    "mhz": 528.4204640745761
}