{
    "mh1": 512.4769585011749,
    "mh2": 524.4592326684199,
    "mhz": 542.6649763406801
}