{
    "mh1": 509.78276600279884,
    "mh2": 510.97649202345053,
    "mhz": 475.81251482799524
}