{
    "mh1": 511.99717624702413,
    "mh2": 493.1949905429907
}