{
    "mh1": 524.7172431069679,
    "mh2": 495.6764047459145,
    "mhz": 497.5121293848428
}