{
    "mh1": 513.4005896139399,
    "mh2": 511.028230382976,
    "mhz": 545.8201736893795
}