{
    "mh1": 518.3448450146556,
    "mh2": 539.5255595468361,
    "mhz": 449.3978552353837
}