{
    "mh1": 512.1527089380336,
    "mh2": 517.1722236484608,
    "mhz": 427.6109741423109
}