{
    "mh1": 511.98433106227003,
    "mh2": 492.5550878579723
}