{
    "mh1": 525.5426516743298,
    "mh2": 563.2311257125068
}