{
    "mh1": 511.871590780021,
    "mh2": 495.9959250536434
}