{
    "mh1": 509.0811464982929,
    "mh2": 511.43194331670725,
    "mhz": 476.1942018226599
}