{
    "mh1": 523.9740889977439,
    "mh2": 525.2701661610203,
    "mhz": 519.5774872667323
}