{
    "mh1": 520.2742869250922,
    "mh2": 526.6544790690751,
    "mhz": 521.4783616002242
}