{
    "mh1": 534.2253557422773,
    "mh2": 525.1661179539502,
    "mhz": 527.7972518591498
}