{
    "mh1": 507.41910986009697,
    "mh2": 506.24117145882934,
    "mhz": 489.8215984871106
}