{
    "mh1": 524.0049422304205,
    "mh2": 528.3708710131223,
    "mhz": 522.187250874954
}