{
    "mh1": 512.4571732173786,
    "mh2": 516.2070253993055,
    "mhz": 576.9103150220022
}