{
    "mh1": 516.7814968309938,
    "mh2": 515.3005699395095,
    "mhz": 475.5187452152406
}