{
    "mh1": 508.7078818207702,
    "mh2": 508.79068460708817,
    "mhz": 482.2384811482272
}