{
    "mh1": 527.6318884721057,
    "mh2": 492.07202158717683,
    "mhz": 494.22960857589
}