{
    "mh1": 511.9819559334597,
    "mh2": 493.12950098069723
}