{
    "mh1": 521.4753599736031,
    "mh2": 519.9243234230755,
    "mhz": 514.5249996928677
}