{
    "mh1": 517.756069815346,
    "mh2": 541.3509461831534,
    "mhz": 448.34426654112906
}