{
    "mh1": 498.3376287011575,
    "mh2": 573.9437253887932
}