{
    "mh1": 514.9492007392699,
    "mh2": 524.567236151511,
    "mhz": 505.4052894093769
}