{
    "mh1": 525.0347877888679,
    "mh2": 526.4420145146364,
    "mhz": 519.9423032251296
}