{
    "mh1": 508.6199635386783,
    "mh2": 530.4452322798447,
    "mhz": 560.7966505246166
}