{
    "mh1": 518.5660159343661,
    "mh2": 520.7218705387166,
    "mhz": 550.149982002862
}