{
    "mh1": 519.1775904929364,
    "mh2": 525.0390622770724
}