{
    "mh1": 513.7336334672634,
    "mh2": 513.0152722049016,
    "mhz": 528.1568459901234
}