{
    "mh1": 507.25073117039676,
    "mh2": 506.3970547126694,
    "mhz": 489.75379997623924
}