{
    "mh1": 509.02300933071416,
    "mh2": 508.70156779727904,
    "mhz": 483.0652848395985
}