{
    "mh1": 510.4275577771326,
    "mh2": 501.0404799174486,
    "mhz": 508.9885845307887
}