{
    "mh1": 518.2427904504798,
    "mh2": 518.9070931765796,
    "mhz": 453.6909392507655
}