{
    "mh1": 525.7492005689503,
    "mh2": 495.79582864451913,
    "mhz": 497.5586476597202
}