{
    "mh1": 578.2675382417181,
    "mh2": 522.0359815449307,
    "mhz": 586.0188605436881
}