{
    "mh1": 541.4431589196512,
    "mh2": 566.396211917558,
    "mhz": 688.6477913270242
}