{
    "mh1": 516.1349738753711,
    "mh2": 524.9611364063,
    "mhz": 533.1700014723203
}