{
    "mh1": 502.6329049786405,
    "mh2": 542.1756316175699
}