{
    "mh1": 523.1122261518987,
    "mh2": 568.1724860150524
}