{
    "mh1": 502.53897129148953,
    "mh2": 521.5872713634528,
    "mhz": 522.9683004827489
}