{
    "mh1": 512.764527913846,
    "mh2": 542.0307914836756,
    "mhz": 574.1949086584289
}