{
    "mh1": 522.7082469464706,
    "mh2": 566.3153006803072
}