{
    "mh1": 512.9171256429097,
    "mh2": 518.3527125099927,
    "mhz": 607.9826481548969
}