{
    "mh1": 508.08266377343756,
    "mh2": 512.5776543598189,
    "mhz": 479.7420059372349
}