{
    "mh1": 509.3124606477706,
    "mh2": 513.4651322678013,
    "mhz": 475.83895589584216
}