{
    "mh1": 512.1080582938919,
    "mh2": 517.5765398820255,
    "mhz": 420.78352047469434
}