{
    "mh1": 523.6183097335695,
    "mh2": 526.2222501958151,
    "mhz": 519.2265235581773
}