{
    "mh1": 512.225289367547,
    "mh2": 496.5759252908157
}