{
    "mh1": 516.2141859638879,
    "mh2": 512.623490283467,
    "mhz": 511.14088198561103
}