{
    "mh1": 507.3013636905555,
    "mh2": 523.1294813210004,
    "mhz": 533.7259133184459
}