{
    "mh1": 511.7122520178317,
    "mh2": 517.7627898892324,
    "mhz": 419.4157722957753
}