{
    "mh1": 510.8726127387261,
    "mh2": 498.03471450967226
}