{
    "mh1": 504.18817994245114,
    "mh2": 521.5644963756658,
    "mhz": 494.11448687934586
}