{
    "mh1": 534.6366758700642,
    "mh2": 528.5758439138536,
    "mhz": 553.9517227433903
}