{
    "mh1": 527.6328249798138,
    "mh2": 488.39842216656734,
    "mhz": 491.6943096279648
}