{
    "mh1": 515.59597265614,
    "mh2": 525.1513218075374,
    "mhz": 516.2580507833527
}