{
    "mh1": 514.0986116650319,
    "mh2": 520.9063343213868,
    "mhz": 516.7422188128221
}