{
    "mh1": 524.1801676688759,
    "mh2": 529.4129264575755,
    "mhz": 522.7879124120399
}