{
    "mh1": 526.9450487058364,
    "mh2": 491.16818362868963,
    "mhz": 530.1096756723705
}