{
    "mh1": 513.5248890272651,
    "mh2": 527.0284412305316
}