{
    "mh1": 510.51170956057405,
    "mh2": 501.4541635805735,
    "mhz": 514.9187719233272
}