{
    "mh1": 521.3293806892962,
    "mh2": 521.3201860911869,
    "mhz": 513.1371323408108
}