{
    "mh1": 512.2276740118923,
    "mh2": 518.1803791878643,
    "mhz": 607.5464839917523
}