{
    "mh1": 521.5608724916916,
    "mh2": 525.668914394691,
    "mhz": 518.8940878280669
}