{
    "mh1": 528.8449904412389,
    "mh2": 536.2868745453076,
    "mhz": 490.94018911048556
}