{
    "mh1": 553.5372376811848,
    "mh2": 543.6097471364112,
    "mhz": 565.5281751002442
}