{
    "mh1": 521.0890328663936,
    "mh2": 566.5903372838211,
    "mhz": 517.7192770130613
}