{
    "mh1": 528.8952582576517,
    "mh2": 491.3077038866215,
    "mhz": 492.9871542292728
}