{
    "mh1": 501.6564440526863,
    "mh2": 563.6386522180226
}