{
    "mh1": 517.674703146869,
    "mh2": 521.431453916232,
    "mhz": 536.4114723671598
}