{
    "mh1": 523.6399322869707,
    "mh2": 525.3152258513239,
    "mhz": 520.4700449128514
}