{
    "mh1": 510.7655557810608,
    "mh2": 498.7012646179902
}