{
    "mh1": 528.9539155244382,
    "mh2": 493.9703290888166,
    "mhz": 494.8003948473713
}