{
    "mh1": 525.6823537848298,
    "mh2": 496.1368184306394,
    "mhz": 497.22868080804903
}