{
    "mh1": 507.88987717143357,
    "mh2": 508.70431479206877,
    "mhz": 483.0050833479558
}