{
    "mh1": 507.60494058152466,
    "mh2": 513.5965282562242,
    "mhz": 477.5346418829125
}