{
    "mh1": 513.3966710198939,
    "mh2": 514.2759274791465,
    "mhz": 569.2158921600894
}