{
    "mh1": 513.6943320499538,
    "mh2": 517.8070562229698,
    "mhz": 587.462913093872
}