{
    "mh1": 527.3599223833506,
    "mh2": 520.0745278261667,
    "mhz": 492.738677688476
}