{
    "mh1": 523.3866413837229,
    "mh2": 478.92185612261676
}