{
    "mh1": 527.4319349307477,
    "mh2": 489.92345529277003,
    "mhz": 492.77467728207677
}