{
    "mh1": 523.072650958796,
    "mh2": 551.1288047990664
}