{
    "mh1": 506.16982291747155,
    "mh2": 503.40563208136945,
    "mhz": 492.17025139959117
}