{
    "mh1": 512.340533937924,
    "mh2": 523.0689597595592,
    "mhz": 550.9992584405109
}