{
    "mh1": 511.3273566782992,
    "mh2": 518.2526255964789,
    "mhz": 451.771844801226
}