{
    "mh1": 507.17917720531653,
    "mh2": 506.300999616139,
    "mhz": 489.4510078524855
}