{
    "mh1": 514.8441319199553,
    "mh2": 518.0800841421222,
    "mhz": 453.4234275328248
}