{
    "mh1": 518.6516180135344,
    "mh2": 522.4906765239375,
    "mhz": 531.127147287803
}