{
    "mh1": 517.1367914751895,
    "mh2": 514.9084397322785,
    "mhz": 513.0969103883991
}