{
    "mh1": 524.9648839708319,
    "mh2": 495.4007953336592,
    "mhz": 497.1021516776401
}