{
    "mh1": 528.1329121245338,
    "mh2": 491.15259765901214,
    "mhz": 529.8492737600479
}