{
    "mh1": 513.1532416399903,
    "mh2": 520.9885585404446,
    "mhz": 563.8199603889782
}