{
    "mh1": 519.9338772342846,
    "mh2": 549.5986100551142,
    "mhz": 513.5518718240849
}