{
    "mh1": 512.2472884365143,
    "mh2": 516.1086877834606,
    "mhz": 591.7550600839728
}