{
    "mh1": 511.89679258782803,
    "mh2": 496.94605269339036
}