{
    "mh1": 529.5148628227421,
    "mh2": 536.0028996053501,
    "mhz": 532.646446157761
}