{
    "mh1": 510.32672734578364,
    "mh2": 518.3461818651917,
    "mhz": 626.3495167849956
}