{
    "mh1": 507.4391886460776,
    "mh2": 515.5668416399022,
    "mhz": 474.7402215698609
}