{
    "mh1": 514.7105936979201,
    "mh2": 533.7874817853095,
    "mhz": 449.3338156079743
}