{
    "mh1": 509.01837770659387,
    "mh2": 511.20573228004645,
    "mhz": 477.47601401735017
}