{
    "mh1": 515.5862176871474,
    "mh2": 513.9681185858457,
    "mhz": 475.87124866428536
}