{
    "mh1": 511.7914198882572,
    "mh2": 516.4396691384002,
    "mhz": 456.4881724225912
}