{
    "mh1": 516.7741741214478,
    "mh2": 539.7536912857738
}