{
    "mh1": 520.9838711703977,
    "mh2": 515.7652231273428,
    "mhz": 508.8903882679868
}