{
    "mh1": 517.3601982364904,
    "mh2": 532.677817009815,
    "mhz": 452.97800436640506
}