{
    "mh1": 525.8478894656809,
    "mh2": 495.6070801842931,
    "mhz": 497.19187355365545
}