{
    "mh1": 525.0496282295071,
    "mh2": 527.6412605753283,
    "mhz": 521.6504612628411
}