{
    "mh1": 512.0528799515309,
    "mh2": 494.41760304544175
}