{
    "mh1": 513.6901559220812,
    "mh2": 496.12148971607854
}