{
    "mh1": 511.12298197208,
    "mh2": 503.2124020144056,
    "mhz": 489.0662944712379
}