{
    "mh1": 526.8362312934834,
    "mh2": 488.8785972584308,
    "mhz": 494.3469654723906
}