{
    "mh1": 511.8362933005099,
    "mh2": 489.93909937981033
}