{
    "mh1": 514.8874126010253,
    "mh2": 521.2789391281786,
    "mhz": 553.9887541032924
}