{
    "mh1": 519.685510191945,
    "mh2": 548.921060778583,
    "mhz": 585.6309680601541
}