{
    "mh1": 517.6997669352384,
    "mh2": 519.4298483076775,
    "mhz": 532.6632734786717
}