{
    "mh1": 518.8305065529494,
    "mh2": 522.7840937143985,
    "mhz": 518.8066410393335
}