{
    "mh1": 524.4883784436672,
    "mh2": 494.96284217859983,
    "mhz": 526.8922559040439
}