{
    "mh1": 511.98701979350466,
    "mh2": 492.31958791703136
}