{
    "mh1": 512.9536133746174,
    "mh2": 521.0704404964882,
    "mhz": 554.3343060982539
}