{
    "mh1": 531.4845184127913,
    "mh2": 475.9852104753734,
    "mhz": 482.98320604692253
}