{
    "mh1": 513.5769086023859,
    "mh2": 532.0270750918957,
    "mhz": 528.2698033449733
}