{
    "mh1": 527.071088147833,
    "mh2": 495.1628502468727,
    "mhz": 496.3280026463824
}