{
    "mh1": 512.2581904424679,
    "mh2": 512.7549445003277,
    "mhz": 456.64927386910017
}