{
    "mh1": 511.9654532040548,
    "mh2": 491.1898827337414
}