{
    "mh1": 514.2104510823646,
    "mh2": 514.7014840837527
}