{
    "mh1": 516.1499267581547,
    "mh2": 516.3404285516538,
    "mhz": 473.84364771763586
}