{
    "mh1": 506.9542115038202,
    "mh2": 504.1780847766493,
    "mhz": 491.57048284971484
}