{
    "mh1": 526.0797863038612,
    "mh2": 495.9819180190263,
    "mhz": 497.3541217823167
}