{
    "mh1": 527.0990163498138,
    "mh2": 490.118677097304,
    "mhz": 493.15118709948524
}