{
    "mh1": 517.7922580983331,
    "mh2": 518.7504171478791,
    "mhz": 533.25803892791
}