{
    "mh1": 522.3327910747739,
    "mh2": 519.0308912456728,
    "mhz": 510.381210850107
}