{
    "mh1": 509.53739235454736,
    "mh2": 519.556862676457,
    "mhz": 457.3010555645984
}