{
    "mh1": 516.0457603836435,
    "mh2": 514.2873405930454,
    "mhz": 476.31738663889075
}