{
    "mh1": 516.0919522959246,
    "mh2": 510.5672242333604,
    "mhz": 535.7646400055908
}