{
    "mh1": 516.9473098252297,
    "mh2": 528.6624059768691,
    "mhz": 555.408693719083
}