{
    "mh1": 514.9512192556676,
    "mh2": 516.551318443527,
    "mhz": 444.73589122188423
}