{
    "mh1": 524.2874339847594,
    "mh2": 525.8001363576767,
    "mhz": 521.034882968811
}