{
    "mh1": 513.5775645435274,
    "mh2": 519.9363978555948,
    "mhz": 563.132836912906
}