{
    "mh1": 527.1301570397238,
    "mh2": 525.0368099453281,
    "mhz": 493.14203193482285
}