{
    "mh1": 526.9013803774506,
    "mh2": 491.0428366718497,
    "mhz": 493.9408785328821
}