{
    "mh1": 518.3677238021855,
    "mh2": 543.9167450323182,
    "mhz": 578.6713825161587
}