{
    "mh1": 513.1442275081843,
    "mh2": 510.423030445826,
    "mhz": 541.1755094318069
}