{
    "mh1": 516.1813192385162,
    "mh2": 503.1664542299387,
    "mhz": 491.6545318166082
}