{
    "mh1": 517.4395684007168,
    "mh2": 520.2922830049015,
    "mhz": 532.0488663189007
}