{
    "mh1": 512.9103705711113,
    "mh2": 526.3351253352355,
    "mhz": 542.7372017529906
}