{
    "mh1": 514.5494670167309,
    "mh2": 533.437349929719,
    "mhz": 574.2871981717683
}