{
    "mh1": 516.5419880752913,
    "mh2": 516.6064153184329,
    "mhz": 549.0378701212494
}