{
    "mh1": 511.00003870180086,
    "mh2": 528.3705473294972
}