{
    "mh1": 518.0390067443286,
    "mh2": 547.9058630808988,
    "mhz": 436.1330971659919
}