{
    "mh1": 511.94516503472937,
    "mh2": 490.85293704657147
}