{
    "mh1": 573.2946216789575,
    "mh2": 582.4862285610392,
    "mhz": 516.1531859279429
}