{
    "mh1": 516.4866621703743,
    "mh2": 538.6880777810395,
    "mhz": 509.96131043270395
}