{
    "mh1": 512.1927257445586,
    "mh2": 517.0567071767733,
    "mhz": 596.0601912245138
}