{
    "mh1": 507.201884059259,
    "mh2": 505.91848570864875,
    "mhz": 489.472080965644
}