{
    "mh1": 516.0999226491105,
    "mh2": 502.968528023604,
    "mhz": 531.5480255847121
}