{
    "mh1": 524.2022004872301,
    "mh2": 526.8291022913952,
    "mhz": 520.4127442245447
}