{
    "mh1": 507.3614960892664,
    "mh2": 505.83969748374824,
    "mhz": 489.6639081062194
}