{
    "mh1": 525.6005913737257,
    "mh2": 495.38490216149137,
    "mhz": 497.5770576337256
}