{
    "mh1": 527.9121244001412,
    "mh2": 487.30844417415074,
    "mhz": 490.81640149873476
}