{
    "mh1": 511.75696657080147,
    "mh2": 517.4354995357755,
    "mhz": 421.37805953791735
}