{
    "mh1": 511.99791442317104,
    "mh2": 515.9566421905779,
    "mhz": 576.6826797031486
}