{
    "mh1": 509.0219462212702,
    "mh2": 509.69841682336323,
    "mhz": 481.2649606759614
}