{
    "mh1": 514.9987054969762,
    "mh2": 520.0738822280673,
    "mhz": 488.3975709198877
}