{
    "mh1": 527.6875561261717,
    "mh2": 526.4945559523226,
    "mhz": 526.530359394759
}