{
    "mh1": 526.8078914971309,
    "mh2": 527.6576868505613,
    "mhz": 535.7689563225298
}