{
    "mh1": 514.6340695549476,
    "mh2": 528.4299126977055
}