{
    "mh1": 502.06426355857224,
    "mh2": 550.2705625018577
}