{
    "mh1": 526.2396345355191,
    "mh2": 497.0338570491803,
    "mhz": 526.2730655568573
}