{
    "mh1": 522.6722001644133,
    "mh2": 526.9753136084739,
    "mhz": 521.0360765327629
}