{
    "mh1": 512.195890106203,
    "mh2": 490.4697236597846,
    "mhz": 509.4390416916644
}