{
    "mh1": 507.5329170083475,
    "mh2": 491.4609743275212,
    "mhz": 513.3867406702723
}