{
    "mh1": 512.0291824321268,
    "mh2": 515.2555133237479,
    "mhz": 511.49647742650467
}