{
    "mh1": 523.8785376030849,
    "mh2": 529.4197152326269,
    "mhz": 521.2270983335767
}