{
    "mh1": 511.87441741482866,
    "mh2": 517.0202040201286,
    "mhz": 448.4532243510561
}