{
    "mh1": 508.878733310678,
    "mh2": 509.42987869498575,
    "mhz": 481.76824307990904
}