{
    "mh1": 505.71260934079606,
    "mh2": 522.543026785906,
    "mhz": 493.1721232973576
}