{
    "mh1": 528.81099625096,
    "mh2": 490.32450744733336,
    "mhz": 492.5379260757297
}