{
    "mh1": 513.0711718490263,
    "mh2": 503.54097293551735,
    "mhz": 490.5601229774256
}