{
    "mh1": 514.988039976931,
    "mh2": 512.6313292669417,
    "mhz": 476.9507233686402
}