{
    "mh1": 511.7960948160949,
    "mh2": 497.2762139264338
}