{
    "mh1": 541.69222215358,
    "mh2": 526.3977301209072,
    "mhz": 529.6200145442222
}