{
    "mh1": 526.355568126631,
    "mh2": 496.32438004767494,
    "mhz": 497.2553841337268
}