{
    "mh1": 526.1196385326195,
    "mh2": 495.5518097062468,
    "mhz": 497.40677173767864
}