{
    "mh1": 523.6264888233403,
    "mh2": 526.394536437728,
    "mhz": 520.002371283184
}