{
    "mh1": 514.5697231008094,
    "mh2": 494.49408957017914
}