{
    "mh1": 513.9910670113995,
    "mh2": 519.1403405107836,
    "mhz": 589.3140139602938
}