{
    "mh1": 516.792108381306,
    "mh2": 541.2431748950085,
    "mhz": 555.7109876493585
}