{
    "mh1": 512.0713757669846,
    "mh2": 490.140891583402,
    "mhz": 511.9943638908697
}