{
    "mh1": 510.3200032890651,
    "mh2": 518.4573386004752,
    "mhz": 416.407337362993
}