{
    "mh1": 514.6814414502592,
    "mh2": 512.260709223329,
    "mhz": 476.8111569229586
}