{
    "mh1": 512.2523636693211,
    "mh2": 513.1783457321767,
    "mhz": 442.2675240906079
}