{
    "mh1": 529.08322651681,
    "mh2": 535.1136942134735,
    "mhz": 532.5008133950112
}