{
    "mh1": 514.8240264992759,
    "mh2": 514.612983196654,
    "mhz": 514.4612460320095
}