{
    "mh1": 512.1796832389343,
    "mh2": 493.283974141578
}