{
    "mh1": 514.2042197592743,
    "mh2": 523.3620035755443,
    "mhz": 551.3413318934867
}