{
    "mh1": 513.3397721974288,
    "mh2": 519.1178302698667,
    "mhz": 601.138861329734
}