{
    "mh1": 508.19435991463314,
    "mh2": 512.1169723728322,
    "mhz": 478.81636544780815
}