{
    "mh1": 506.4496738991357,
    "mh2": 503.77799160803863,
    "mhz": 492.4938488638057
}