{
    "mh1": 511.98465823489335,
    "mh2": 490.11162956956485,
    "mhz": 510.0145717130279
}