{
    "mh1": 522.6475393557209,
    "mh2": 531.898881145437,
    "mhz": 512.9694189065283
}