{
    "mh1": 507.16306209718164,
    "mh2": 503.41053948964196,
    "mhz": 491.98897050410744
}