{
    "mh1": 506.76514247846256,
    "mh2": 503.96745759237433,
    "mhz": 492.0021771477244
}