{
    "mh1": 526.5630629105136,
    "mh2": 527.137404376065,
    "mhz": 536.4919484314721
}