{
    "mh1": 525.5985439253841,
    "mh2": 572.0037519875038
}