{
    "mh1": 528.9977960440651,
    "mh2": 512.6025852998647,
    "mhz": 520.8993849525737
}