{
    "mh1": 519.5218829984046,
    "mh2": 553.1149508925566,
    "mhz": 585.2624407884684
}