{
    "mh1": 536.1273654565118,
    "mh2": 522.81159727928,
    "mhz": 556.9544401544401
}