{
    "mh1": 504.2053282788014,
    "mh2": 559.6333547889942,
    "mhz": 515.1220738603934
}