{
    "mh1": 530.4953314169412,
    "mh2": 532.864871764385,
    "mhz": 493.12500874260377
}