{
    "mh1": 506.1352236123737,
    "mh2": 545.7283233544496
}