{
    "mh1": 524.1959999859931,
    "mh2": 528.3881400059879,
    "mhz": 521.4078624379756
}