{
    "mh1": 515.6214032397536,
    "mh2": 519.0358310748272,
    "mhz": 458.94968919866966
}