{
    "mh1": 525.1708506805829,
    "mh2": 527.4418600994447,
    "mhz": 521.1374518696584
}