{
    "mh1": 517.2228924352128,
    "mh2": 517.6377899428998,
    "mhz": 489.90443764655384
}