{
    "mh1": 527.4380559823913,
    "mh2": 489.78443041654555,
    "mhz": 533.0206839985049
}