{
    "mh1": 518.3852564998602,
    "mh2": 526.7707588197574,
    "mhz": 520.6917930528376
}