{
    "mh1": 514.1060461218367,
    "mh2": 527.7419149457187,
    "mhz": 543.3946340206933
}