{
    "mh1": 520.0562064927267,
    "mh2": 524.4948588639763,
    "mhz": 519.5718461126909
}