{
    "mh1": 502.24568380629006,
    "mh2": 548.5460631696651
}