{
    "mh1": 522.8886485024677,
    "mh2": 528.9913686250648,
    "mhz": 520.1836984202105
}