{
    "mh1": 526.8844407402644,
    "mh2": 493.3258681571176,
    "mhz": 495.5437742059395
}