{
    "mh1": 524.0882581446214,
    "mh2": 495.1755126647803,
    "mhz": 497.22104777762627
}