{
    "mh1": 517.0437132704906,
    "mh2": 519.5116593431613,
    "mhz": 517.0843502876515
}