{
    "mh1": 515.8344074924353,
    "mh2": 539.9429763438444,
    "mhz": 574.6462084168477
}