{
    "mh1": 508.9285010548314,
    "mh2": 511.4202535947618,
    "mhz": 478.98438810632575
}