{
    "mh1": 525.4432887723897,
    "mh2": 527.4594726366247,
    "mhz": 544.1870600752272
}