{
    "mh1": 504.78428093937663,
    "mh2": 558.718940890575,
    "mhz": 516.3590289667703
}