{
    "mh1": 514.5641463292908,
    "mh2": 528.8825920306635,
    "mhz": 485.4454884816545
}