{
    "mh1": 514.6193740798203,
    "mh2": 493.3305892220138
}