{
    "mh1": 507.5595381735706,
    "mh2": 513.7207364042793,
    "mhz": 511.30607814761214
}