{
    "mh1": 523.5740374821578,
    "mh2": 527.6589893392129,
    "mhz": 518.9606606811221
}