{
    "mh1": 514.0418155480445,
    "mh2": 509.050195736188,
    "mhz": 541.7932746388825
}