{
    "mh1": 514.171654842668,
    "mh2": 495.572340616851
}