{
    "mh1": 525.1404940156455,
    "mh2": 494.5556100259824,
    "mhz": 527.3331494953209
}