{
    "mh1": 527.4261086425824,
    "mh2": 520.7166411130488,
    "mhz": 492.9867841254955
}