{
    "mh1": 516.7617141110416,
    "mh2": 520.7471101210763,
    "mhz": 532.7578738220889
}