{
    "mh1": 514.3992309978119,
    "mh2": 532.3196606139213
}