{
    "mh1": 517.3322454570391,
    "mh2": 540.0613303143389,
    "mhz": 574.0217121273797
}