{
    "mh1": 526.5581750896346,
    "mh2": 492.87934631432546,
    "mhz": 495.31138535407456
}