{
    "mh1": 506.57100231504353,
    "mh2": 503.40429338735066,
    "mhz": 491.6399173505596
}