{
    "mh1": 516.7966196454715,
    "mh2": 505.27703118229977,
    "mhz": 490.05256123554284
}