{
    "mh1": 529.8243761703259,
    "mh2": 525.0853487107031,
    "mhz": 526.1240060538926
}