{
    "mh1": 527.2279562439462,
    "mh2": 490.8492244039071,
    "mhz": 511.6789936516738
}