{
    "mh1": 526.9128260367777,
    "mh2": 496.2357589513664,
    "mhz": 497.054647226283
}