{
    "mh1": 533.9113500025636,
    "mh2": 581.8266620829845,
    "mhz": 698.2928583168091
}