{
    "mh1": 528.0236700797924,
    "mh2": 486.8771816022393,
    "mhz": 490.483091706628
}