{
    "mh1": 520.680181256729,
    "mh2": 514.7458533190021,
    "mhz": 516.6543496471725
}