{
    "mh1": 515.3445592939702,
    "mh2": 508.9877880838705,
    "mhz": 536.3004852990296
}