{
    "mh1": 517.8237299534587,
    "mh2": 536.6283852550355,
    "mhz": 568.5281487721859
}