{
    "mh1": 507.622292557285,
    "mh2": 502.095432555967,
    "mhz": 490.31814350120885
}