{
    "mh1": 515.861322605313,
    "mh2": 514.5149484220381,
    "mhz": 487.5084773642388
}