{
    "mh1": 522.1715463177368,
    "mh2": 542.49267470873
}