{
    "mh1": 514.415850466113,
    "mh2": 532.302500170502,
    "mhz": 454.09084486846797
}