{
    "mh1": 516.3920922570017,
    "mh2": 505.89280030845805,
    "mhz": 489.4102554216192
}