{
    "mh1": 520.5770063051658,
    "mh2": 550.5342452728863,
    "mhz": 582.514606662441
}