{
    "mh1": 524.7890995690468,
    "mh2": 529.3835896208107,
    "mhz": 521.7559959008588
}