{
    "mh1": 520.5157791686953,
    "mh2": 515.3830417703584,
    "mhz": 515.2914200250787
}