{
    "mh1": 517.441771228301,
    "mh2": 518.0132510828194,
    "mhz": 477.4792608757996
}