{
    "mh1": 515.0562540969995,
    "mh2": 510.64090381495777,
    "mhz": 478.9292162093185
}