{
    "mh1": 524.837966885809,
    "mh2": 572.6035745796025
}