{
    "mh1": 527.1595915009943,
    "mh2": 491.08686294022846,
    "mhz": 493.6900104800571
}