{
    "mh1": 503.94653034587776,
    "mh2": 559.9014640948176
}