{
    "mh1": 512.5606011267625,
    "mh2": 521.3700208322392,
    "mhz": 565.6179781770827
}