{
    "mh1": 552.4604137278438,
    "mh2": 512.9188536583229,
    "mhz": 522.8965693678791
}