{
    "mh1": 516.2792407672688,
    "mh2": 528.3338364595289,
    "mhz": 522.0528219945775
}