{
    "mh1": 514.7729998912079,
    "mh2": 520.580034356965,
    "mhz": 560.3993546372071
}