{
    "mh1": 505.9997376301354,
    "mh2": 503.5029000514243,
    "mhz": 488.8081778222442
}