{
    "mh1": 519.9973958238218,
    "mh2": 548.8454966108628,
    "mhz": 511.6192259926215
}