{
    "mh1": 516.8934409881381,
    "mh2": 503.2686325436594,
    "mhz": 492.15042378069046
}