{
    "mh1": 522.9434281113038,
    "mh2": 560.1307639330366
}