{
    "mh1": 506.5463056944194,
    "mh2": 504.2366927748413,
    "mhz": 492.3728690571326
}