{
    "mh1": 512.2247057772577,
    "mh2": 518.1882178195277,
    "mhz": 602.9372568596025
}