{
    "mh1": 535.1786878715129,
    "mh2": 493.4416059350686,
    "mhz": 527.511708443848
}