{
    "mh1": 524.5957548529525,
    "mh2": 545.2535857575363
}