{
    "mh1": 511.0042578662426,
    "mh2": 518.9842389546716,
    "mhz": 584.8007765179264
}