{
    "mh1": 510.97385709174836,
    "mh2": 498.0837214930587
}