{
    "mh1": 512.3058007162957,
    "mh2": 521.1782494782184,
    "mhz": 563.7993888771373
}