{
    "mh1": 514.6799774241911,
    "mh2": 494.3091504695348
}