{
    "mh1": 506.67062739224497,
    "mh2": 504.3166204268079,
    "mhz": 492.40035660739557
}