{
    "mh1": 519.472587974439,
    "mh2": 520.0162663692479,
    "mhz": 511.68514377027526
}