{
    "mh1": 516.8077307953574,
    "mh2": 521.7105624543462,
    "mhz": 532.8329613978444
}