{
    "mh1": 516.9838471344708,
    "mh2": 519.1058508145464,
    "mhz": 515.999721952627
}