{
    "mh1": 512.018973777331,
    "mh2": 512.727574245647
}