{
    "mh1": 514.7293830723545,
    "mh2": 529.001945409311
}