{
    "mh1": 517.6851602753478,
    "mh2": 539.4847315357898,
    "mhz": 581.5377988884
}