{
    "mh1": 525.6569123664359,
    "mh2": 496.7457755306039,
    "mhz": 497.7692500260034
}