{
    "mh1": 524.8627489144809,
    "mh2": 529.4362627927368,
    "mhz": 522.0268258475509
}