{
    "mh1": 506.34429429455975,
    "mh2": 503.89728046487295,
    "mhz": 492.42087769364656
}