{
    "mh1": 515.5256802881199,
    "mh2": 512.6178480578026,
    "mhz": 512.6307559109772
}