{
    "mh1": 524.2699285427259,
    "mh2": 518.0747212889632,
    "mhz": 553.71606743536
}