{
    "mh1": 512.0439212740123,
    "mh2": 492.420537675176
}