{
    "mh1": 510.89684612856075,
    "mh2": 499.7988393704835,
    "mhz": 518.9563952420358
}