{
    "mh1": 538.5346096167286,
    "mh2": 515.0727433646967,
    "mhz": 541.6338719901387
}