{
    "mh1": 524.9820287511985,
    "mh2": 529.1363162351887,
    "mhz": 503.6530318008836
}