{
    "mh1": 496.59145741552044,
    "mh2": 530.9147310257091,
    "mhz": 545.9192063394987
}