{
    "mh1": 531.6415826015702,
    "mh2": 475.45784720192063,
    "mhz": 512.9437083232751
}