{
    "mh1": 512.0709262291069,
    "mh2": 492.9642084651576
}