{
    "mh1": 523.9083620228256,
    "mh2": 529.5002455301154,
    "mhz": 520.6872591100984
}