{
    "mh1": 523.8735250906349,
    "mh2": 524.5861019899095,
    "mhz": 520.6738117132257
}