{
    "mh1": 517.3648929990222,
    "mh2": 513.9753741238871,
    "mhz": 509.01685738872845
}