{
    "mh1": 527.402659854234,
    "mh2": 490.3628511568496,
    "mhz": 492.998231659584
}