{
    "mh1": 513.72356419237,
    "mh2": 519.5510619107426,
    "mhz": 605.2145427430335
}