{
    "mh1": 514.8298727971612,
    "mh2": 494.46188862155566
}