{
    "mh1": 525.9925207383499,
    "mh2": 527.1874236564852,
    "mhz": 521.038366098733
}