{
    "mh1": 513.4455763604342,
    "mh2": 522.9025429801993,
    "mhz": 525.954941639121
}