{
    "mh1": 511.96310979024895,
    "mh2": 494.9369416673668
}