{
    "mh1": 506.2447574245698,
    "mh2": 504.2582975563632,
    "mhz": 492.69326844486704
}