{
    "mh1": 506.8219064474673,
    "mh2": 504.0986823966773,
    "mhz": 492.46505557445465
}