{
    "mh1": 565.4106441026164,
    "mh2": 570.014266462704
}