{
    "mh1": 511.21939427470016,
    "mh2": 495.35250193637273
}