{
    "mh1": 519.2790591295143,
    "mh2": 517.7126112247383,
    "mhz": 549.1807765040319
}