{
    "mh1": 508.8969862390538,
    "mh2": 512.2346822548784,
    "mhz": 480.77530539332844
}