{
    "mh1": 522.8405616364615,
    "mh2": 549.1220540517077
}