{
    "mh1": 513.9678934782801,
    "mh2": 508.6807003116496
}