{
    "mh1": 513.3433192997169,
    "mh2": 511.2584637029445,
    "mhz": 476.83258080523035
}