{
    "mh1": 512.3963699707799,
    "mh2": 493.4639607999595
}