{
    "mh1": 511.63331677818076,
    "mh2": 491.1682423263102
}