{
    "mh1": 523.2221896732763,
    "mh2": 549.6775450859136
}