{
    "mh1": 502.59203371587523,
    "mh2": 483.23156263323057
}