{
    "mh1": 513.2153063665984,
    "mh2": 525.1339136645843,
    "mhz": 477.77172169496055
}