{
    "mh1": 512.2165678777627,
    "mh2": 516.3080622871828,
    "mhz": 593.0591326558244
}