{
    "mh1": 507.4783678413263,
    "mh2": 543.2485250844625
}