{
    "mh1": 511.0316532261667,
    "mh2": 515.2436169148184,
    "mhz": 546.5801479390377
}