{
    "mh1": 510.2461605957807,
    "mh2": 518.3118883288096,
    "mhz": 602.3257520029779
}