{
    "mh1": 509.8050678258899,
    "mh2": 519.6045534435793,
    "mhz": 611.8574526042653
}