{
    "mh1": 501.8521968951953,
    "mh2": 503.9811020856202,
    "mhz": 527.0452271011465
}