{
    "mh1": 500.1914711091928,
    "mh2": 474.5686078207328
}