{
    "mh1": 514.2809228518372,
    "mh2": 511.16403279935713,
    "mhz": 476.1530580089854
}