{
    "mh1": 512.0580399870047,
    "mh2": 514.9680838361206,
    "mhz": 551.7346951316938
}