{
    "mh1": 517.1352749185794,
    "mh2": 518.8895319471336,
    "mhz": 533.0970964370147
}