{
    "mh1": 500.8079735786742,
    "mh2": 453.98440050186804
}