{
    "mh1": 511.6605821259333,
    "mh2": 518.5588885004437,
    "mhz": 527.6791511954682
}