{
    "mh1": 526.2352970979425,
    "mh2": 569.8972084100621
}