{
    "mh1": 520.2759909298671,
    "mh2": 551.3468352893493,
    "mhz": 582.1908832824469
}