{
    "mh1": 513.5497134763663,
    "mh2": 528.1294515338154
}