{
    "mh1": 526.289769124613,
    "mh2": 493.1560837680341,
    "mhz": 495.5827827390467
}