{
    "mh1": 525.1716129551145,
    "mh2": 496.15089064663675,
    "mhz": 497.37057998685185
}