{
    "mh1": 504.3699198530932,
    "mh2": 523.0029333272587,
    "mhz": 520.2150649168609
}