{
    "mh1": 526.0467875370972,
    "mh2": 495.02199826311073,
    "mhz": 496.9839022015849
}