{
    "mh1": 528.8523483716282,
    "mh2": 514.1744811984538,
    "mhz": 517.4764921943469
}