{
    "mh1": 515.7356531769682,
    "mh2": 512.723343554449,
    "mhz": 476.8284208745535
}