{
    "mh1": 506.8064611141345,
    "mh2": 504.11077170951125,
    "mhz": 492.39409715449375
}