{
    "mh1": 499.3464151932739,
    "mh2": 573.2430490954216
}