{
    "mh1": 515.1420255845535,
    "mh2": 528.169671748942
}