{
    "mh1": 520.500691033685,
    "mh2": 551.771929579335,
    "mhz": 583.3320165077856
}