{
    "mh1": 525.9541902612693,
    "mh2": 494.85954845537117,
    "mhz": 497.04028369589594
}