{
    "mh1": 512.0254623531035,
    "mh2": 526.5741071636596,
    "mhz": 575.3996512382298
}