{
    "mh1": 513.5508414415899,
    "mh2": 528.4789682762296,
    "mhz": 575.6656262862448
}