{
    "mh1": 522.0401546605447,
    "mh2": 529.8756388593144
}