{
    "mh1": 519.0185781776097,
    "mh2": 511.4720355773134,
    "mhz": 494.7485943483108
}