{
    "mh1": 525.6294475802786,
    "mh2": 495.52923669835144,
    "mhz": 497.5662119699309
}