{
    "mh1": 519.5165673307979,
    "mh2": 522.7785125656293,
    "mhz": 518.8214813048021
}