{
    "mh1": 517.0067523047973,
    "mh2": 523.9968139098405,
    "mhz": 531.901026805167
}