{
    "mh1": 517.6828083004091,
    "mh2": 525.9190592231187,
    "mhz": 517.5353195461021
}