{
    "mh1": 516.403506697764,
    "mh2": 516.3225607068764,
    "mhz": 545.3962380682998
}