{
    "mh1": 519.3915417338083,
    "mh2": 553.3929227451234,
    "mhz": 578.3645146632178
}