{
    "mh1": 512.7291158580323,
    "mh2": 518.2645890044939,
    "mhz": 562.9462710764077
}