{
    "mh1": 502.26497521337933,
    "mh2": 558.3991308249246
}