{
    "mh1": 511.8860808132438,
    "mh2": 502.5473625517374,
    "mhz": 491.6944422105344
}