{
    "mh1": 517.4967853954886,
    "mh2": 520.0151898352772,
    "mhz": 491.96499150681524
}