{
    "mh1": 515.2599157781372,
    "mh2": 512.5881709076831,
    "mhz": 475.982303968409
}