{
    "mh1": 512.8477191682814,
    "mh2": 519.567052780544,
    "mhz": 608.2452526254916
}