{
    "mh1": 524.0207055402778,
    "mh2": 526.6649349193476,
    "mhz": 520.8660084181543
}