{
    "mh1": 508.01176380118807,
    "mh2": 509.1504988840866,
    "mhz": 482.00479560984985
}