{
    "mh1": 511.2510144126205,
    "mh2": 497.9723382886099
}