{
    "mh1": 511.2752984595523,
    "mh2": 497.95562805872754
}