{
    "mh1": 522.0026315559555,
    "mh2": 540.4112679846843
}