{
    "mh1": 502.00255378437936,
    "mh2": 493.8558181216711,
    "mhz": 520.1269173611439
}