{
    "mh1": 527.2122041091724,
    "mh2": 495.9453032956814,
    "mhz": 527.1175280942084
}