{
    "mh1": 518.8282014710406,
    "mh2": 522.0879597422892,
    "mhz": 517.7926552586041
}