{
    "mh1": 512.1725957673384,
    "mh2": 493.095888827391
}