{
    "mh1": 528.6052761414813,
    "mh2": 532.3341985564005,
    "mhz": 530.533540434843
}