{
    "mh1": 551.5096408813222,
    "mh2": 515.3560862292279,
    "mhz": 524.1461454287382
}