{
    "mh1": 514.591486670507,
    "mh2": 518.062432065337,
    "mhz": 491.01798551646266
}