{
    "mh1": 517.6764369908686,
    "mh2": 523.0780071715551,
    "mhz": 516.7767070695893
}