{
    "mh1": 518.9641677308675,
    "mh2": 541.943626170706,
    "mhz": 574.3916464457477
}