{
    "mh1": 525.884967991642,
    "mh2": 494.7441469930374,
    "mhz": 496.9094172730348
}