{
    "mh1": 524.5107247958118,
    "mh2": 561.4961688504802
}