{
    "mh1": 518.3716659557831,
    "mh2": 538.8977388850284,
    "mhz": 453.10251912670276
}