{
    "mh1": 549.7898063764384,
    "mh2": 519.7548339351697,
    "mhz": 527.0036758337984
}