{
    "mh1": 524.6077330800468,
    "mh2": 569.3946211488085,
    "mhz": 519.9410067925933
}