{
    "mh1": 515.1089077718756,
    "mh2": 512.6579936711519,
    "mhz": 557.4838010842441
}