{
    "mh1": 511.9760428930086,
    "mh2": 490.08907919115626,
    "mhz": 510.08155677538775
}