{
    "mh1": 523.3304243369516,
    "mh2": 567.3634420862655,
    "mhz": 517.9706731308149
}