{
    "mh1": 509.98170374576176,
    "mh2": 502.93707236865674,
    "mhz": 509.2252739573852
}