{
    "mh1": 522.3487981962362,
    "mh2": 539.9735522677736
}