{
    "mh1": 512.1248702731746,
    "mh2": 518.8954807253101,
    "mhz": 416.181807204035
}