{
    "mh1": 514.9918731667315,
    "mh2": 514.4433526193873,
    "mhz": 514.1207092317882
}