{
    "mh1": 506.9158779565638,
    "mh2": 504.2392747863398,
    "mhz": 492.3177475429036
}