{
    "mh1": 517.6253439572058,
    "mh2": 503.8116860611662,
    "mhz": 492.34245644989636
}