{
    "mh1": 517.0069535513346,
    "mh2": 532.5479628079144,
    "mhz": 461.70779801070614
}