{
    "mh1": 523.4621271265388,
    "mh2": 525.4128427168932,
    "mhz": 519.5286174434476
}