{
    "mh1": 526.9208328879278,
    "mh2": 484.22499163218777,
    "mhz": 488.30029563245546
}