{
    "mh1": 526.8978423148078,
    "mh2": 532.2507769685387,
    "mhz": 494.88294701755365
}