{
    "mh1": 524.8367981185166,
    "mh2": 496.2270396735402,
    "mhz": 526.4198704375794
}