{
    "mh1": 516.2994282887431,
    "mh2": 517.9919812926065,
    "mhz": 473.51419319302113
}