{
    "mh1": 526.7931990788026,
    "mh2": 493.6154631810219,
    "mhz": 495.8539303253971
}