{
    "mh1": 527.4509171478024,
    "mh2": 488.8317421870488,
    "mhz": 491.90525593637994
}