{
    "mh1": 523.2339245082354,
    "mh2": 529.0879894834378,
    "mhz": 519.3757919336875
}