{
    "mh1": 500.154019195897,
    "mh2": 477.9766429846383
}