{
    "mh1": 515.2152887042748,
    "mh2": 520.6729644632246,
    "mhz": 484.907113550027
}