{
    "mh1": 518.7687996460994,
    "mh2": 503.67878242049534,
    "mhz": 492.9048501116518
}