{
    "mh1": 526.2052688585304,
    "mh2": 535.3206491736837,
    "mhz": 54.48676146885157
}