{
    "mh1": 510.7526412289135,
    "mh2": 501.9157804228403,
    "mhz": 510.64510440526476
}