{
    "mh1": 511.9651912575025,
    "mh2": 493.1960583864678
}