{
    "mh1": 522.8471235665047,
    "mh2": 568.9057272558764
}