{
    "mh1": 527.0056748824538,
    "mh2": 490.9402066237635,
    "mhz": 493.6059442598304
}