{
    "mh1": 514.7668730206447,
    "mh2": 518.3844135824047,
    "mhz": 593.8027023389861
}