{
    "mh1": 133.18846083966906,
    "mh2": 43.93161092631931,
    "mhz": 8.033973543716456
}