{
    "mh1": 527.054052729675,
    "mh2": 491.22715372257204,
    "mhz": 493.8182055235392
}