{
    "mh1": 527.3954595898251,
    "mh2": 489.30369663541865,
    "mhz": 492.1932467196555
}