{
    "mh1": 526.8151127220918,
    "mh2": 490.93890378813273,
    "mhz": 493.90321803389634
}