{
    "mh1": 523.9094883530296,
    "mh2": 528.3527792082225,
    "mhz": 520.3413426843879
}