{
    "mh1": 518.6690211549173,
    "mh2": 520.0468671007889,
    "mhz": 532.0929620786667
}