{
    "mh1": 511.9944900779316,
    "mh2": 493.6265802473682
}