{
    "mh1": 557.7388973116215,
    "mh2": 534.1233323876862
}