{
    "mh1": 512.009574724825,
    "mh2": 492.9459931166669
}