{
    "mh1": 515.2991203707838,
    "mh2": 534.1044683562175
}