{
    "mh1": 512.4585175091465,
    "mh2": 516.4804748749347,
    "mhz": 596.3391828148071
}