{
    "mh1": 527.9352802944607,
    "mh2": 488.8925961077121,
    "mhz": 491.9999964978453
}