{
    "mh1": 507.33737772992384,
    "mh2": 526.3280338939655,
    "mhz": 513.075013586242
}