{
    "mh1": 522.3546434330499,
    "mh2": 566.423334043899
}