{
    "mh1": 514.6429048641767,
    "mh2": 494.8318834446906
}