{
    "mh1": 513.0352223389356,
    "mh2": 519.1079995168042,
    "mhz": 555.9296594221292
}