{
    "mh1": 526.3029277512303,
    "mh2": 493.3372768087982,
    "mhz": 495.7835861080304
}