{
    "mh1": 515.9647484692816,
    "mh2": 517.2750562826859,
    "mhz": 551.0314149028957
}