{
    "mh1": 517.3503590484777,
    "mh2": 516.9566032606313,
    "mhz": 512.8807819315625
}