{
    "mh1": 525.4416895606805,
    "mh2": 545.8140616502044,
    "mhz": 573.3897119060024
}