{
    "mh1": 511.7719201620268,
    "mh2": 494.84352872446755
}