{
    "mh1": 501.4678491774395,
    "mh2": 541.0089094684733
}