{
    "mh1": 526.0716127690002,
    "mh2": 494.2484794022158,
    "mhz": 496.366261698419
}