{
    "mh1": 527.9121483038326,
    "mh2": 493.2387765843048,
    "mhz": 495.0291655301202
}