{
    "mh1": 517.4070148652912,
    "mh2": 531.6600449707146,
    "mhz": 515.530668160817
}