{
    "mh1": 511.94797180290016,
    "mh2": 493.73023491752525
}