{
    "mh1": 511.0889506370042,
    "mh2": 493.53478779070275
}