{
    "mh1": 514.1756231196341,
    "mh2": 524.6607785890628,
    "mhz": 534.9985586926557
}