{
    "mh1": 505.9029877077711,
    "mh2": 503.36310545548866,
    "mhz": 493.1067657672091
}