{
    "mh1": 511.4783236867989,
    "mh2": 517.9079391257405,
    "mhz": 420.42608839972047
}