{
    "mh1": 544.7189681902402,
    "mh2": 521.8596591515712,
    "mhz": 462.321710099024
}