{
    "mh1": 513.8964290086215,
    "mh2": 537.7807499912548
}