{
    "mh1": 516.9021534440565,
    "mh2": 522.2008562654703,
    "mhz": 532.5806433530173
}