{
    "mh1": 508.77888608821235,
    "mh2": 508.08035105596656,
    "mhz": 485.83610451306413
}