{
    "mh1": 511.6442657904855,
    "mh2": 516.7532053746828,
    "mhz": 423.9294737357214
}