{
    "mh1": 523.7249216780211,
    "mh2": 524.6102337852949,
    "mhz": 519.436058498742
}