{
    "mh1": 518.5693320362205,
    "mh2": 546.2145503237535,
    "mhz": 582.4402081036894
}