{
    "mh1": 512.6395723710217,
    "mh2": 518.3844136084444,
    "mhz": 538.2109959913009
}