{
    "mh1": 517.0037081276678,
    "mh2": 525.2587038546395,
    "mhz": 576.5745457355519
}