{
    "mh1": 512.3635671904956,
    "mh2": 512.868657290792,
    "mhz": 436.2836135482697
}