{
    "mh1": 518.2157451533069,
    "mh2": 543.5905954573358,
    "mhz": 442.1313311842064
}