{
    "mh1": 517.6604933094297,
    "mh2": 524.0471014999231,
    "mhz": 542.2243706905891
}