{
    "mh1": 522.1237296493823,
    "mh2": 531.7233397523783
}