{
    "mh1": 507.1731655783556,
    "mh2": 513.9403128614484,
    "mhz": 481.7819067460792
}