{
    "mh1": 543.5001140542969,
    "mh2": 549.8556313376346,
    "mhz": 571.4565862747781
}