{
    "mh1": 525.957762986184,
    "mh2": 494.24844455083024,
    "mhz": 496.706980529555
}