{
    "mh1": 513.9440660140765,
    "mh2": 514.4730035110807,
    "mhz": 556.2106906313188
}