{
    "mh1": 530.1441165015007,
    "mh2": 528.2313831990145,
    "mhz": 528.7696275657395
}