{
    "mh1": 526.1013872328356,
    "mh2": 529.1293853774353,
    "mhz": 527.050156789209
}