{
    "mh1": 505.86109285644375,
    "mh2": 502.95501020707786,
    "mhz": 491.6300825654721
}