{
    "mh1": 521.0805163306068,
    "mh2": 517.4300085623919,
    "mhz": 512.8074080157687
}