{
    "mh1": 511.0400512258743,
    "mh2": 517.9106499550996,
    "mhz": 415.2892354353242
}