{
    "mh1": 512.1508435786509,
    "mh2": 517.5481152670644,
    "mhz": 600.5536389022805
}