{
    "mh1": 524.8533570669273,
    "mh2": 528.876787268654,
    "mhz": 522.3611053641623
}