{
    "mh1": 511.77398187232893,
    "mh2": 498.01167595163645
}