{
    "mh1": 515.0494274406431,
    "mh2": 525.9907438775379,
    "mhz": 463.5628401341656
}