{
    "mh1": 512.7158112701597,
    "mh2": 528.4505714935849,
    "mhz": 518.856171684517
}