{
    "mh1": 515.3436987334694,
    "mh2": 516.3244548311256,
    "mhz": 541.8403861121897
}