{
    "mh1": 531.9044633698408,
    "mh2": 530.7176861036498,
    "mhz": 530.5221035859945
}