{
    "mh1": 512.9072039477539,
    "mh2": 526.4754862216839,
    "mhz": 518.5007481813138
}