{
    "mh1": 512.1474973056575,
    "mh2": 514.2328678036056,
    "mhz": 528.3926383934086
}