{
    "mh1": 505.9291808005725,
    "mh2": 503.7432030209965,
    "mhz": 489.6739923142089
}