{
    "mh1": 506.34715464441916,
    "mh2": 503.00599478659854,
    "mhz": 531.3232234691541
}