{
    "mh1": 505.510142785256,
    "mh2": 521.7020869151954,
    "mhz": 493.1817034986931
}