{
    "mh1": 505.49702800266357,
    "mh2": 501.8436179160972,
    "mhz": 496.40215364665477
}