{
    "mh1": 508.7671386947001,
    "mh2": 509.85447292345816,
    "mhz": 486.80713312889367
}