{
    "mh1": 524.7448432635155,
    "mh2": 527.3040694732895,
    "mhz": 520.8176971017851
}