{
    "mh1": 501.04880891431486,
    "mh2": 453.9371449440735,
    "mhz": 519.6592689545985
}