{
    "mh1": 518.8304939990144,
    "mh2": 553.864387445369,
    "mhz": 439.83877022513934
}