{
    "mh1": 514.1490387187673,
    "mh2": 512.2562476313619,
    "mhz": 548.7983578635728
}