{
    "mh1": 528.0109111940246,
    "mh2": 513.446436128195,
    "mhz": 522.4405686144167
}