{
    "mh1": 504.3999947540984,
    "mh2": 506.0970510621108
}