{
    "mh1": 511.97663359556117,
    "mh2": 492.5716060188364
}