{
    "mh1": 517.96573603167,
    "mh2": 522.4733988317358,
    "mhz": 518.3251058809027
}