{
    "mh1": 507.42378658305665,
    "mh2": 520.9567484192678,
    "mhz": 532.5157201364948
}