{
    "mh1": 519.3142557509666,
    "mh2": 551.9301046456375,
    "mhz": 436.32492930649806
}