{
    "mh1": 519.9497325295067,
    "mh2": 548.2066950187528,
    "mhz": 583.4199277712237
}