{
    "mh1": 524.8879030235865,
    "mh2": 554.7820019240814
}