{
    "mh1": 514.8914596031478,
    "mh2": 541.2851834817533,
    "mhz": 578.9760525991758
}