{
    "mh1": 502.11722451017977,
    "mh2": 455.2985771739379
}