{
    "mh1": 506.5386718104161,
    "mh2": 503.0581387146126,
    "mhz": 488.6561461830639
}