{
    "mh1": 527.6609537091407,
    "mh2": 497.6253936519365,
    "mhz": 497.5812973604004
}