{
    "mh1": 511.9938082723728,
    "mh2": 493.5764445653796
}