{
    "mh1": 517.7190459680244,
    "mh2": 518.4204183221123,
    "mhz": 512.2241780985486
}