{
    "mh1": 516.4623471707225,
    "mh2": 534.7306179765444
}