{
    "mh1": 506.728361864364,
    "mh2": 504.56531985044256,
    "mhz": 491.33434889000637
}