{
    "mh1": 507.5982957903121,
    "mh2": 517.2622832290385,
    "mhz": 489.60891769537506
}