{
    "mh1": 516.8076023517926,
    "mh2": 520.5635228065773,
    "mhz": 534.5503297289245
}