{
    "mh1": 527.1583904334242,
    "mh2": 493.72396161327794,
    "mhz": 495.60170800526885
}