{
    "mh1": 527.238052599027,
    "mh2": 490.15674201695566,
    "mhz": 492.8528055888386
}