{
    "mh1": 525.9159847378388,
    "mh2": 494.07415670270234,
    "mhz": 496.4044671948567
}