{
    "mh1": 512.7262454312547,
    "mh2": 516.2893266042822,
    "mhz": 528.4182094222994
}