{
    "mh1": 513.8387146392963,
    "mh2": 518.4511234040322,
    "mhz": 562.5637570756242
}