{
    "mh1": 517.5128331549979,
    "mh2": 516.5882870219826,
    "mhz": 556.7034989632831
}