{
    "mh1": 518.522265353243,
    "mh2": 513.9751604147593,
    "mhz": 512.9565782893463
}