{
    "mh1": 515.0074933522487,
    "mh2": 515.5790314099081,
    "mhz": 553.1795848772468
}