{
    "mh1": 525.8941451134913,
    "mh2": 495.82870855087026,
    "mhz": 497.08327946146875
}