{
    "mh1": 510.5779651962201,
    "mh2": 514.424984338197,
    "mhz": 514.7393214278217
}