{
    "mh1": 510.6768447970671,
    "mh2": 500.6421282594855,
    "mhz": 509.25995599213593
}