{
    "mh1": 506.8575370224623,
    "mh2": 503.6809328665382,
    "mhz": 491.28534570883204
}