{
    "mh1": 510.0164472704921,
    "mh2": 504.2035818982274,
    "mhz": 509.0377871952928
}