{
    "mh1": 514.5093041013174,
    "mh2": 528.283072888324,
    "mhz": 567.1073256434379
}