{
    "mh1": 505.95086063904085,
    "mh2": 503.4936061241527,
    "mhz": 492.32859605983003
}