{
    "mh1": 545.7247628939527,
    "mh2": 512.2527390864932,
    "mhz": 519.717619225806
}