{
    "mh1": 524.9445600069032,
    "mh2": 524.8850974610734,
    "mhz": 519.611237077251
}