{
    "mh1": 505.9460186616292,
    "mh2": 519.9021200319856,
    "mhz": 492.52027419853994
}