{
    "mh1": 515.7071534423342,
    "mh2": 521.7377243709051,
    "mhz": 480.95536911051033
}