{
    "mh1": 511.9996030996692,
    "mh2": 492.77159887258534
}