{
    "mh1": 507.11993764013454,
    "mh2": 504.52198627029543,
    "mhz": 492.0184434557175
}