{
    "mh1": 535.5544981594663,
    "mh2": 536.1255045152806,
    "mhz": 556.9978282157097
}