{
    "mh1": 515.2247826165554,
    "mh2": 519.7357022510503,
    "mhz": 587.3005986811661
}