{
    "mh1": 527.3112627311382,
    "mh2": 488.0165113632482,
    "mhz": 491.42964244106605
}