{
    "mh1": 513.0412335758117,
    "mh2": 516.8650708471721,
    "mhz": 464.8500982015635
}