{
    "mh1": 512.6460546144158,
    "mh2": 515.8765481305953,
    "mhz": 513.2003756463246
}