{
    "mh1": 517.5142107879512,
    "mh2": 535.8496558034316,
    "mhz": 454.0091027636091
}