{
    "mh1": 507.011966655349,
    "mh2": 521.5195441813089,
    "mhz": 505.20515586427393
}