{
    "mh1": 515.7238410167541,
    "mh2": 513.0015091106214,
    "mhz": 476.6032752771657
}