{
    "mh1": 534.2785904429986,
    "mh2": 533.3012332439678,
    "mhz": 534.5582488045607
}