{
    "mh1": 506.71220902297415,
    "mh2": 504.6801146141818,
    "mhz": 491.75903199767976
}