{
    "mh1": 514.5988248674714,
    "mh2": 509.7265864673363
}