{
    "mh1": 500.0703063733049,
    "mh2": 570.6158086594647
}