{
    "mh1": 524.5096940007923,
    "mh2": 528.4478459320638,
    "mhz": 521.5412831626688
}