{
    "mh1": 511.69092977416176,
    "mh2": 517.7501013511152,
    "mhz": 402.17897907973185
}