{
    "mh1": 522.3457284606444,
    "mh2": 563.9794298214664
}