{
    "mh1": 511.21686435180084,
    "mh2": 499.8367802303683,
    "mhz": 514.9530843840422
}