{
    "mh1": 510.7256774852196,
    "mh2": 516.7600851001342,
    "mhz": 600.4787185690711
}