{
    "mh1": 531.375189178798,
    "mh2": 533.8931220593273
}