{
    "mh1": 522.5041761406435,
    "mh2": 527.4202474836477,
    "mhz": 524.346437010736
}