{
    "mh1": 513.6024113288614,
    "mh2": 530.0868206505061,
    "mhz": 520.8089060050296
}