{
    "mh1": 534.9801521468336,
    "mh2": 529.3263536224042,
    "mhz": 545.4758854162753
}