{
    "mh1": 524.5306161061058,
    "mh2": 527.7421784259624,
    "mhz": 520.7806017606097
}