{
    "mh1": 525.1612473929509,
    "mh2": 528.8409675294117,
    "mhz": 522.4277757385813
}