{
    "mh1": 539.3471650129169,
    "mh2": 515.5808799865672,
    "mhz": 523.3223832302863
}