{
    "mh1": 531.8420876817103,
    "mh2": 476.0044959177758,
    "mhz": 537.3837750155973
}