{
    "mh1": 506.5010741498361,
    "mh2": 503.8630908813494,
    "mhz": 492.9286064932136
}