{
    "mh1": 517.0194340630005,
    "mh2": 514.6553904432475,
    "mhz": 549.1946753630951
}