{
    "mh1": 520.6177136120705,
    "mh2": 546.3900420958067
}