{
    "mh1": 527.8288125935039,
    "mh2": 487.4483996874295,
    "mhz": 491.317287788848
}