{
    "mh1": 512.1025815205467,
    "mh2": 517.9381798522382,
    "mhz": 598.1093669366305
}