{
    "mh1": 518.7045372289672,
    "mh2": 527.7297660917061,
    "mhz": 530.0730870205546
}