{
    "mh1": 519.3828189954055,
    "mh2": 514.5047682086735,
    "mhz": 519.7130809245394
}