{
    "mh1": 502.1526461603786,
    "mh2": 561.7626003638738,
    "mhz": 515.8200150885134
}