{
    "mh1": 521.1059998984758,
    "mh2": 525.9480865708115
}