{
    "mh1": 526.5276977237212,
    "mh2": 492.53375357377814,
    "mhz": 495.18926693675405
}