{
    "mh1": 511.14883590995106,
    "mh2": 519.283103963849,
    "mhz": 440.9946624406596
}