{
    "mh1": 520.2414373261813,
    "mh2": 512.24389471524,
    "mhz": 505.99772138238495
}