{
    "mh1": 506.3984488837484,
    "mh2": 522.1522565225216,
    "mhz": 533.8221093956108
}