{
    "mh1": 522.2283918808744,
    "mh2": 524.5212799186816,
    "mhz": 515.1778214655685
}