{
    "mh1": 516.7925254789079,
    "mh2": 514.6182091798345,
    "mhz": 481.27344856398344
}