{
    "mh1": 517.0761837088978,
    "mh2": 519.3312711282063,
    "mhz": 491.4597230909315
}