{
    "mh1": 512.8968525666296,
    "mh2": 528.1371837845371,
    "mhz": 501.04143617538176
}