{
    "mh1": 514.8000158806954,
    "mh2": 518.0031225129304,
    "mhz": 576.7792648563209
}