{
    "mh1": 524.4451294177258,
    "mh2": 495.8667961547664,
    "mhz": 497.2471780039128
}