{
    "mh1": 524.7133601196688,
    "mh2": 495.6586568566061,
    "mhz": 497.0635566687539
}