{
    "mh1": 520.7958530614045,
    "mh2": 517.5285911477814,
    "mhz": 509.63156056721164
}