{
    "mh1": 522.8015551447197,
    "mh2": 529.1948847554291,
    "mhz": 520.5091733579601
}