{
    "mh1": 512.0639993555584,
    "mh2": 518.102039922879,
    "mhz": 411.67543566241176
}