{
    "mh1": 524.9690208923172,
    "mh2": 495.76398385556746,
    "mhz": 497.2361127384202
}