{
    "mh1": 501.3000314978667,
    "mh2": 551.6591299061447
}