{
    "mh1": 512.1810440135059,
    "mh2": 517.2366400539988,
    "mhz": 508.40320142848105
}