{
    "mh1": 516.7886413444297,
    "mh2": 535.4756733510831
}