{
    "mh1": 526.6809773984909,
    "mh2": 492.96172673198043,
    "mhz": 528.7337451605058
}