{
    "mh1": 526.7388858370706,
    "mh2": 492.10549733549766,
    "mhz": 494.90003108738733
}