{
    "mh1": 527.1997080507438,
    "mh2": 487.7823337773138,
    "mhz": 532.5202499613035
}