{
    "mh1": 512.9478409569244,
    "mh2": 512.9476281760097,
    "mhz": 551.7888107914729
}