{
    "mh1": 547.1660157966332,
    "mh2": 518.383858461452,
    "mhz": 524.4831435792345
}