{
    "mh1": 547.826814297964,
    "mh2": 515.1082987633237,
    "mhz": 524.1916389599508
}