{
    "mh1": 516.2296310029576,
    "mh2": 516.585542965177,
    "mhz": 554.7926397834325
}