{
    "mh1": 509.30051088335296,
    "mh2": 536.6157268111308,
    "mhz": 576.618873152817
}