{
    "mh1": 515.9638783735131,
    "mh2": 535.5505867959977,
    "mhz": 578.0818813199719
}