{
    "mh1": 517.6917042918355,
    "mh2": 540.4856569961189,
    "mhz": 450.08124973453585
}