{
    "mh1": 513.0130350888232,
    "mh2": 517.9924687187034,
    "mhz": 596.579552286805
}