{
    "mh1": 505.98569172391143,
    "mh2": 503.5415865938965,
    "mhz": 488.82295124354465
}