{
    "mh1": 527.3228057893908,
    "mh2": 495.8432171427871,
    "mhz": 495.8681213674047
}