{
    "mh1": 523.1853782302492,
    "mh2": 545.7104927452242
}