{
    "mh1": 516.3448808326118,
    "mh2": 533.0729947733176,
    "mhz": 560.9886250308912
}