{
    "mh1": 515.6471173588061,
    "mh2": 509.2900346287033,
    "mhz": 485.7800263722119
}