{
    "mh1": 524.9947334624597,
    "mh2": 495.64095762829004,
    "mhz": 497.1662132110432
}