{
    "mh1": 511.5416819128575,
    "mh2": 519.8949351656877,
    "mhz": 422.42796702600765
}