{
    "mh1": 525.9888290755749,
    "mh2": 494.1668178538656,
    "mhz": 496.53521319146256
}