{
    "mh1": 518.0248855574401,
    "mh2": 519.5080183182049,
    "mhz": 491.5661583130588
}