{
    "mh1": 511.9178879891681,
    "mh2": 497.35555563391205
}