{
    "mh1": 518.0770813881738,
    "mh2": 524.4888443133163,
    "mhz": 493.5128866164851
}