{
    "mh1": 504.6236514210576,
    "mh2": 525.8860867033823,
    "mhz": 517.7421083377063
}