{
    "mh1": 527.7529097758629,
    "mh2": 533.859030496419,
    "mhz": 492.0995333113109
}