{
    "mh1": 514.8549862563192,
    "mh2": 512.7026879202606,
    "mhz": 477.07817922559946
}