{
    "mh1": 520.8088556784443,
    "mh2": 563.4561763189402,
    "mhz": 516.5635141699839
}