{
    "mh1": 526.728026650057,
    "mh2": 492.6085562919469,
    "mhz": 495.6071985947134
}