{
    "mh1": 523.0013763983449,
    "mh2": 493.7758161391918,
    "mhz": 495.4749940934343
}