{
    "mh1": 508.332226749509,
    "mh2": 512.4241489205566,
    "mhz": 476.95902378339844
}