{
    "mh1": 517.764259995876,
    "mh2": 518.1379516362977,
    "mhz": 478.2856765490583
}