{
    "mh1": 511.65155557295736,
    "mh2": 517.7749818469161,
    "mhz": 424.58299385468
}