{
    "mh1": 513.3109837965258,
    "mh2": 514.6606629878064,
    "mhz": 538.0053921277098
}