{
    "mh1": 515.6284309666194,
    "mh2": 512.2434599701606,
    "mhz": 478.07598895176267
}