{
    "mh1": 523.6872357848764,
    "mh2": 525.473874381461,
    "mhz": 518.2564177041321
}