{
    "mh1": 516.4137705984767,
    "mh2": 505.74811766528524,
    "mhz": 511.8554226435121
}