{
    "mh1": 521.6931781459,
    "mh2": 529.3284478337537,
    "mhz": 520.4721328980205
}