{
    "mh1": 501.8419670870367,
    "mh2": 488.0079021883521,
    "mhz": 522.7615545353751
}