{
    "mh1": 508.13997488518817,
    "mh2": 512.4027887186578,
    "mhz": 476.9975599735634
}