{
    "mh1": 519.6274926909571,
    "mh2": 536.9549240358812
}