{
    "mh1": 514.7426427029908,
    "mh2": 513.4533379240676,
    "mhz": 546.2304696781227
}