{
    "mh1": 513.4539760841399,
    "mh2": 511.38232744658404,
    "mhz": 540.5167978342421
}