{
    "mh1": 516.5784925420335,
    "mh2": 519.8008742642396,
    "mhz": 533.8783461746773
}