{
    "mh1": 511.26749294567276,
    "mh2": 496.72844857203324
}