{
    "mh1": 527.7627000806131,
    "mh2": 531.9589331634243,
    "mhz": 493.92403022457216
}