{
    "mh1": 511.9648245010075,
    "mh2": 489.7908022566284,
    "mhz": 510.91014089431934
}