{
    "mh1": 511.6866096866097,
    "mh2": 513.4382403035102,
    "mhz": 570.5673929352592
}