{
    "mh1": 525.1790213143872,
    "mh2": 525.1442613400212,
    "mhz": 519.9673745461779
}