{
    "mh1": 505.6685400642458,
    "mh2": 548.0595907127886
}