{
    "mh1": 511.7766823695137,
    "mh2": 490.286239901353
}