{
    "mh1": 510.5207707053154,
    "mh2": 512.4543158121037,
    "mhz": 473.0140318003984
}