{
    "mh1": 507.799133084312,
    "mh2": 511.5440034942127,
    "mhz": 478.78403319502075
}