{
    "mh1": 523.3258006404072,
    "mh2": 529.319056781158,
    "mhz": 520.3379085047418
}