{
    "mh1": 512.4628174483566,
    "mh2": 520.7097831877637,
    "mhz": 476.3273997592224
}