{
    "mh1": 520.3137185084361,
    "mh2": 538.3762187612929
}