{
    "mh1": 515.8709021855011,
    "mh2": 512.266018127079,
    "mhz": 548.1878011572857
}