{
    "mh1": 512.7708419277972,
    "mh2": 514.8973813565549,
    "mhz": 512.8610273495585
}