{
    "mh1": 512.9405449455473,
    "mh2": 491.90169794296776
}