{
    "mh1": 503.46251410452345,
    "mh2": 457.31455143403986,
    "mhz": 518.4599976790066
}