{
    "mh1": 525.2939110315807,
    "mh2": 512.4953604031818,
    "mhz": 497.44197230552004
}