{
    "mh1": 527.4078201483779,
    "mh2": 488.9200738392155,
    "mhz": 492.0405672786762
}