{
    "mh1": 516.2929795457031,
    "mh2": 520.4202499617182,
    "mhz": 531.8999201548777
}