{
    "mh1": 505.0901507674863,
    "mh2": 501.12100637999276,
    "mhz": 496.64381593659937
}