{
    "mh1": 527.9220749969206,
    "mh2": 492.4851730630488,
    "mhz": 494.432733524315
}