{
    "mh1": 515.1335761839414,
    "mh2": 512.1706921290581,
    "mhz": 545.5977216530629
}