{
    "mh1": 522.7976646216844,
    "mh2": 562.0286612939211,
    "mhz": 516.2475724546359
}