{
    "mh1": 522.7133424068298,
    "mh2": 524.9364401228547,
    "mhz": 514.9681352391904
}