{
    "mh1": 512.1806329419419,
    "mh2": 535.8224847411597
}