{
    "mh1": 506.08458856839496,
    "mh2": 503.48369315165456,
    "mhz": 497.5066554592108
}