{
    "mh1": 516.7213755402337,
    "mh2": 522.8241668500087,
    "mhz": 491.68568679802513
}