{
    "mh1": 511.819436785895,
    "mh2": 498.10361994989944
}