{
    "mh1": 523.9615048795271,
    "mh2": 527.7298812004343,
    "mhz": 519.6892608618506
}