{
    "mh1": 519.2292977259932,
    "mh2": 524.5375653511917
}