{
    "mh1": 509.9269042219761,
    "mh2": 513.249095013138,
    "mhz": 550.1010860659676
}