{
    "mh1": 511.99127028512,
    "mh2": 489.8947908056014,
    "mhz": 510.09938135023623
}