{
    "mh1": 508.57192903903973,
    "mh2": 512.6257533834481,
    "mhz": 477.0314802668975
}