{
    "mh1": 525.8630225776976,
    "mh2": 495.2630639192981,
    "mhz": 497.0222841858279
}