{
    "mh1": 507.2856389001496,
    "mh2": 506.11653101377965,
    "mhz": 490.014824522318
}