{
    "mh1": 530.313327233059,
    "mh2": 525.6346838548036,
    "mhz": 495.1034573858517
}