{
    "mh1": 511.6630747607255,
    "mh2": 519.1504420882063,
    "mhz": 420.28065731999436
}