{
    "mh1": 513.3243561775034,
    "mh2": 565.8664818529614,
    "mhz": 584.51594451214
}