{
    "mh1": 544.3416608096342,
    "mh2": 509.44079060090564,
    "mhz": 522.7099457656277
}