{
    "mh1": 525.6085521359315,
    "mh2": 528.6581318176881,
    "mhz": 497.5983313447532
}