{
    "mh1": 518.1538134456865,
    "mh2": 517.7110892332881,
    "mhz": 475.0988782401886
}