{
    "mh1": 511.95249001582795,
    "mh2": 490.24894479385046,
    "mhz": 510.04189130168936
}