{
    "mh1": 510.94298456392613,
    "mh2": 515.8038065584769,
    "mhz": 578.0065449462741
}