{
    "mh1": 516.2080203985323,
    "mh2": 514.2427725046964,
    "mhz": 476.3781127561267
}