{
    "mh1": 520.765754907996,
    "mh2": 515.9307750788058,
    "mhz": 516.6861697098459
}