{
    "mh1": 505.6762915767822,
    "mh2": 502.2793567846457,
    "mhz": 493.5538301280121
}