{
    "mh1": 524.8161577942438,
    "mh2": 526.4729717183573,
    "mhz": 520.7923769117716
}