{
    "mh1": 515.1076890608513,
    "mh2": 513.545780066444,
    "mhz": 476.6525184664087
}