{
    "mh1": 517.433636721468,
    "mh2": 520.4270899163157,
    "mhz": 566.4887867671009
}