{
    "mh1": 511.15010683573877,
    "mh2": 500.22451495355864,
    "mhz": 509.35789972477994
}