{
    "mh1": 528.3731517722233,
    "mh2": 535.1499577588907,
    "mhz": 532.6433386013721
}