{
    "mh1": 517.7018838035557,
    "mh2": 521.1518305852421,
    "mhz": 538.5963176591258
}