{
    "mh1": 527.9390699396889,
    "mh2": 487.6254752516453,
    "mhz": 491.2025562666093
}