{
    "mh1": 534.703775126167,
    "mh2": 518.8107745187815,
    "mhz": 531.7904079162572
}