{
    "mh1": 523.3026905626546,
    "mh2": 526.2083451084397,
    "mhz": 523.2034202882814
}