{
    "mh1": 511.5472066246554,
    "mh2": 512.3354304560366,
    "mhz": 435.35436227505585
}