{
    "mh1": 522.0922138078856,
    "mh2": 524.4275727427108,
    "mhz": 552.2763275933363
}