{
    "mh1": 511.9949541572529,
    "mh2": 489.73074258349163,
    "mhz": 510.88596128919284
}