{
    "mh1": 515.3237285193543,
    "mh2": 523.0645400834734,
    "mhz": 561.598189571062
}