{
    "mh1": 517.8336503130757,
    "mh2": 512.844399344832,
    "mhz": 512.9059659930182
}