{
    "mh1": 511.2849313342573,
    "mh2": 517.0573261220163,
    "mhz": 444.2951742111523
}