{
    "mh1": 509.97789954177256,
    "mh2": 493.22466279208857
}