{
    "mh1": 517.5829179807611,
    "mh2": 520.778914909027,
    "mhz": 532.448849831771
}