{
    "mh1": 514.9333661633705,
    "mh2": 512.1668457681342,
    "mhz": 476.6971379526856
}