{
    "mh1": 527.0036810887776,
    "mh2": 493.04554118483605,
    "mhz": 495.1791854697674
}