{
    "mh1": 523.6823478764567,
    "mh2": 495.18890743890745,
    "mhz": 527.0400454302044
}