{
    "mh1": 510.81183168299503,
    "mh2": 499.76774344847865,
    "mhz": 523.2159103043246
}