{
    "mh1": 515.3657903425578,
    "mh2": 539.78469502203,
    "mhz": 445.2967402697226
}