{
    "mh1": 524.7145606315471,
    "mh2": 495.1207324931915,
    "mhz": 497.1411421377287
}