{
    "mh1": 534.0294392810314,
    "mh2": 520.332035327903,
    "mhz": 550.7538990544026
}