{
    "mh1": 506.98526925771375,
    "mh2": 505.41706675398154,
    "mhz": 492.79917304082636
}