{
    "mh1": 512.8865233195004,
    "mh2": 491.2202257384635,
    "mhz": 509.0000118850714
}