{
    "mh1": 512.1078544603597,
    "mh2": 510.8474268244353,
    "mhz": 517.340103266326
}