{
    "mh1": 524.9273603382127,
    "mh2": 527.5414071984575,
    "mhz": 520.9057693509369
}