{
    "mh1": 503.09015164526886,
    "mh2": 523.2253734814735,
    "mhz": 520.9221887065205
}