{
    "mh1": 518.6071299882105,
    "mh2": 523.3726211133189,
    "mhz": 519.4583766254211
}