{
    "mh1": 510.6918713596607,
    "mh2": 503.7931768118681,
    "mhz": 492.5204225709432
}