{
    "mh1": 511.7936856305108,
    "mh2": 490.3024643574201
}