{
    "mh1": 573.1951974414317,
    "mh2": 528.7803233088487,
    "mhz": 587.5382411415912
}