{
    "mh1": 506.8999745437003,
    "mh2": 504.71260525144635,
    "mhz": 492.2722163674815
}