{
    "mh1": 502.2882480701388,
    "mh2": 567.4551643766229
}