{
    "mh1": 506.9363228185962,
    "mh2": 503.90570098925934,
    "mhz": 492.3640690108011
}