{
    "mh1": 517.8301355166076,
    "mh2": 519.2686438009944,
    "mhz": 491.76204169788554
}