{
    "mh1": 512.8277049573733,
    "mh2": 527.8638029308829,
    "mhz": 515.6034838506271
}