{
    "mh1": 521.7301615159107,
    "mh2": 516.7661046817748,
    "mhz": 522.2131528330474
}