{
    "mh1": 522.18343383053,
    "mh2": 521.5107279055292,
    "mhz": 513.8634975295178
}