{
    "mh1": 508.3513352723427,
    "mh2": 515.0440454469331,
    "mhz": 528.1319671751737
}