{
    "mh1": 512.7385024665443,
    "mh2": 524.1750413428944,
    "mhz": 566.7654629051603
}