{
    "mh1": 512.1097109228662,
    "mh2": 524.4103536368434,
    "mhz": 538.0872263966024
}