{
    "mh1": 517.2625175192711,
    "mh2": 518.7183211603384,
    "mhz": 491.04780483531886
}