{
    "mh1": 523.922878649995,
    "mh2": 528.4396261649468,
    "mhz": 521.7779418211148
}