{
    "mh1": 512.9058202688648,
    "mh2": 539.3074246000663,
    "mhz": 510.7018017576587
}