{
    "mh1": 501.15251587018577,
    "mh2": 454.5739288295452,
    "mhz": 519.1955268830354
}