{
    "mh1": 515.509712174742,
    "mh2": 526.601129088214,
    "mhz": 456.42149883929744
}