{
    "mh1": 511.962448978145,
    "mh2": 489.87920293361265,
    "mhz": 510.9001455077796
}