{
    "mh1": 514.792098978524,
    "mh2": 512.2280570575031,
    "mhz": 538.2896056295706
}