{
    "mh1": 510.8011076013984,
    "mh2": 496.16298023228353
}