{
    "mh1": 511.6905367832852,
    "mh2": 489.9546068963018
}