{
    "mh1": 512.4305560165685,
    "mh2": 515.7728166873395,
    "mhz": 513.7876315063085
}