{
    "mh1": 511.9089389660538,
    "mh2": 496.08361835292
}