{
    "mh1": 528.5713712150373,
    "mh2": 519.5969376299759,
    "mhz": 547.565270269773
}