{
    "mh1": 505.9284563076349,
    "mh2": 525.3522134680014,
    "mhz": 512.1721566128491
}