{
    "mh1": 527.9963911672368,
    "mh2": 534.5906422982744,
    "mhz": 532.344601127131
}