{
    "mh1": 502.253465257396,
    "mh2": 495.86304879783495,
    "mhz": 527.8950231279338
}