{
    "mh1": 512.0223127491433,
    "mh2": 516.8408964153526,
    "mhz": 595.853616192486
}