{
    "mh1": 527.6417095138345,
    "mh2": 488.1907526377326,
    "mhz": 513.4472387152977
}