{
    "mh1": 515.1324918045405,
    "mh2": 532.1447991505247,
    "mhz": 521.5552591436749
}