{
    "mh1": 512.5625069961382,
    "mh2": 518.2480428166649,
    "mhz": 573.6436058480208
}