{
    "mh1": 518.1616717243185,
    "mh2": 520.794620581908,
    "mhz": 492.4671071466549
}