{
    "mh1": 513.1825249748958,
    "mh2": 517.1233824953671,
    "mhz": 509.35512713496854
}