{
    "mh1": 525.0671328397801,
    "mh2": 495.0800494975571,
    "mhz": 497.00535512363723
}