{
    "mh1": 515.7931980204112,
    "mh2": 513.8691840993519,
    "mhz": 476.69994549929675
}