{
    "mh1": 512.4015904467144,
    "mh2": 518.5642100165434,
    "mhz": 598.9484255475588
}