{
    "mh1": 526.4095132434132,
    "mh2": 532.7914018998565,
    "mhz": 530.1156921840466
}