{
    "mh1": 541.1651898823512,
    "mh2": 530.4669931913256,
    "mhz": 528.6647593337568
}