{
    "mh1": 525.993629483224,
    "mh2": 494.52372734284614,
    "mhz": 496.8973365792518
}