{
    "mh1": 517.4497619098233,
    "mh2": 536.7891226478935,
    "mhz": 536.0321006899851
}