{
    "mh1": 517.7532215558376,
    "mh2": 538.5305636101306,
    "mhz": 452.27096819379636
}