{
    "mh1": 522.1147725020304,
    "mh2": 520.5787386312808,
    "mhz": 510.78418684605197
}