{
    "mh1": 511.9450834332332,
    "mh2": 492.9947503567335,
    "mhz": 512.0381469285157
}