{
    "mh1": 529.0244269419838,
    "mh2": 498.1483683362517,
    "mhz": 522.0768007493439
}