{
    "mh1": 519.5837221439931,
    "mh2": 512.8880556236645,
    "mhz": 517.348134110736
}