{
    "mh1": 526.9488490699032,
    "mh2": 491.3008026898212,
    "mhz": 494.01200634194157
}