{
    "mh1": 526.7389144640183,
    "mh2": 493.35294961310814,
    "mhz": 495.7240107322261
}