{
    "mh1": 528.1609460578298,
    "mh2": 486.5109106025467,
    "mhz": 534.3184524069993
}