{
    "mh1": 512.1783987770256,
    "mh2": 493.9820047102234
}