{
    "mh1": 528.973154596952,
    "mh2": 531.0713295999581,
    "mhz": 494.1499978158881
}