{
    "mh1": 508.6798699037925,
    "mh2": 504.28287130029463,
    "mhz": 494.1308135059482
}