{
    "mh1": 511.0630632676952,
    "mh2": 518.4070081945731,
    "mhz": 414.8472255710826
}