{
    "mh1": 512.3848128895947,
    "mh2": 516.8276046622265,
    "mhz": 443.9793395945922
}