{
    "mh1": 529.5158836108221,
    "mh2": 533.6814300249097,
    "mhz": 491.9491908675479
}