{
    "mh1": 512.2929132176422,
    "mh2": 512.7327664769955,
    "mhz": 567.0714927523057
}