{
    "mh1": 526.5688793161172,
    "mh2": 497.18415619489764,
    "mhz": 497.46140883422987
}