{
    "mh1": 533.9941049268684,
    "mh2": 538.5015197953801,
    "mhz": 579.2385584756828
}