{
    "mh1": 527.9214899082184,
    "mh2": 534.6977043470354,
    "mhz": 492.9983458530922
}