{
    "mh1": 523.3265041129987,
    "mh2": 545.4575578927679
}