{
    "mh1": 506.7688387293009,
    "mh2": 504.5459032367021,
    "mhz": 491.9866961874665
}