{
    "mh1": 508.64369407548963,
    "mh2": 536.4276240049419,
    "mhz": 451.13570073647213
}