{
    "mh1": 519.9382865250197,
    "mh2": 522.9826545313597,
    "mhz": 519.1901686821002
}