{
    "mh1": 519.6330439573164,
    "mh2": 546.4605704079806,
    "mhz": 584.619431095859
}