{
    "mh1": 523.9582931773621,
    "mh2": 524.3343874458004,
    "mhz": 539.8451780777361
}