{
    "mh1": 523.2039530559173,
    "mh2": 553.4575492503502
}