{
    "mh1": 519.5203947345146,
    "mh2": 523.8436682474012,
    "mhz": 518.5924131551066
}