{
    "mh1": 524.8228736801663,
    "mh2": 528.3143670289404,
    "mhz": 519.8265399960512
}