{
    "mh1": 516.2759644229251,
    "mh2": 534.1608186980617,
    "mhz": 564.5327683358128
}