{
    "mh1": 508.78960178617046,
    "mh2": 507.9296001623777,
    "mhz": 511.8207502930832
}