{
    "mh1": 516.155821075849,
    "mh2": 513.1376795816814,
    "mhz": 475.03268558062433
}