{
    "mh1": 524.0944493928694,
    "mh2": 527.1134626555652,
    "mhz": 519.8820089530117
}