{
    "mh1": 539.2543111374921,
    "mh2": 552.4623608926179,
    "mhz": 562.2098684965126
}