{
    "mh1": 516.5060463695448,
    "mh2": 525.4582507465726,
    "mhz": 562.4089835013394
}