{
    "mh1": 502.66768739652156,
    "mh2": 565.5221104896123,
    "mhz": 517.7852914786343
}