{
    "mh1": 512.1867584411347,
    "mh2": 517.8546028999281,
    "mhz": 512.0878002909762
}