{
    "mh1": 512.2353617620969,
    "mh2": 524.0107520151087,
    "mhz": 509.1186192120667
}