{
    "mh1": 512.0910422384999,
    "mh2": 516.6428283182415,
    "mhz": 536.9228502197575
}