{
    "mh1": 515.7366440998865,
    "mh2": 512.5940253118488,
    "mhz": 547.4154450490805
}