{
    "mh1": 518.8048877735711,
    "mh2": 541.007883406723,
    "mhz": 575.1908450876635
}