{
    "mh1": 522.0247555881867,
    "mh2": 525.9176827875965,
    "mhz": 518.1892398893426
}