{
    "mh1": 507.82298955293186,
    "mh2": 510.7798384135145,
    "mhz": 533.1346961259635
}