{
    "mh1": 509.0194826477409,
    "mh2": 510.17180532450345,
    "mhz": 479.2837613984859
}