{
    "mh1": 527.4576618669031,
    "mh2": 488.50136736065434,
    "mhz": 491.6117267709555
}