{
    "mh1": 513.4878587815492,
    "mh2": 524.8581252420599,
    "mhz": 567.9186154678962
}