{
    "mh1": 527.8419948550237,
    "mh2": 491.1509474538446,
    "mhz": 512.7740453183421
}