{
    "mh1": 514.2771786248654,
    "mh2": 510.5888408011159,
    "mhz": 545.6416787856754
}