{
    "mh1": 521.886492727138,
    "mh2": 562.2673505392547
}