{
    "mh1": 520.3450219522085,
    "mh2": 514.6262046497645,
    "mhz": 508.4314310132987
}