{
    "mh1": 516.3926545755669,
    "mh2": 509.7679376007984,
    "mhz": 487.0025240608451
}