{
    "mh1": 508.44866989932126,
    "mh2": 520.8925874839772,
    "mhz": 480.7377299733896
}