{
    "mh1": 512.4559270942376,
    "mh2": 518.2698250705897,
    "mhz": 600.5429323651794
}