{
    "mh1": 515.5831763647161,
    "mh2": 513.3041425292382,
    "mhz": 547.9209479325684
}