{
    "mh1": 537.4566883115747,
    "mh2": 518.3831167694951,
    "mhz": 518.323392930258
}