{
    "mh1": 553.2321676998391,
    "mh2": 524.0647094278265,
    "mhz": 529.4245334921942
}