{
    "mh1": 512.6162172934814,
    "mh2": 529.4306120486982,
    "mhz": 576.9224092132397
}