{
    "mh1": 511.7138775713008,
    "mh2": 514.4001206700739,
    "mhz": 462.7184363509888
}