{
    "mh1": 508.21633702503726,
    "mh2": 512.1881875646316,
    "mhz": 477.1671137197048
}