{
    "mh1": 513.2828901136454,
    "mh2": 530.8925003285871,
    "mhz": 462.6255934053802
}