{
    "mh1": 521.3646962077696,
    "mh2": 537.0411962230073
}