{
    "mh1": 511.61075001710446,
    "mh2": 515.9018660431939,
    "mhz": 438.36000846700057
}