{
    "mh1": 527.8511936149005,
    "mh2": 516.4226461700171,
    "mhz": 490.4510746462663
}