{
    "mh1": 514.7365265613482,
    "mh2": 512.0072036825168,
    "mhz": 549.3115846965275
}