{
    "mh1": 514.5498158205596,
    "mh2": 516.9890924277823,
    "mhz": 540.664191818498
}