{
    "mh1": 540.8016313061736,
    "mh2": 512.8221119823999,
    "mhz": 525.6751907070403
}