{
    "mh1": 514.62008834625,
    "mh2": 529.7178492045127
}