{
    "mh1": 513.3828069097543,
    "mh2": 517.4198609274252,
    "mhz": 463.1769331045798
}