{
    "mh1": 529.4859548253902,
    "mh2": 533.1056331134209,
    "mhz": 531.5724724453496
}