{
    "mh1": 524.8993295417279,
    "mh2": 495.6126656202594,
    "mhz": 497.50982362545534
}