{
    "mh1": 513.2375645541554,
    "mh2": 516.9899824561403,
    "mhz": 514.4628977310604
}