{
    "mh1": 528.9860165041827,
    "mh2": 488.88444055647415,
    "mhz": 491.1512735431082
}