{
    "mh1": 516.4571178468592,
    "mh2": 520.8277809324959,
    "mhz": 524.2980319321799
}