{
    "mh1": 506.4910172542802,
    "mh2": 504.6487794620558,
    "mhz": 492.7111246788173
}