{
    "mh1": 516.8603689004018,
    "mh2": 524.1585431717752,
    "mhz": 516.0282034421386
}