{
    "mh1": 514.4837265904704,
    "mh2": 494.0888988189331
}