{
    "mh1": 500.40316756790764,
    "mh2": 573.1873248963141
}