{
    "mh1": 526.3444096346611,
    "mh2": 493.4966511075755,
    "mhz": 495.77004506165684
}