{
    "mh1": 516.7377475506408,
    "mh2": 519.233381011339,
    "mhz": 515.765410136043
}