{
    "mh1": 523.0758547462307,
    "mh2": 524.5087306067626,
    "mhz": 518.7421882604025
}