{
    "mh1": 505.9854507809713,
    "mh2": 503.3681020326433,
    "mhz": 489.81357212552325
}