{
    "mh1": 512.4535422674925,
    "mh2": 517.5610869077971,
    "mhz": 426.4138279430563
}