{
    "mh1": 517.9758357998933,
    "mh2": 520.5998241986294,
    "mhz": 491.9870031708232
}