{
    "mh1": 515.6527194382604,
    "mh2": 525.0901597899094,
    "mhz": 546.4145695526313
}