{
    "mh1": 523.6633178073188,
    "mh2": 558.1948931212969
}