{
    "mh1": 524.7998021546271,
    "mh2": 532.5663561986692,
    "mhz": 513.6682848236121
}