{
    "mh1": 518.0146514508015,
    "mh2": 504.54641676433033,
    "mhz": 531.8831291729273
}