{
    "mh1": 522.5819916132401,
    "mh2": 522.4176760009905,
    "mhz": 513.2067625932845
}