{
    "mh1": 512.1091876661332,
    "mh2": 518.7613235921464,
    "mhz": 597.0942822319012
}