{
    "mh1": 510.60353693760123,
    "mh2": 498.913149912285,
    "mhz": 509.88466928300096
}