{
    "mh1": 516.3392045596313,
    "mh2": 538.9723113828803,
    "mhz": 541.1171111606149
}