{
    "mh1": 538.715042626573,
    "mh2": 510.23084130446944,
    "mhz": 522.4964365314524
}