{
    "mh1": 510.5718344775658,
    "mh2": 517.8557812691462,
    "mhz": 508.0869037155413
}