{
    "mh1": 503.18117876435196,
    "mh2": 567.5765729091503
}