{
    "mh1": 526.8019252258532,
    "mh2": 497.1147555052693,
    "mhz": 497.48677543371076
}