{
    "mh1": 513.240985359247,
    "mh2": 517.8640676293336,
    "mhz": 573.3817325088623
}