{
    "mh1": 517.9244627935793,
    "mh2": 521.1271335425544,
    "mhz": 531.519690473627
}