{
    "mh1": 521.0388545274174,
    "mh2": 525.4357848518111,
    "mhz": 521.2388583277822
}