{
    "mh1": 529.3983220679895,
    "mh2": 533.8862342337037,
    "mhz": 492.2014074191305
}