{
    "mh1": 524.4965470572209,
    "mh2": 530.3698449553814,
    "mhz": 522.7663901290118
}