{
    "mh1": 516.0094184169973,
    "mh2": 521.8103936128907,
    "mhz": 533.6787812887583
}