{
    "mh1": 524.031612361614,
    "mh2": 527.7372287156921,
    "mhz": 520.7238212501159
}