{
    "mh1": 518.2691733853105,
    "mh2": 544.1956739417462,
    "mhz": 585.2061156737834
}