{
    "mh1": 514.5931247142594,
    "mh2": 528.1570764988509
}