{
    "mh1": 524.0453369825043,
    "mh2": 524.8604174614229,
    "mhz": 518.8347043949217
}