{
    "mh1": 518.7298685686528,
    "mh2": 525.2560076181823,
    "mhz": 519.5279496919524
}