{
    "mh1": 528.1309946690756,
    "mh2": 494.51864503323293,
    "mhz": 495.3908002998307
}