{
    "mh1": 515.197274395038,
    "mh2": 513.6687702782742,
    "mhz": 476.0057674499869
}