{
    "mh1": 516.8952981485072,
    "mh2": 505.420694655555,
    "mhz": 490.06834553113276
}