{
    "mh1": 522.0263083416608,
    "mh2": 561.8160498466325
}