{
    "mh1": 521.6914374122829,
    "mh2": 522.0743394897439,
    "mhz": 511.75849604720923
}