{
    "mh1": 517.736083526812,
    "mh2": 543.7297520328827,
    "mhz": 577.2216035245372
}