{
    "mh1": 513.8409962992343,
    "mh2": 538.4541861771531,
    "mhz": 541.9792162436694
}