{
    "mh1": 536.6162674098621,
    "mh2": 500.6105372408803,
    "mhz": 526.2777785582826
}