{
    "mh1": 513.6063871129975,
    "mh2": 490.90073128789476,
    "mhz": 508.8473771641063
}