{
    "mh1": 514.476678473042,
    "mh2": 495.954439550675
}