{
    "mh1": 523.6195566230869,
    "mh2": 526.4203294354977,
    "mhz": 520.0304369474582
}