{
    "mh1": 517.9109104871593,
    "mh2": 520.2187524052758,
    "mhz": 491.77286188842686
}