{
    "mh1": 510.82872696010884,
    "mh2": 491.97094516631154
}