{
    "mh1": 512.6964067687694,
    "mh2": 517.061958244677,
    "mhz": 602.2805579206852
}