{
    "mh1": 514.3743535811558,
    "mh2": 519.0572569117854,
    "mhz": 602.1343816654817
}