{
    "mh1": 512.0089100711757,
    "mh2": 492.59778611324157
}