{
    "mh1": 506.4386492257697,
    "mh2": 504.9321636134705,
    "mhz": 532.7388646654208
}