{
    "mh1": 521.1682783274227,
    "mh2": 562.2163033286452,
    "mhz": 515.4895248608195
}