{
    "mh1": 516.4097818508169,
    "mh2": 539.4062894075909,
    "mhz": 580.504673406019
}