{
    "mh1": 516.39163019061,
    "mh2": 526.6276564427499,
    "mhz": 515.4838591541892
}