{
    "mh1": 521.1080023353014,
    "mh2": 525.2296998837672,
    "mhz": 519.1305492818183
}