{
    "mh1": 529.6663035927168,
    "mh2": 496.26618709663586,
    "mhz": 527.5851604880036
}