{
    "mh1": 505.95970805524075,
    "mh2": 503.57717258037155,
    "mhz": 488.8148162399366
}