{
    "mh1": 515.7816438557197,
    "mh2": 512.8612107913191,
    "mhz": 476.403171280969
}