{
    "mh1": 513.7470269199687,
    "mh2": 522.9942771446559,
    "mhz": 512.834377811916
}