{
    "mh1": 542.9875520933118,
    "mh2": 541.6434121752344,
    "mhz": 583.7374167312773
}