{
    "mh1": 521.507238001419,
    "mh2": 511.1170614706515,
    "mhz": 506.5949588557854
}