{
    "mh1": 517.4287297840721,
    "mh2": 519.2473052667283,
    "mhz": 532.2353387533875
}