{
    "mh1": 524.7104233667529,
    "mh2": 528.0387289706551,
    "mhz": 520.9228731217997
}