{
    "mh1": 521.6933328644772,
    "mh2": 518.582857152904,
    "mhz": 511.1252610924742
}