{
    "mh1": 516.9403434900946,
    "mh2": 521.0163223575516,
    "mhz": 532.5207056480297
}