{
    "mh1": 520.2675204640558,
    "mh2": 550.7128013655908,
    "mhz": 580.8395360904897
}