{
    "mh1": 513.214820416938,
    "mh2": 510.41944934475805,
    "mhz": 568.3589269777941
}