{
    "mh1": 509.0023189287144,
    "mh2": 512.6327803077697,
    "mhz": 476.9978575684975
}