{
    "mh1": 530.6053002227937,
    "mh2": 527.5709746750931,
    "mhz": 528.2845028480283
}