{
    "mh1": 527.4848172413731,
    "mh2": 534.1191849316688,
    "mhz": 531.5251214498744
}