{
    "mh1": 513.9351627929766,
    "mh2": 523.0156281443088,
    "mhz": 565.3378928564555
}