{
    "mh1": 514.813914931935,
    "mh2": 512.3285396472271,
    "mhz": 477.057380102793
}