{
    "mh1": 502.373711839979,
    "mh2": 551.3222891881976
}