{
    "mh1": 515.6584924099518,
    "mh2": 545.9061143998014,
    "mhz": 433.1206648182012
}