{
    "mh1": 515.5511057444247,
    "mh2": 510.4340783764319,
    "mhz": 484.1907040573006
}