{
    "mh1": 513.9467949335178,
    "mh2": 516.981210256841,
    "mhz": 583.4764188579147
}