{
    "mh1": 522.1001425376706,
    "mh2": 525.3374195323049,
    "mhz": 520.0791494895079
}