{
    "mh1": 527.0354200003517,
    "mh2": 490.5530556405468,
    "mhz": 493.35090390840816
}