{
    "mh1": 505.9165658395345,
    "mh2": 518.9471468605063,
    "mhz": 532.6778173846308
}