{
    "mh1": 525.9905297555227,
    "mh2": 525.845451385077,
    "mhz": 520.5529813017934
}