{
    "mh1": 511.2517535321462,
    "mh2": 540.6754676335977
}