{
    "mh1": 503.7533158976275,
    "mh2": 543.9576244904365
}