{
    "mh1": 527.468733292875,
    "mh2": 536.137844276552,
    "mhz": 491.40579416970706
}