{
    "mh1": 508.98812977455555,
    "mh2": 506.19276312660827,
    "mhz": 488.57029280965173
}