{
    "mh1": 527.6469952739391,
    "mh2": 487.7239718688032,
    "mhz": 491.3374054263293
}