{
    "mh1": 512.0921159407038,
    "mh2": 516.5506696713458,
    "mhz": 589.3008794939053
}