{
    "mh1": 517.417088658468,
    "mh2": 519.405339004227,
    "mhz": 533.1820116655774
}