{
    "mh1": 514.8405226293208,
    "mh2": 534.5029899841363,
    "mhz": 583.6755557629419
}