{
    "mh1": 521.5828600016081,
    "mh2": 521.3321100327325,
    "mhz": 514.653593264795
}