{
    "mh1": 525.0981867357434,
    "mh2": 526.951406497387,
    "mhz": 522.3544478596989
}