{
    "mh1": 527.4587890286267,
    "mh2": 490.1038714661332,
    "mhz": 531.3130794873098
}