{
    "mh1": 524.237053698138,
    "mh2": 545.8588899451213
}