{
    "mh1": 518.6677890443115,
    "mh2": 542.2538222715864,
    "mhz": 578.580426185408
}