{
    "mh1": 518.299159499812,
    "mh2": 519.2644616084353,
    "mhz": 491.6418448259391
}