{
    "mh1": 514.2805392126866,
    "mh2": 511.1614607647212,
    "mhz": 546.6704508102135
}