{
    "mh1": 520.3774385887064,
    "mh2": 550.1598516453184,
    "mhz": 438.5287973389889
}