{
    "mh1": 514.6482778336078,
    "mh2": 493.1028393546124
}