{
    "mh1": 521.8279853592649,
    "mh2": 520.0110365002326,
    "mhz": 512.6494842114103
}