{
    "mh1": 518.2274476838554,
    "mh2": 539.3648642509681
}