{
    "mh1": 503.0787534269373,
    "mh2": 546.326820457659
}