{
    "mh1": 525.2755617595606,
    "mh2": 526.2507391904165,
    "mhz": 520.9651863682261
}