{
    "mh1": 527.672575962841,
    "mh2": 493.0750409495006,
    "mhz": 528.066182718986
}