{
    "mh1": 515.7466833033791,
    "mh2": 530.196459322105,
    "mhz": 556.7725246706066
}