{
    "mh1": 511.88223092756596,
    "mh2": 490.0174199249652
}