{
    "mh1": 521.0524613773239,
    "mh2": 525.309954569174,
    "mhz": 519.5845777471869
}