{
    "mh1": 520.5759564374841,
    "mh2": 512.5158492849189,
    "mhz": 515.9563477379427
}