{
    "mh1": 513.7760845135357,
    "mh2": 537.9303567794581,
    "mhz": 582.1310009851188
}