{
    "mh1": 509.7108482474446,
    "mh2": 518.9175076361354,
    "mhz": 592.8689829231154
}