{
    "mh1": 505.9787025973594,
    "mh2": 503.3101798397537,
    "mhz": 489.7359644519086
}