{
    "mh1": 513.2116709009595,
    "mh2": 520.7815098261527,
    "mhz": 557.9733494501958
}