{
    "mh1": 504.62199860005376,
    "mh2": 519.3282473512475,
    "mhz": 532.7173876154249
}