{
    "mh1": 511.97582431008414,
    "mh2": 489.9228031995113
}