{
    "mh1": 506.85868974720063,
    "mh2": 505.3934591088818,
    "mhz": 490.298717281537
}