{
    "mh1": 527.067584199922,
    "mh2": 511.76346013257944,
    "mhz": 495.3766470893622
}