{
    "mh1": 515.4225368566568,
    "mh2": 513.4943106763797,
    "mhz": 511.9554216696823
}