{
    "mh1": 510.38507471649064,
    "mh2": 532.8122908126229,
    "mhz": 511.95989935107934
}