{
    "mh1": 536.0420812690683,
    "mh2": 527.1582281248961,
    "mhz": 526.9500455689648
}