{
    "mh1": 518.3905857846505,
    "mh2": 524.3732087610458,
    "mhz": 519.3744860208521
}