{
    "mh1": 515.8749456901268,
    "mh2": 518.5705018267274,
    "mhz": 595.2166313708384
}