{
    "mh1": 511.9371367764797,
    "mh2": 489.78622275495974
}