{
    "mh1": 505.69629233548966,
    "mh2": 555.0135370222756
}