{
    "mh1": 512.5882702422903,
    "mh2": 518.6003144972935,
    "mhz": 417.6962794040216
}