{
    "mh1": 514.177050839374,
    "mh2": 521.9126803488133,
    "mhz": 516.5135142470523
}