{
    "mh1": 520.5955051443545,
    "mh2": 568.895843432321,
    "mhz": 515.943561885392
}