{
    "mh1": 512.2784444024524,
    "mh2": 513.7336953954309,
    "mhz": 546.2596124576191
}