{
    "mh1": 524.746199634661,
    "mh2": 528.5581153646285,
    "mhz": 526.837234612141
}