{
    "mh1": 525.9977273303466,
    "mh2": 494.41409233722374,
    "mhz": 496.82576564242976
}