{
    "mh1": 520.7909509551575,
    "mh2": 568.3235556209154,
    "mhz": 516.8773300378617
}