{
    "mh1": 521.9116631627674,
    "mh2": 521.6105825542331,
    "mhz": 513.3557268452116
}