{
    "mh1": 511.8684082045611,
    "mh2": 497.621574325159
}