{
    "mh1": 521.2576112876509,
    "mh2": 519.0171915639132,
    "mhz": 508.77340367624
}