{
    "mh1": 509.24780174042,
    "mh2": 510.90313560211257,
    "mhz": 476.95447287837106
}