{
    "mh1": 540.7219710172702,
    "mh2": 515.2454151836422,
    "mhz": 525.6842441470503
}