{
    "mh1": 522.1433701715388,
    "mh2": 523.9598169270802,
    "mhz": 515.1193927605906
}