{
    "mh1": 522.1789682180779,
    "mh2": 525.1898708990038,
    "mhz": 514.6038355995883
}