{
    "mh1": 516.1857495080103,
    "mh2": 513.0479584350247,
    "mhz": 509.455591499043
}