{
    "mh1": 515.2522613997833,
    "mh2": 532.2864863161543,
    "mhz": 572.3751741788212
}