{
    "mh1": 513.9593121406476,
    "mh2": 531.8443950882208,
    "mhz": 576.5275145132746
}