{
    "mh1": 514.3614647485776,
    "mh2": 509.482709589149,
    "mhz": 543.0783040830945
}