{
    "mh1": 506.6220382604077,
    "mh2": 503.90534555207086,
    "mhz": 492.4639072587338
}