{
    "mh1": 528.4612365613025,
    "mh2": 526.2664107183462,
    "mhz": 526.2436211818042
}