{
    "mh1": 521.0579268059308,
    "mh2": 524.9870158202232,
    "mhz": 522.5501891601748
}