{
    "mh1": 511.45880768715637,
    "mh2": 513.3479261838743,
    "mhz": 514.5381059680558
}