{
    "mh1": 510.5768660940787,
    "mh2": 517.7027052053014,
    "mhz": 591.2219308467611
}