{
    "mh1": 508.847204022932,
    "mh2": 509.5493462568422,
    "mhz": 481.84873836913096
}