{
    "mh1": 518.7000314603206,
    "mh2": 549.7185080177752,
    "mhz": 591.1118740999717
}