{
    "mh1": 520.4164003287372,
    "mh2": 528.5120509961279,
    "mhz": 523.2040810950821
}