{
    "mh1": 499.9875296974447,
    "mh2": 465.3022946196453
}