{
    "mh1": 512.2647920506079,
    "mh2": 512.5597811129498,
    "mhz": 513.7290411350559
}