{
    "mh1": 524.1382623392376,
    "mh2": 527.5191812435198,
    "mhz": 521.130005708068
}