{
    "mh1": 505.29085146954816,
    "mh2": 502.25755855801015,
    "mhz": 493.5936480539153
}