{
    "mh1": 535.3559036241419,
    "mh2": 533.9421850783406,
    "mhz": 526.8208058346919
}