{
    "mh1": 521.0120899221976,
    "mh2": 516.8401421925744,
    "mhz": 510.196862267334
}