{
    "mh1": 516.8953766444454,
    "mh2": 537.1473812668644,
    "mhz": 458.19458419650783
}