{
    "mh1": 516.7876329459189,
    "mh2": 532.4794699576785,
    "mhz": 571.2133478657165
}