{
    "mh1": 523.1001849438863,
    "mh2": 544.96266236615
}