{
    "mh1": 509.84520532488955,
    "mh2": 500.0952577105411,
    "mhz": 538.2482094852953
}