{
    "mh1": 521.5975228194008,
    "mh2": 507.8401240097416,
    "mhz": 530.3425777058524
}