{
    "mh1": 511.2633730026349,
    "mh2": 500.1122556199168,
    "mhz": 514.5174596378556
}