{
    "mh1": 524.3701124016152,
    "mh2": 527.9615084975104,
    "mhz": 521.5813632595577
}