{
    "mh1": 523.9721905849947,
    "mh2": 530.4676690490918,
    "mhz": 522.1907248377889
}