{
    "mh1": 509.57807907215675,
    "mh2": 510.865771339134,
    "mhz": 475.8213197536519
}