{
    "mh1": 508.41282223873424,
    "mh2": 512.9995104655472,
    "mhz": 478.5288682431842
}