{
    "mh1": 506.399084084793,
    "mh2": 504.00732311221776,
    "mhz": 492.0736892538399
}