{
    "mh1": 508.29244141942746,
    "mh2": 511.85464212864804,
    "mhz": 547.018931243806
}