{
    "mh1": 513.0326979948068,
    "mh2": 515.7511542762327,
    "mhz": 419.661644541683
}