{
    "mh1": 527.520157735515,
    "mh2": 490.085228696484,
    "mhz": 492.79536105385034
}