{
    "mh1": 517.1599056478051,
    "mh2": 519.7091345925024,
    "mhz": 516.8496291416952
}