{
    "mh1": 510.3337363584751,
    "mh2": 503.4741592604015,
    "mhz": 509.3969156114519
}