{
    "mh1": 518.7645892975115,
    "mh2": 539.5873774614754,
    "mhz": 451.0279180808635
}