{
    "mh1": 517.8512013184145,
    "mh2": 535.8524355844518,
    "mhz": 569.8267805320545
}