{
    "mh1": 515.2996349197749,
    "mh2": 512.5084908380738,
    "mhz": 476.7847999063276
}