{
    "mh1": 534.4510196307667,
    "mh2": 526.8309027101142,
    "mhz": 553.7265580020502
}