{
    "mh1": 524.8563270608048,
    "mh2": 534.9585968081904,
    "mhz": 530.7486392944113
}