{
    "mh1": 511.49682612784096,
    "mh2": 517.5615728613652,
    "mhz": 601.2852235181233
}