{
    "mh1": 516.5638745496468,
    "mh2": 518.7668578561027,
    "mhz": 533.5147840769653
}