{
    "mh1": 492.7941705605432,
    "mh2": 520.0998666461328,
    "mhz": 711.3400289806376
}