{
    "mh1": 522.3895358522527,
    "mh2": 567.2266325762956,
    "mhz": 518.2314251896015
}