{
    "mh1": 527.6919405344071,
    "mh2": 519.855417221044,
    "mhz": 514.6219834361073
}