{
    "mh1": 507.7574713648684,
    "mh2": 509.60822730356807,
    "mhz": 481.409885774641
}