{
    "mh1": 520.7624583266353,
    "mh2": 525.8547824567535,
    "mhz": 548.0044956895197
}