{
    "mh1": 516.9140809328566,
    "mh2": 517.4979525566389,
    "mhz": 515.3929546399896
}