{
    "mh1": 505.92645896985925,
    "mh2": 523.5894068559503,
    "mhz": 515.2687402674347
}