{
    "mh1": 510.6966748910628,
    "mh2": 519.0045614661624,
    "mhz": 422.29231238185935
}