{
    "mh1": 518.933570731673,
    "mh2": 521.0314126259842,
    "mhz": 517.6521408343548
}