{
    "mh1": 528.7802860802652,
    "mh2": 534.6959692876674,
    "mhz": 491.55536509341607
}