{
    "mh1": 506.42645696972664,
    "mh2": 503.71000143266974,
    "mhz": 492.3659696099825
}