{
    "mh1": 505.9338774825644,
    "mh2": 503.6421571967414,
    "mhz": 490.70318592852453
}