{
    "mh1": 514.5063049835171,
    "mh2": 493.83189902060053
}