{
    "mh1": 506.2879372996331,
    "mh2": 504.139214469088,
    "mhz": 492.58652659119286
}