{
    "mh1": 516.0006359521379,
    "mh2": 492.0962120928841,
    "mhz": 564.0007656586089
}