{
    "mh1": 511.25750378661485,
    "mh2": 519.4848642605081,
    "mhz": 611.316614869126
}