{
    "mh1": 526.4931700564072,
    "mh2": 498.25344996263453,
    "mhz": 506.36088403050144
}