{
    "mh1": 516.3996542983468,
    "mh2": 531.6474434193607,
    "mhz": 464.696577976156
}