{
    "mh1": 526.793845517943,
    "mh2": 493.09261944842376,
    "mhz": 495.65303476453
}