{
    "mh1": 516.122351600488,
    "mh2": 520.2064341008041,
    "mhz": 517.6455931163581
}