{
    "mh1": 531.498671247765,
    "mh2": 494.33105758376746,
    "mhz": 520.7937506792359
}