{
    "mh1": 513.7673099347628,
    "mh2": 518.720624771296,
    "mhz": 592.7311382529467
}