{
    "mh1": 516.0492491117541,
    "mh2": 512.9564484019786,
    "mhz": 475.4736200139189
}