{
    "mh1": 514.5101934893084,
    "mh2": 522.4945632608551,
    "mhz": 537.0904156509126
}