{
    "mh1": 512.2002749591302,
    "mh2": 516.6492471528934,
    "mhz": 504.84392596259664
}