{
    "mh1": 517.6732600805847,
    "mh2": 523.1079810515319,
    "mhz": 531.621288551306
}