{
    "mh1": 506.91839351643404,
    "mh2": 575.1407890874184
}