{
    "mh1": 509.0225866087935,
    "mh2": 527.1663428000252,
    "mhz": 466.0737972175335
}