{
    "mh1": 513.3981558333086,
    "mh2": 518.968679342869,
    "mhz": 599.6980203036816
}