{
    "mh1": 526.031792770156,
    "mh2": 495.7990385348134,
    "mhz": 497.0384416728055
}