{
    "mh1": 507.2707985401281,
    "mh2": 517.7301842677294,
    "mhz": 489.8911498482072
}