{
    "mh1": 523.4499592610337,
    "mh2": 570.6693249034415,
    "mhz": 519.6769595784225
}