{
    "mh1": 505.6369164299014,
    "mh2": 503.15461015313065,
    "mhz": 492.9258537184572
}