{
    "mh1": 525.0286819980694,
    "mh2": 495.72818801352463,
    "mhz": 497.1357959373166
}