{
    "mh1": 526.9496570385753,
    "mh2": 496.0276484243352,
    "mhz": 497.0558546621591
}