{
    "mh1": 507.2064566400872,
    "mh2": 506.2745225133305,
    "mhz": 489.5312489080528
}