{
    "mh1": 517.067505243296,
    "mh2": 515.9625813895987,
    "mhz": 489.19920701585795
}