{
    "mh1": 513.6743088888229,
    "mh2": 518.3256789200183,
    "mhz": 600.5437753796907
}