{
    "mh1": 525.1327831362294,
    "mh2": 495.6220961523191,
    "mhz": 497.2272854001899
}