{
    "mh1": 525.1785784245385,
    "mh2": 528.2536968633798,
    "mhz": 522.144985230437
}