{
    "mh1": 520.0745431248124,
    "mh2": 532.338370937095
}