{
    "mh1": 528.0949272475411,
    "mh2": 485.8519861928578,
    "mhz": 534.1904485215252
}