{
    "mh1": 522.1995490618557,
    "mh2": 557.2343048584612,
    "mhz": 515.2319988425244
}