{
    "mh1": 526.6096007291592,
    "mh2": 534.3363046969168,
    "mhz": 514.9957451324315
}