{
    "mh1": 512.0930997644575,
    "mh2": 528.3132375993225,
    "mhz": 564.5263278642041
}