{
    "mh1": 505.69998985826044,
    "mh2": 536.6113242453068
}