{
    "mh1": 527.9853037457787,
    "mh2": 488.84948239168403,
    "mhz": 491.76021036181805
}