{
    "mh1": 520.1026609971641,
    "mh2": 550.3479932834853,
    "mhz": 498.55205267927096
}