{
    "mh1": 526.3283774050828,
    "mh2": 526.527506945159,
    "mhz": 520.9131289227287
}