{
    "mh1": 508.69938434880197,
    "mh2": 520.5533517325108,
    "mhz": 457.3565437100138
}