{
    "mh1": 507.1164109412139,
    "mh2": 513.9260329211736,
    "mhz": 479.01221870156286
}