{
    "mh1": 522.8298413153019,
    "mh2": 533.436820474634,
    "mhz": 525.0258821297132
}