{
    "mh1": 509.7286641104046,
    "mh2": 499.9017355886683,
    "mhz": 485.7760531478148
}