{
    "mh1": 512.0095786746064,
    "mh2": 493.01340902776684
}