{
    "mh1": 523.1798392990136,
    "mh2": 570.5748766595455,
    "mhz": 519.0335752922213
}