{
    "mh1": 514.7303389690895,
    "mh2": 495.5443448390687
}