{
    "mh1": 512.5981302549619,
    "mh2": 510.6056260292555,
    "mhz": 455.82627376780124
}