{
    "mh1": 522.8759308221275,
    "mh2": 525.5200472174989,
    "mhz": 518.2413150982492
}