{
    "mh1": 523.8747650192595,
    "mh2": 554.5933091909952
}