{
    "mh1": 513.0261858470436,
    "mh2": 522.8340407909722,
    "mhz": 512.7344519769254
}