{
    "mh1": 508.7320198050125,
    "mh2": 507.6425493716338,
    "mhz": 487.0150174252825
}