{
    "mh1": 522.5780930288829,
    "mh2": 535.4325312844646,
    "mhz": 525.869183212585
}