{
    "mh1": 513.4591435519403,
    "mh2": 516.0827553516652,
    "mhz": 580.1878240623871
}