{
    "mh1": 514.3983808534651,
    "mh2": 513.5751390195576,
    "mhz": 512.7600115792809
}