{
    "mh1": 517.4544853288542,
    "mh2": 536.9489496850281
}