{
    "mh1": 526.6361755089125,
    "mh2": 492.2602664292406,
    "mhz": 494.993974035181
}