{
    "mh1": 514.5694984983462,
    "mh2": 494.0300265526663
}