{
    "mh1": 512.1082834932932,
    "mh2": 526.7971514331939,
    "mhz": 542.448300502293
}