{
    "mh1": 506.0901578368872,
    "mh2": 548.2295054578836,
    "mhz": 434.90567988773176
}