{
    "mh1": 512.1823158851232,
    "mh2": 520.7542962982378,
    "mhz": 554.0669583189924
}