{
    "mh1": 505.0297668883518,
    "mh2": 502.0536221734269,
    "mhz": 495.9036240164149
}