{
    "mh1": 510.5835172749392,
    "mh2": 519.2086766443405,
    "mhz": 419.08727997524085
}