{
    "mh1": 527.9220012864614,
    "mh2": 493.37667601793345,
    "mhz": 494.9742237137638
}