{
    "mh1": 506.71846521015595,
    "mh2": 504.41824472310435,
    "mhz": 492.25896024507733
}