{
    "mh1": 520.7752197168988,
    "mh2": 512.1345187177951,
    "mhz": 511.59805029100266
}