{
    "mh1": 506.61170063831975,
    "mh2": 504.4132501169566,
    "mhz": 491.7044765857306
}