{
    "mh1": 512.6787758292372,
    "mh2": 494.50464091489323
}