{
    "mh1": 513.6061539335436,
    "mh2": 529.5226668796762,
    "mhz": 573.0902492793548
}