{
    "mh1": 514.5767985646075,
    "mh2": 513.9875538317741,
    "mhz": 513.3588703407671
}