{
    "mh1": 514.6843557746085,
    "mh2": 492.81605601357694
}