{
    "mh1": 520.5699532421024,
    "mh2": 551.542818923385,
    "mhz": 581.6464849760793
}