{
    "mh1": 526.5166133214063,
    "mh2": 494.2657380165347,
    "mhz": 496.06539278650945
}