{
    "mh1": 520.1654034349153,
    "mh2": 553.5583007978272,
    "mhz": 582.2023603652158
}