{
    "mh1": 522.6930558820125,
    "mh2": 546.4643437231412,
    "mhz": 569.8732344707096
}