{
    "mh1": 524.4638665929559,
    "mh2": 530.2263577581682,
    "mhz": 522.2982209680495
}