{
    "mh1": 528.9728109845802,
    "mh2": 529.9835530189711,
    "mhz": 536.7184267120207
}