{
    "mh1": 511.9764499833284,
    "mh2": 532.4920716314296
}