{
    "mh1": 512.642908546846,
    "mh2": 494.8713063072669
}