{
    "mh1": 523.3067343496276,
    "mh2": 526.8811344459882,
    "mhz": 530.9519518468618
}