{
    "mh1": 526.0990454857574,
    "mh2": 494.82997050683514,
    "mhz": 496.85852016997006
}