{
    "mh1": 525.175623946258,
    "mh2": 567.3064712552701
}