{
    "mh1": 512.4435863693637,
    "mh2": 491.44016546575256
}