{
    "mh1": 519.8962082649654,
    "mh2": 522.5451865546454,
    "mhz": 518.2503730756462
}