{
    "mh1": 501.1594084258215,
    "mh2": 469.78665271988484
}