{
    "mh1": 526.9161986221508,
    "mh2": 491.150200885755,
    "mhz": 494.02146240817706
}