{
    "mh1": 523.5754436808403,
    "mh2": 517.0598855838845,
    "mhz": 557.4025259260037
}