{
    "mh1": 515.0579256820814,
    "mh2": 521.8330551093472,
    "mhz": 532.9214525679251
}