{
    "mh1": 514.1480170144945,
    "mh2": 518.5044336094509,
    "mhz": 597.9364178113312
}