{
    "mh1": 508.9751660112404,
    "mh2": 504.6764250112247,
    "mhz": 494.1966390870784
}