{
    "mh1": 514.0397136612826,
    "mh2": 530.5024645194931,
    "mhz": 453.7619200923828
}