{
    "mh1": 518.3651163810108,
    "mh2": 518.364179345272,
    "mhz": 520.0017826530504
}