{
    "mh1": 506.38070562623403,
    "mh2": 541.2166005273532,
    "mhz": 448.7861942911986
}