{
    "mh1": 516.9984089671939,
    "mh2": 523.3485243101137,
    "mhz": 535.4474686036845
}