{
    "mh1": 514.9165323466599,
    "mh2": 527.8947147319224,
    "mhz": 464.88929311462965
}