{
    "mh1": 511.5999682328382,
    "mh2": 494.78173887831383
}