{
    "mh1": 536.8464298202672,
    "mh2": 543.7332907929126,
    "mhz": 570.7930856038952
}