{
    "mh1": 524.5301448210726,
    "mh2": 549.8320101863949
}