{
    "mh1": 525.8179837058613,
    "mh2": 495.42186944820673,
    "mhz": 526.430481038844
}