{
    "mh1": 516.7943565880624,
    "mh2": 539.2886902002494,
    "mhz": 453.2477923786333
}