{
    "mh1": 516.4785937672275,
    "mh2": 543.6969034060083,
    "mhz": 434.0713583211124
}