{
    "mh1": 517.3489126957908,
    "mh2": 522.1917766556022,
    "mhz": 491.90060269394405
}