{
    "mh1": 512.4307257321107,
    "mh2": 517.6760961109735,
    "mhz": 598.4212943795096
}