{
    "mh1": 516.8455620660482,
    "mh2": 519.0736691774273,
    "mhz": 533.4862927374145
}