{
    "mh1": 516.4421845155111,
    "mh2": 524.7202895682626,
    "mhz": 532.1596365743849
}