{
    "mh1": 505.59998074697944,
    "mh2": 544.6518400652333,
    "mhz": 583.307555246846
}