{
    "mh1": 523.7031041643684,
    "mh2": 559.1020743129334
}