{
    "mh1": 526.2881676160397,
    "mh2": 492.2772016524731,
    "mhz": 494.88708119635527
}