{
    "mh1": 513.38182810502,
    "mh2": 493.02298231282043
}