{
    "mh1": 512.4800128040274,
    "mh2": 517.1839187077929,
    "mhz": 555.5289940591683
}