{
    "mh1": 501.2670633048523,
    "mh2": 487.9892488712451,
    "mhz": 525.939724658269
}