{
    "mh1": 512.269470128345,
    "mh2": 519.0332204901069,
    "mhz": 515.4099348489929
}