{
    "mh1": 512.2007334980536,
    "mh2": 490.5309139737638,
    "mhz": 509.4846320761524
}