{
    "mh1": 516.728782007247,
    "mh2": 514.8115426767557,
    "mhz": 546.1029050357449
}