{
    "mh1": 501.8943042484704,
    "mh2": 482.8733255872731
}