{
    "mh1": 509.06769434769603,
    "mh2": 504.67528993532113,
    "mhz": 494.14046893530974
}