{
    "mh1": 528.5755186485987,
    "mh2": 492.6853867115749,
    "mhz": 493.95616953771327
}