{
    "mh1": 517.1073111846315,
    "mh2": 521.006470066892,
    "mhz": 532.4349165853096
}