{
    "mh1": 516.6127939816329,
    "mh2": 514.0425700481725,
    "mhz": 474.7897995455068
}