{
    "mh1": 525.3436976172062,
    "mh2": 495.8638793382501,
    "mhz": 497.21340334619975
}