{
    "mh1": 511.9481989003642,
    "mh2": 489.716913023576
}