{
    "mh1": 508.93893268262593,
    "mh2": 510.5613129244172,
    "mhz": 478.53390420899854
}