{
    "mh1": 523.2538438537683,
    "mh2": 527.6863634138153,
    "mhz": 520.612938197689
}