{
    "mh1": 515.0398171479696,
    "mh2": 519.9038266968855,
    "mhz": 535.3393281202219
}