{
    "mh1": 526.1887489777516,
    "mh2": 495.58092012833146,
    "mhz": 497.0462615417951
}