{
    "mh1": 527.1368507799001,
    "mh2": 490.4469308661094,
    "mhz": 493.2236487737297
}