{
    "mh1": 514.8560394383555,
    "mh2": 552.5488376932328,
    "mhz": 511.33156207812414
}