{
    "mh1": 500.5303252486867,
    "mh2": 571.7010445469197
}