{
    "mh1": 514.5314875914503,
    "mh2": 493.3175887730789
}