{
    "mh1": 517.8622400008392,
    "mh2": 519.9174331655515,
    "mhz": 517.2149955417242
}