{
    "mh1": 511.88290677582626,
    "mh2": 490.03506816383083
}