{
    "mh1": 514.7320410210796,
    "mh2": 493.32693998045926
}