{
    "mh1": 520.4884064508458,
    "mh2": 552.3833939436324,
    "mhz": 582.336040967685
}