{
    "mh1": 521.0072580659286,
    "mh2": 513.8777512921243,
    "mhz": 516.0549043097817
}