{
    "mh1": 506.80704146563176,
    "mh2": 504.3385846868155,
    "mhz": 492.08921850553713
}