{
    "mh1": 517.5249161439767,
    "mh2": 519.4007512124474,
    "mhz": 491.8679023513966
}