{
    "mh1": 518.9230915713799,
    "mh2": 549.4103605634,
    "mhz": 443.0585431814926
}