{
    "mh1": 536.8646416037295,
    "mh2": 524.7571474534957,
    "mhz": 529.461730001189
}