{
    "mh1": 522.2868815419375,
    "mh2": 511.50186653878785,
    "mhz": 525.8610706367972
}