{
    "mh1": 517.0969479831562,
    "mh2": 508.35171280464107,
    "mhz": 511.0288723971365
}