{
    "mh1": 514.5186371979021,
    "mh2": 518.3845748390152,
    "mhz": 585.0304162468749
}