{
    "mh1": 528.019454000161,
    "mh2": 490.2081095079282,
    "mhz": 492.4669205007157
}