{
    "mh1": 515.9443978492267,
    "mh2": 491.81991383208214,
    "mhz": 564.4222538263579
}