{
    "mh1": 520.3408158950857,
    "mh2": 514.7111293591446,
    "mhz": 506.3932996715354
}