{
    "mh1": 508.95670218752076,
    "mh2": 505.929462031123,
    "mhz": 489.91071512825755
}