{
    "mh1": 512.064679200736,
    "mh2": 518.2181919791361,
    "mhz": 422.78476796539866
}