{
    "mh1": 507.91945674762275,
    "mh2": 539.5303167040211
}