{
    "mh1": 526.5366686730467,
    "mh2": 492.8307128750603,
    "mhz": 495.2073572282087
}