{
    "mh1": 527.9291708032592,
    "mh2": 488.2656537324967,
    "mhz": 491.6364223413161
}