{
    "mh1": 525.7795677469884,
    "mh2": 495.70117611079723,
    "mhz": 497.43968970275614
}