{
    "mh1": 515.3887137117631,
    "mh2": 544.770790672628,
    "mhz": 569.9489680239767
}