{
    "mh1": 506.5017786209214,
    "mh2": 519.7684316076934,
    "mhz": 532.2978042724494
}