{
    "mh1": 511.9525279916025,
    "mh2": 491.9249230650802
}