{
    "mh1": 523.7055918645837,
    "mh2": 525.1953702397743,
    "mhz": 518.7824048771715
}