{
    "mh1": 512.3704861728165,
    "mh2": 516.6835780923926,
    "mhz": 587.0073971368647
}