{
    "mh1": 515.9925230437341,
    "mh2": 502.22207281029824,
    "mhz": 490.83751098691374
}