{
    "mh1": 523.6731914798022,
    "mh2": 567.1232567935673,
    "mhz": 519.0226678372798
}