{
    "mh1": 508.8542287565238,
    "mh2": 506.2874785309766,
    "mhz": 488.5279936336368
}