{
    "mh1": 513.2787000848385,
    "mh2": 492.64095048011643,
    "mhz": 509.2215269267861
}