{
    "mh1": 519.0223772936233,
    "mh2": 518.0055641383121,
    "mhz": 550.1306549343917
}