{
    "mh1": 520.3403701977168,
    "mh2": 517.2939413589443,
    "mhz": 534.0569392211361
}