{
    "mh1": 510.65325694181973,
    "mh2": 497.1217752518072
}