{
    "mh1": 508.00299388115707,
    "mh2": 512.2714544380477,
    "mhz": 539.8283205545196
}