{
    "mh1": 513.5170393625743,
    "mh2": 523.828415647125,
    "mhz": 533.830660657452
}