{
    "mh1": 527.9583024548816,
    "mh2": 488.03504749016366,
    "mhz": 491.3129250239419
}