{
    "mh1": 510.98327312440745,
    "mh2": 500.15021772231154,
    "mhz": 509.43123813860336
}