{
    "mh1": 526.2404348443158,
    "mh2": 533.6702454441745,
    "mhz": 544.2760392116678
}