{
    "mh1": 508.80448757712423,
    "mh2": 508.01394570244855,
    "mhz": 485.1488246364175
}