{
    "mh1": 526.5972245531593,
    "mh2": 493.8580162093368,
    "mhz": 527.9643016354466
}