{
    "mh1": 507.0321505261742,
    "mh2": 503.92845449192714,
    "mhz": 492.4385622833501
}