{
    "mh1": 524.8445218481626,
    "mh2": 527.7759119485842,
    "mhz": 521.0640997352162
}