{
    "mh1": 514.5118841544607,
    "mh2": 493.90173540009494
}