{
    "mh1": 526.2692366984563,
    "mh2": 491.54114586526754,
    "mhz": 494.3281327736863
}