{
    "mh1": 519.9610143448167,
    "mh2": 553.3976729966911,
    "mhz": 583.0331507804942
}