{
    "mh1": 509.990011053847,
    "mh2": 503.11980398783373,
    "mhz": 509.1226645776303
}