{
    "mh1": 516.9898846615596,
    "mh2": 521.8246585033819,
    "mhz": 532.0612390373406
}