{
    "mh1": 513.8813835756764,
    "mh2": 516.9522332798998,
    "mhz": 580.1895664425635
}