{
    "mh1": 514.5672130975696,
    "mh2": 493.4833393900428
}