{
    "mh1": 522.9753874552937,
    "mh2": 569.5878381803593
}