{
    "mh1": 502.2126665112766,
    "mh2": 525.5900908716493,
    "mhz": 530.3333654626357
}