{
    "mh1": 518.411391483929,
    "mh2": 522.284129211931,
    "mhz": 530.0086233230893
}