{
    "mh1": 511.64420990715564,
    "mh2": 494.5454308507828
}