{
    "mh1": 524.3641274674507,
    "mh2": 528.024882752345,
    "mhz": 520.4655554388912
}