{
    "mh1": 508.12083237926015,
    "mh2": 513.4436748847339,
    "mhz": 476.0809485951691
}