{
    "mh1": 523.2657169781303,
    "mh2": 524.6844978967575,
    "mhz": 519.824184834869
}