{
    "mh1": 523.4503133168619,
    "mh2": 555.428803408857
}