{
    "mh1": 522.2439353573412,
    "mh2": 494.17249778137057,
    "mhz": 526.1153916448168
}