{
    "mh1": 512.5395479534026,
    "mh2": 529.1188343670991,
    "mhz": 520.9888211168735
}