{
    "mh1": 518.9314835678224,
    "mh2": 518.8893578824556,
    "mhz": 428.6597849966652
}