{
    "mh1": 526.1785688116418,
    "mh2": 568.1054140448255
}