{
    "mh1": 514.8872356580034,
    "mh2": 531.9090040476478,
    "mhz": 510.43792401628224
}