{
    "mh1": 511.9671392628859,
    "mh2": 496.9397939234816
}