{
    "mh1": 521.1751142167024,
    "mh2": 515.7293934028828,
    "mhz": 509.80718223160574
}