{
    "mh1": 507.8841606045347,
    "mh2": 516.7902348262865,
    "mhz": 493.85410911818013
}