{
    "mh1": 514.9513633838058,
    "mh2": 513.0174411087387,
    "mhz": 476.69105719467575
}