{
    "mh1": 517.4657280679926,
    "mh2": 530.769311638399
}