{
    "mh1": 526.0237825654112,
    "mh2": 495.1617456322387,
    "mhz": 497.06376370621723
}