{
    "mh1": 551.5087840719224,
    "mh2": 513.3038755625464,
    "mhz": 521.193680427993
}