{
    "mh1": 516.0435195806558,
    "mh2": 536.5844808471205,
    "mhz": 510.6481343027452
}