{
    "mh1": 507.79282043374576,
    "mh2": 511.14045284420644,
    "mhz": 479.2303646023157
}