{
    "mh1": 527.123467006534,
    "mh2": 489.28159925038506,
    "mhz": 531.9891309615913
}