{
    "mh1": 511.95758163425756,
    "mh2": 559.6575592335835
}