{
    "mh1": 522.9029144864269,
    "mh2": 561.2116155932849,
    "mhz": 517.7078849098865
}