{
    "mh1": 511.9797623680777,
    "mh2": 492.94041405154866
}