{
    "mh1": 517.1506023569654,
    "mh2": 544.5978613085714,
    "mhz": 579.7200374924805
}