{
    "mh1": 517.9967228151809,
    "mh2": 549.1682525791946,
    "mhz": 588.108327257074
}