{
    "mh1": 510.90150363304633,
    "mh2": 528.4307729549782
}