{
    "mh1": 513.793883447994,
    "mh2": 513.3973550427141,
    "mhz": 513.5906823009839
}