{
    "mh1": 520.6396572238623,
    "mh2": 555.9675652664404,
    "mhz": 438.6925740825092
}