{
    "mh1": 520.7793972515424,
    "mh2": 553.9466380794923,
    "mhz": 441.9007654183726
}