{
    "mh1": 512.5790969287592,
    "mh2": 525.4053814842338,
    "mhz": 611.8861234042081
}