{
    "mh1": 521.181461524744,
    "mh2": 527.7827738732124,
    "mhz": 520.799484247701
}