{
    "mh1": 511.83001273775807,
    "mh2": 516.9149958883715,
    "mhz": 432.16683387556793
}