{
    "mh1": 512.1454975988127,
    "mh2": 515.224964866194,
    "mhz": 448.76362618130906
}