{
    "mh1": 513.6204132231405,
    "mh2": 512.8942814591115,
    "mhz": 493.3619887411324
}