{
    "mh1": 527.1919957153169,
    "mh2": 490.9408079980905,
    "mhz": 493.44372558570063
}