{
    "mh1": 523.6239472695007,
    "mh2": 494.2921949633194,
    "mhz": 496.7139325445877
}