{
    "mh1": 518.3284359007897,
    "mh2": 512.7844933294094,
    "mhz": 532.1123339239622
}