{
    "mh1": 516.0482324048908,
    "mh2": 541.7855343680244
}