{
    "mh1": 511.43227524769196,
    "mh2": 516.3207343716468,
    "mhz": 437.2159064722511
}