{
    "mh1": 517.3771615623614,
    "mh2": 525.0812071659387,
    "mhz": 493.27114118686274
}