{
    "mh1": 506.9103666127934,
    "mh2": 504.5841005795934,
    "mhz": 492.34847609342006
}