{
    "mh1": 515.2269618474669,
    "mh2": 512.4373132027345,
    "mhz": 512.6676488725071
}