{
    "mh1": 511.20644377855626,
    "mh2": 491.11923968669134
}