{
    "mh1": 512.1222496339884,
    "mh2": 516.5348785646664,
    "mhz": 590.2273971831382
}