{
    "mh1": 513.3747463021315,
    "mh2": 531.9281926445387,
    "mhz": 508.87602561773974
}