{
    "mh1": 524.0198337529193,
    "mh2": 573.4564471825254
}