{
    "mh1": 515.4199295974076,
    "mh2": 516.7778470780955,
    "mhz": 553.826802760578
}