{
    "mh1": 517.4743788657092,
    "mh2": 534.2910914685178,
    "mhz": 448.1421497970686
}