{
    "mh1": 508.6784032227111,
    "mh2": 536.7960160723467,
    "mhz": 447.89539709173243
}