{
    "mh1": 517.1670057362178,
    "mh2": 550.5490421221218,
    "mhz": 514.8448340934109
}