{
    "mh1": 511.20951594189444,
    "mh2": 518.5650985007685,
    "mhz": 419.0913828086857
}