{
    "mh1": 513.3705382276771,
    "mh2": 518.5943584113613,
    "mhz": 514.5078115378526
}