{
    "mh1": 522.374069947982,
    "mh2": 504.7202262428356
}