{
    "mh1": 508.7576094597572,
    "mh2": 504.61140391986794,
    "mhz": 494.17181598164575
}