{
    "mh1": 523.7768502753418,
    "mh2": 525.1885992017625,
    "mhz": 529.0524441958919
}