{
    "mh1": 507.87731339036407,
    "mh2": 502.84296463867713,
    "mhz": 499.64233834968894
}