{
    "mh1": 522.2342034322932,
    "mh2": 521.5856352432882,
    "mhz": 512.651150804882
}