{
    "mh1": 513.3764603188121,
    "mh2": 517.0628532166912,
    "mhz": 582.045107484947
}