{
    "mh1": 515.3731226593568,
    "mh2": 533.0943293811306
}