{
    "mh1": 515.1209243402861,
    "mh2": 534.8395350771256,
    "mhz": 510.8036706859956
}