{
    "mh1": 511.2560340312416,
    "mh2": 495.882659603027
}