{
    "mh1": 522.5571189387024,
    "mh2": 542.872641249246
}