{
    "mh1": 507.99430611075394,
    "mh2": 511.6595121286454,
    "mhz": 545.7071274448997
}