{
    "mh1": 510.42746770450896,
    "mh2": 500.9795045175109,
    "mhz": 508.9372151951897
}