{
    "mh1": 516.4700979033896,
    "mh2": 505.924024844897,
    "mhz": 489.69448771347123
}