{
    "mh1": 528.0521571525621,
    "mh2": 536.4251688438912,
    "mhz": 490.9098257188855
}