{
    "mh1": 527.5064169956865,
    "mh2": 526.758851554175,
    "mhz": 539.7311141516255
}