{
    "mh1": 546.0571762694622,
    "mh2": 517.6858941303767,
    "mhz": 525.9958466839023
}