{
    "mh1": 516.7970726797422,
    "mh2": 527.3565804372746,
    "mhz": 561.2109275752825
}