{
    "mh1": 518.0404839606704,
    "mh2": 521.0249432035804,
    "mhz": 531.8984939985554
}