{
    "mh1": 524.4804905530848,
    "mh2": 565.8390213777432
}