{
    "mh1": 515.5268248934451,
    "mh2": 516.8499708053187,
    "mhz": 559.0219386033763
}