{
    "mh1": 522.3279177404934,
    "mh2": 531.3420188587627,
    "mhz": 522.1839344814047
}