{
    "mh1": 510.892749660902,
    "mh2": 528.878057008225
}