{
    "mh1": 525.3132610461923,
    "mh2": 564.2025827265898
}