{
    "mh1": 505.7003650719158,
    "mh2": 503.70081292239007,
    "mhz": 492.2478283948578
}