{
    "mh1": 511.88567580554087,
    "mh2": 496.93184014253825
}