{
    "mh1": 510.400461998845,
    "mh2": 516.2746007581968,
    "mhz": 433.80460663927823
}