{
    "mh1": 518.7150478366002,
    "mh2": 522.7063972139038
}